order_id,transaction_date,item_id,item_name,category,price_kes
1,2025-05-06,F04,Chicken Wings,Fast Food,500
1,2025-05-06,F15,Ice Cream,Dessert,250
2,2025-04-22,F13,Chapati,Local,50
3,2025-06-02,F10,Chicken Biryani,Indian,550
3,2025-06-02,F11,Raita,Indian,100
3,2025-06-02,F12,Naan Bread,Indian,80
4,2025-06-02,F07,California Roll Sushi,Japanese,700
5,2025-01-24,F12,Naan Bread,Indian,80
5,2025-01-24,F14,Chocolate Cake,Dessert,300
6,2025-03-15,F05,Margherita Pizza,Italian,900
6,2025-03-15,F06,Garlic Bread,Italian,250
7,2025-04-29,F05,Margherita Pizza,Italian,900
7,2025-04-29,F06,Garlic Bread,Italian,250
8,2025-02-07,F12,Naan Bread,Indian,80
9,2025-06-22,F10,Chicken Biryani,Indian,550
9,2025-06-22,F11,Raita,Indian,100
9,2025-06-22,F12,Naan Bread,Indian,80
10,2025-03-22,F01,Beef Burger,Fast Food,450
10,2025-03-22,F15,Ice Cream,Dessert,250
11,2025-02-18,F04,Chicken Wings,Fast Food,500
11,2025-02-18,F05,Margherita Pizza,Italian,900
11,2025-02-18,F06,Garlic Bread,Italian,250
11,2025-02-18,F11,Raita,Indian,100
12,2025-04-05,F01,Beef Burger,Fast Food,450
12,2025-04-05,F02,French Fries,Fast Food,200
12,2025-04-05,F14,Chocolate Cake,Dessert,300
13,2025-01-29,F12,Naan Bread,Indian,80
13,2025-01-29,F15,Ice Cream,Dessert,250
13,2025-01-29,F03,Soda,Beverages,100
14,2025-02-07,F13,Chapati,Local,50
14,2025-02-07,F06,Garlic Bread,Italian,250
15,2025-04-23,F04,Chicken Wings,Fast Food,500
15,2025-04-23,F02,French Fries,Fast Food,200
15,2025-04-23,F15,Ice Cream,Dessert,250
16,2025-04-29,F05,Margherita Pizza,Italian,900
16,2025-04-29,F06,Garlic Bread,Italian,250
17,2025-01-16,F05,Margherita Pizza,Italian,900
17,2025-01-16,F06,Garlic Bread,Italian,250
17,2025-01-16,F03,Soda,Beverages,100
18,2025-03-16,F01,Beef Burger,Fast Food,450
18,2025-03-16,F02,French Fries,Fast Food,200
18,2025-03-16,F03,Soda,Beverages,100
19,2025-06-03,F09,Green Tea,Beverages,100
20,2025-03-17,F01,Beef Burger,Fast Food,450
20,2025-03-17,F04,Chicken Wings,Fast Food,500
20,2025-03-17,F05,Margherita Pizza,Italian,900
20,2025-03-17,F09,Green Tea,Beverages,100
21,2025-05-15,F05,Margherita Pizza,Italian,900
21,2025-05-15,F06,Garlic Bread,Italian,250
21,2025-05-15,F14,Chocolate Cake,Dessert,300
22,2025-03-17,F05,Margherita Pizza,Italian,900
23,2025-03-18,F01,Beef Burger,Fast Food,450
23,2025-03-18,F02,French Fries,Fast Food,200
24,2025-06-13,F04,Chicken Wings,Fast Food,500
24,2025-06-13,F02,French Fries,Fast Food,200
25,2025-01-25,F12,Naan Bread,Indian,80
25,2025-01-25,F01,Beef Burger,Fast Food,450
25,2025-01-25,F13,Chapati,Local,50
25,2025-01-25,F15,Ice Cream,Dessert,250
26,2025-06-16,F04,Chicken Wings,Fast Food,500
26,2025-06-16,F02,French Fries,Fast Food,200
26,2025-06-16,F03,Soda,Beverages,100
27,2025-02-03,F05,Margherita Pizza,Italian,900
27,2025-02-03,F14,Chocolate Cake,Dessert,300
27,2025-02-03,F09,Green Tea,Beverages,100
27,2025-02-03,F11,Raita,Indian,100
28,2025-03-30,F08,Miso Soup,Japanese,150
29,2025-05-19,F01,Beef Burger,Fast Food,450
29,2025-05-19,F08,Miso Soup,Japanese,150
29,2025-05-19,F13,Chapati,Local,50
30,2025-04-22,F07,California Roll Sushi,Japanese,700
30,2025-04-22,F08,Miso Soup,Japanese,150
30,2025-04-22,F09,Green Tea,Beverages,100
31,2025-02-16,F05,Margherita Pizza,Italian,900
31,2025-02-16,F15,Ice Cream,Dessert,250
31,2025-02-16,F04,Chicken Wings,Fast Food,500
31,2025-02-16,F06,Garlic Bread,Italian,250
32,2025-02-23,F10,Chicken Biryani,Indian,550
32,2025-02-23,F11,Raita,Indian,100
32,2025-02-23,F12,Naan Bread,Indian,80
33,2025-01-20,F07,California Roll Sushi,Japanese,700
33,2025-01-20,F08,Miso Soup,Japanese,150
33,2025-01-20,F14,Chocolate Cake,Dessert,300
34,2025-06-02,F11,Raita,Indian,100
34,2025-06-02,F07,California Roll Sushi,Japanese,700
34,2025-06-02,F10,Chicken Biryani,Indian,550
34,2025-06-02,F02,French Fries,Fast Food,200
34,2025-06-02,F15,Ice Cream,Dessert,250
35,2025-06-28,F15,Ice Cream,Dessert,250
35,2025-06-28,F02,French Fries,Fast Food,200
35,2025-06-28,F07,California Roll Sushi,Japanese,700
36,2025-02-24,F08,Miso Soup,Japanese,150
37,2025-06-07,F14,Chocolate Cake,Dessert,300
38,2025-02-09,F01,Beef Burger,Fast Food,450
38,2025-02-09,F02,French Fries,Fast Food,200
39,2025-01-23,F14,Chocolate Cake,Dessert,300
40,2025-06-15,F05,Margherita Pizza,Italian,900
40,2025-06-15,F06,Garlic Bread,Italian,250
41,2025-06-16,F01,Beef Burger,Fast Food,450
41,2025-06-16,F02,French Fries,Fast Food,200
41,2025-06-16,F03,Soda,Beverages,100
42,2025-04-07,F07,California Roll Sushi,Japanese,700
42,2025-04-07,F08,Miso Soup,Japanese,150
43,2025-05-14,F05,Margherita Pizza,Italian,900
43,2025-05-14,F06,Garlic Bread,Italian,250
44,2025-05-18,F14,Chocolate Cake,Dessert,300
45,2025-02-18,F05,Margherita Pizza,Italian,900
45,2025-02-18,F06,Garlic Bread,Italian,250
45,2025-02-18,F03,Soda,Beverages,100
46,2025-02-02,F01,Beef Burger,Fast Food,450
46,2025-02-02,F08,Miso Soup,Japanese,150
46,2025-02-02,F02,French Fries,Fast Food,200
46,2025-02-02,F07,California Roll Sushi,Japanese,700
47,2025-06-26,F11,Raita,Indian,100
47,2025-06-26,F13,Chapati,Local,50
48,2025-01-31,F01,Beef Burger,Fast Food,450
48,2025-01-31,F02,French Fries,Fast Food,200
48,2025-01-31,F03,Soda,Beverages,100
49,2025-01-06,F07,California Roll Sushi,Japanese,700
49,2025-01-06,F15,Ice Cream,Dessert,250
50,2025-05-04,F01,Beef Burger,Fast Food,450
50,2025-05-04,F02,French Fries,Fast Food,200
51,2025-01-21,F10,Chicken Biryani,Indian,550
51,2025-01-21,F06,Garlic Bread,Italian,250
51,2025-01-21,F08,Miso Soup,Japanese,150
52,2025-06-25,F10,Chicken Biryani,Indian,550
52,2025-06-25,F11,Raita,Indian,100
52,2025-06-25,F12,Naan Bread,Indian,80
53,2025-01-11,F04,Chicken Wings,Fast Food,500
53,2025-01-11,F02,French Fries,Fast Food,200
54,2025-04-09,F01,Beef Burger,Fast Food,450
54,2025-04-09,F12,Naan Bread,Indian,80
54,2025-04-09,F05,Margherita Pizza,Italian,900
54,2025-04-09,F02,French Fries,Fast Food,200
54,2025-04-09,F15,Ice Cream,Dessert,250
55,2025-01-30,F06,Garlic Bread,Italian,250
55,2025-01-30,F05,Margherita Pizza,Italian,900
55,2025-01-30,F11,Raita,Indian,100
55,2025-01-30,F15,Ice Cream,Dessert,250
56,2025-03-06,F10,Chicken Biryani,Indian,550
56,2025-03-06,F11,Raita,Indian,100
56,2025-03-06,F12,Naan Bread,Indian,80
56,2025-03-06,F14,Chocolate Cake,Dessert,300
57,2025-06-27,F05,Margherita Pizza,Italian,900
57,2025-06-27,F06,Garlic Bread,Italian,250
57,2025-06-27,F03,Soda,Beverages,100
58,2025-03-11,F07,California Roll Sushi,Japanese,700
58,2025-03-11,F08,Miso Soup,Japanese,150
58,2025-03-11,F09,Green Tea,Beverages,100
59,2025-06-07,F05,Margherita Pizza,Italian,900
59,2025-06-07,F06,Garlic Bread,Italian,250
60,2025-02-22,F13,Chapati,Local,50
60,2025-02-22,F12,Naan Bread,Indian,80
61,2025-01-15,F11,Raita,Indian,100
61,2025-01-15,F10,Chicken Biryani,Indian,550
61,2025-01-15,F05,Margherita Pizza,Italian,900
62,2025-01-24,F09,Green Tea,Beverages,100
62,2025-01-24,F12,Naan Bread,Indian,80
62,2025-01-24,F04,Chicken Wings,Fast Food,500
63,2025-03-13,F11,Raita,Indian,100
63,2025-03-13,F14,Chocolate Cake,Dessert,300
63,2025-03-13,F13,Chapati,Local,50
64,2025-05-28,F10,Chicken Biryani,Indian,550
64,2025-05-28,F11,Raita,Indian,100
64,2025-05-28,F12,Naan Bread,Indian,80
64,2025-05-28,F14,Chocolate Cake,Dessert,300
65,2025-06-02,F11,Raita,Indian,100
65,2025-06-02,F03,Soda,Beverages,100
65,2025-06-02,F15,Ice Cream,Dessert,250
66,2025-02-16,F15,Ice Cream,Dessert,250
67,2025-05-27,F05,Margherita Pizza,Italian,900
67,2025-05-27,F06,Garlic Bread,Italian,250
68,2025-03-14,F07,California Roll Sushi,Japanese,700
68,2025-03-14,F08,Miso Soup,Japanese,150
68,2025-03-14,F09,Green Tea,Beverages,100
69,2025-02-24,F01,Beef Burger,Fast Food,450
69,2025-02-24,F02,French Fries,Fast Food,200
69,2025-02-24,F03,Soda,Beverages,100
70,2025-06-12,F01,Beef Burger,Fast Food,450
70,2025-06-12,F02,French Fries,Fast Food,200
70,2025-06-12,F03,Soda,Beverages,100
71,2025-05-26,F15,Ice Cream,Dessert,250
71,2025-05-26,F12,Naan Bread,Indian,80
72,2025-06-21,F04,Chicken Wings,Fast Food,500
72,2025-06-21,F02,French Fries,Fast Food,200
73,2025-04-14,F04,Chicken Wings,Fast Food,500
73,2025-04-14,F02,French Fries,Fast Food,200
74,2025-03-08,F04,Chicken Wings,Fast Food,500
74,2025-03-08,F09,Green Tea,Beverages,100
74,2025-03-08,F13,Chapati,Local,50
74,2025-03-08,F14,Chocolate Cake,Dessert,300
75,2025-06-08,F07,California Roll Sushi,Japanese,700
75,2025-06-08,F08,Miso Soup,Japanese,150
75,2025-06-08,F09,Green Tea,Beverages,100
76,2025-05-15,F10,Chicken Biryani,Indian,550
76,2025-05-15,F11,Raita,Indian,100
76,2025-05-15,F12,Naan Bread,Indian,80
76,2025-05-15,F15,Ice Cream,Dessert,250
77,2025-02-02,F03,Soda,Beverages,100
77,2025-02-02,F13,Chapati,Local,50
77,2025-02-02,F12,Naan Bread,Indian,80
77,2025-02-02,F01,Beef Burger,Fast Food,450
78,2025-01-19,F10,Chicken Biryani,Indian,550
78,2025-01-19,F11,Raita,Indian,100
78,2025-01-19,F12,Naan Bread,Indian,80
78,2025-01-19,F03,Soda,Beverages,100
78,2025-01-19,F14,Chocolate Cake,Dessert,300
79,2025-06-22,F07,California Roll Sushi,Japanese,700
79,2025-06-22,F08,Miso Soup,Japanese,150
80,2025-06-25,F10,Chicken Biryani,Indian,550
80,2025-06-25,F11,Raita,Indian,100
80,2025-06-25,F12,Naan Bread,Indian,80
81,2025-04-23,F01,Beef Burger,Fast Food,450
81,2025-04-23,F13,Chapati,Local,50
82,2025-04-28,F13,Chapati,Local,50
82,2025-04-28,F01,Beef Burger,Fast Food,450
83,2025-01-01,F05,Margherita Pizza,Italian,900
83,2025-01-01,F08,Miso Soup,Japanese,150
84,2025-05-23,F01,Beef Burger,Fast Food,450
84,2025-05-23,F02,French Fries,Fast Food,200
85,2025-02-20,F04,Chicken Wings,Fast Food,500
85,2025-02-20,F02,French Fries,Fast Food,200
85,2025-02-20,F03,Soda,Beverages,100
86,2025-01-30,F04,Chicken Wings,Fast Food,500
86,2025-01-30,F10,Chicken Biryani,Indian,550
87,2025-04-25,F07,California Roll Sushi,Japanese,700
87,2025-04-25,F08,Miso Soup,Japanese,150
88,2025-04-27,F07,California Roll Sushi,Japanese,700
88,2025-04-27,F08,Miso Soup,Japanese,150
88,2025-04-27,F15,Ice Cream,Dessert,250
89,2025-06-26,F10,Chicken Biryani,Indian,550
89,2025-06-26,F03,Soda,Beverages,100
89,2025-06-26,F13,Chapati,Local,50
90,2025-03-26,F12,Naan Bread,Indian,80
90,2025-03-26,F15,Ice Cream,Dessert,250
91,2025-04-22,F15,Ice Cream,Dessert,250
92,2025-01-01,F01,Beef Burger,Fast Food,450
92,2025-01-01,F02,French Fries,Fast Food,200
93,2025-02-18,F04,Chicken Wings,Fast Food,500
93,2025-02-18,F12,Naan Bread,Indian,80
94,2025-02-28,F01,Beef Burger,Fast Food,450
94,2025-02-28,F02,French Fries,Fast Food,200
94,2025-02-28,F15,Ice Cream,Dessert,250
95,2025-05-12,F05,Margherita Pizza,Italian,900
95,2025-05-12,F03,Soda,Beverages,100
95,2025-05-12,F14,Chocolate Cake,Dessert,300
96,2025-06-01,F02,French Fries,Fast Food,200
96,2025-06-01,F05,Margherita Pizza,Italian,900
96,2025-06-01,F07,California Roll Sushi,Japanese,700
97,2025-02-24,F01,Beef Burger,Fast Food,450
97,2025-02-24,F02,French Fries,Fast Food,200
97,2025-02-24,F03,Soda,Beverages,100
97,2025-02-24,F12,Naan Bread,Indian,80
98,2025-06-01,F14,Chocolate Cake,Dessert,300
99,2025-03-18,F10,Chicken Biryani,Indian,550
99,2025-03-18,F11,Raita,Indian,100
99,2025-03-18,F12,Naan Bread,Indian,80
100,2025-03-16,F04,Chicken Wings,Fast Food,500
100,2025-03-16,F02,French Fries,Fast Food,200
100,2025-03-16,F03,Soda,Beverages,100
100,2025-03-16,F15,Ice Cream,Dessert,250
101,2025-05-05,F01,Beef Burger,Fast Food,450
101,2025-05-05,F02,French Fries,Fast Food,200
101,2025-05-05,F03,Soda,Beverages,100
101,2025-05-05,F15,Ice Cream,Dessert,250
102,2025-01-25,F05,Margherita Pizza,Italian,900
102,2025-01-25,F10,Chicken Biryani,Indian,550
103,2025-05-26,F13,Chapati,Local,50
104,2025-03-02,F07,California Roll Sushi,Japanese,700
104,2025-03-02,F08,Miso Soup,Japanese,150
104,2025-03-02,F15,Ice Cream,Dessert,250
105,2025-05-18,F10,Chicken Biryani,Indian,550
105,2025-05-18,F11,Raita,Indian,100
105,2025-05-18,F12,Naan Bread,Indian,80
106,2025-01-29,F08,Miso Soup,Japanese,150
106,2025-01-29,F05,Margherita Pizza,Italian,900
106,2025-01-29,F10,Chicken Biryani,Indian,550
107,2025-04-05,F03,Soda,Beverages,100
108,2025-01-09,F10,Chicken Biryani,Indian,550
108,2025-01-09,F11,Raita,Indian,100
108,2025-01-09,F12,Naan Bread,Indian,80
109,2025-06-07,F10,Chicken Biryani,Indian,550
109,2025-06-07,F11,Raita,Indian,100
109,2025-06-07,F12,Naan Bread,Indian,80
110,2025-05-27,F03,Soda,Beverages,100
110,2025-05-27,F07,California Roll Sushi,Japanese,700
110,2025-05-27,F01,Beef Burger,Fast Food,450
110,2025-05-27,F04,Chicken Wings,Fast Food,500
111,2025-03-14,F09,Green Tea,Beverages,100
111,2025-03-14,F04,Chicken Wings,Fast Food,500
111,2025-03-14,F06,Garlic Bread,Italian,250
112,2025-02-04,F07,California Roll Sushi,Japanese,700
112,2025-02-04,F08,Miso Soup,Japanese,150
112,2025-02-04,F14,Chocolate Cake,Dessert,300
113,2025-01-17,F06,Garlic Bread,Italian,250
113,2025-01-17,F14,Chocolate Cake,Dessert,300
114,2025-02-06,F04,Chicken Wings,Fast Food,500
114,2025-02-06,F02,French Fries,Fast Food,200
114,2025-02-06,F14,Chocolate Cake,Dessert,300
115,2025-02-15,F10,Chicken Biryani,Indian,550
115,2025-02-15,F11,Raita,Indian,100
115,2025-02-15,F12,Naan Bread,Indian,80
116,2025-06-29,F04,Chicken Wings,Fast Food,500
116,2025-06-29,F02,French Fries,Fast Food,200
116,2025-06-29,F03,Soda,Beverages,100
117,2025-03-27,F07,California Roll Sushi,Japanese,700
117,2025-03-27,F08,Miso Soup,Japanese,150
117,2025-03-27,F09,Green Tea,Beverages,100
117,2025-03-27,F14,Chocolate Cake,Dessert,300
118,2025-04-30,F04,Chicken Wings,Fast Food,500
118,2025-04-30,F02,French Fries,Fast Food,200
118,2025-04-30,F03,Soda,Beverages,100
119,2025-06-08,F04,Chicken Wings,Fast Food,500
119,2025-06-08,F02,French Fries,Fast Food,200
119,2025-06-08,F03,Soda,Beverages,100
119,2025-06-08,F14,Chocolate Cake,Dessert,300
120,2025-01-25,F05,Margherita Pizza,Italian,900
120,2025-01-25,F06,Garlic Bread,Italian,250
121,2025-04-04,F01,Beef Burger,Fast Food,450
121,2025-04-04,F02,French Fries,Fast Food,200
122,2025-02-21,F04,Chicken Wings,Fast Food,500
122,2025-02-21,F02,French Fries,Fast Food,200
123,2025-06-06,F04,Chicken Wings,Fast Food,500
123,2025-06-06,F02,French Fries,Fast Food,200
124,2025-06-08,F08,Miso Soup,Japanese,150
124,2025-06-08,F10,Chicken Biryani,Indian,550
124,2025-06-08,F13,Chapati,Local,50
124,2025-06-08,F03,Soda,Beverages,100
125,2025-02-04,F01,Beef Burger,Fast Food,450
125,2025-02-04,F02,French Fries,Fast Food,200
125,2025-02-04,F03,Soda,Beverages,100
126,2025-03-24,F07,California Roll Sushi,Japanese,700
126,2025-03-24,F08,Miso Soup,Japanese,150
127,2025-01-28,F14,Chocolate Cake,Dessert,300
127,2025-01-28,F11,Raita,Indian,100
127,2025-01-28,F09,Green Tea,Beverages,100
127,2025-01-28,F15,Ice Cream,Dessert,250
128,2025-04-09,F01,Beef Burger,Fast Food,450
128,2025-04-09,F08,Miso Soup,Japanese,150
128,2025-04-09,F12,Naan Bread,Indian,80
128,2025-04-09,F15,Ice Cream,Dessert,250
129,2025-04-25,F08,Miso Soup,Japanese,150
129,2025-04-25,F05,Margherita Pizza,Italian,900
129,2025-04-25,F03,Soda,Beverages,100
129,2025-04-25,F07,California Roll Sushi,Japanese,700
130,2025-03-02,F01,Beef Burger,Fast Food,450
130,2025-03-02,F11,Raita,Indian,100
130,2025-03-02,F05,Margherita Pizza,Italian,900
130,2025-03-02,F08,Miso Soup,Japanese,150
130,2025-03-02,F15,Ice Cream,Dessert,250
131,2025-03-28,F05,Margherita Pizza,Italian,900
131,2025-03-28,F15,Ice Cream,Dessert,250
132,2025-02-25,F01,Beef Burger,Fast Food,450
132,2025-02-25,F02,French Fries,Fast Food,200
132,2025-02-25,F03,Soda,Beverages,100
133,2025-02-02,F09,Green Tea,Beverages,100
133,2025-02-02,F11,Raita,Indian,100
134,2025-01-24,F05,Margherita Pizza,Italian,900
134,2025-01-24,F06,Garlic Bread,Italian,250
134,2025-01-24,F03,Soda,Beverages,100
135,2025-06-16,F02,French Fries,Fast Food,200
136,2025-03-15,F08,Miso Soup,Japanese,150
137,2025-05-23,F04,Chicken Wings,Fast Food,500
137,2025-05-23,F02,French Fries,Fast Food,200
137,2025-05-23,F03,Soda,Beverages,100
138,2025-04-06,F03,Soda,Beverages,100
138,2025-04-06,F06,Garlic Bread,Italian,250
139,2025-05-03,F05,Margherita Pizza,Italian,900
139,2025-05-03,F06,Garlic Bread,Italian,250
139,2025-05-03,F03,Soda,Beverages,100
140,2025-01-23,F01,Beef Burger,Fast Food,450
140,2025-01-23,F02,French Fries,Fast Food,200
140,2025-01-23,F03,Soda,Beverages,100
141,2025-04-03,F06,Garlic Bread,Italian,250
141,2025-04-03,F08,Miso Soup,Japanese,150
142,2025-04-03,F15,Ice Cream,Dessert,250
143,2025-04-02,F09,Green Tea,Beverages,100
143,2025-04-02,F02,French Fries,Fast Food,200
143,2025-04-02,F10,Chicken Biryani,Indian,550
143,2025-04-02,F12,Naan Bread,Indian,80
144,2025-05-03,F01,Beef Burger,Fast Food,450
144,2025-05-03,F02,French Fries,Fast Food,200
144,2025-05-03,F03,Soda,Beverages,100
145,2025-05-26,F01,Beef Burger,Fast Food,450
145,2025-05-26,F02,French Fries,Fast Food,200
145,2025-05-26,F03,Soda,Beverages,100
145,2025-05-26,F15,Ice Cream,Dessert,250
146,2025-02-10,F07,California Roll Sushi,Japanese,700
146,2025-02-10,F08,Miso Soup,Japanese,150
147,2025-04-18,F05,Margherita Pizza,Italian,900
147,2025-04-18,F06,Garlic Bread,Italian,250
148,2025-04-18,F05,Margherita Pizza,Italian,900
148,2025-04-18,F06,Garlic Bread,Italian,250
149,2025-04-12,F10,Chicken Biryani,Indian,550
149,2025-04-12,F07,California Roll Sushi,Japanese,700
149,2025-04-12,F01,Beef Burger,Fast Food,450
149,2025-04-12,F13,Chapati,Local,50
149,2025-04-12,F14,Chocolate Cake,Dessert,300
150,2025-03-01,F08,Miso Soup,Japanese,150
150,2025-03-01,F15,Ice Cream,Dessert,250
151,2025-01-12,F05,Margherita Pizza,Italian,900
151,2025-01-12,F06,Garlic Bread,Italian,250
151,2025-01-12,F03,Soda,Beverages,100
151,2025-01-12,F15,Ice Cream,Dessert,250
152,2025-02-05,F05,Margherita Pizza,Italian,900
152,2025-02-05,F14,Chocolate Cake,Dessert,300
153,2025-01-26,F13,Chapati,Local,50
153,2025-01-26,F11,Raita,Indian,100
153,2025-01-26,F09,Green Tea,Beverages,100
153,2025-01-26,F12,Naan Bread,Indian,80
154,2025-01-28,F01,Beef Burger,Fast Food,450
154,2025-01-28,F02,French Fries,Fast Food,200
155,2025-03-16,F15,Ice Cream,Dessert,250
155,2025-03-16,F08,Miso Soup,Japanese,150
155,2025-03-16,F06,Garlic Bread,Italian,250
155,2025-03-16,F03,Soda,Beverages,100
156,2025-05-23,F13,Chapati,Local,50
157,2025-04-10,F11,Raita,Indian,100
157,2025-04-10,F06,Garlic Bread,Italian,250
158,2025-06-23,F14,Chocolate Cake,Dessert,300
158,2025-06-23,F11,Raita,Indian,100
159,2025-06-03,F04,Chicken Wings,Fast Food,500
159,2025-06-03,F02,French Fries,Fast Food,200
159,2025-06-03,F03,Soda,Beverages,100
160,2025-05-02,F08,Miso Soup,Japanese,150
161,2025-05-13,F07,California Roll Sushi,Japanese,700
161,2025-05-13,F08,Miso Soup,Japanese,150
162,2025-06-11,F07,California Roll Sushi,Japanese,700
162,2025-06-11,F08,Miso Soup,Japanese,150
163,2025-02-19,F07,California Roll Sushi,Japanese,700
163,2025-02-19,F08,Miso Soup,Japanese,150
163,2025-02-19,F09,Green Tea,Beverages,100
164,2025-03-08,F15,Ice Cream,Dessert,250
164,2025-03-08,F13,Chapati,Local,50
164,2025-03-08,F09,Green Tea,Beverages,100
165,2025-02-25,F04,Chicken Wings,Fast Food,500
165,2025-02-25,F02,French Fries,Fast Food,200
166,2025-03-07,F15,Ice Cream,Dessert,250
167,2025-01-26,F10,Chicken Biryani,Indian,550
168,2025-04-14,F04,Chicken Wings,Fast Food,500
168,2025-04-14,F15,Ice Cream,Dessert,250
169,2025-04-13,F10,Chicken Biryani,Indian,550
169,2025-04-13,F11,Raita,Indian,100
169,2025-04-13,F12,Naan Bread,Indian,80
170,2025-04-19,F04,Chicken Wings,Fast Food,500
171,2025-01-27,F06,Garlic Bread,Italian,250
171,2025-01-27,F04,Chicken Wings,Fast Food,500
171,2025-01-27,F08,Miso Soup,Japanese,150
171,2025-01-27,F05,Margherita Pizza,Italian,900
171,2025-01-27,F14,Chocolate Cake,Dessert,300
172,2025-01-07,F15,Ice Cream,Dessert,250
173,2025-03-09,F13,Chapati,Local,50
173,2025-03-09,F06,Garlic Bread,Italian,250
173,2025-03-09,F01,Beef Burger,Fast Food,450
173,2025-03-09,F11,Raita,Indian,100
174,2025-03-19,F06,Garlic Bread,Italian,250
174,2025-03-19,F15,Ice Cream,Dessert,250
175,2025-02-09,F05,Margherita Pizza,Italian,900
175,2025-02-09,F06,Garlic Bread,Italian,250
175,2025-02-09,F03,Soda,Beverages,100
176,2025-06-06,F06,Garlic Bread,Italian,250
177,2025-05-20,F06,Garlic Bread,Italian,250
178,2025-01-28,F01,Beef Burger,Fast Food,450
178,2025-01-28,F02,French Fries,Fast Food,200
179,2025-04-08,F01,Beef Burger,Fast Food,450
179,2025-04-08,F08,Miso Soup,Japanese,150
179,2025-04-08,F04,Chicken Wings,Fast Food,500
180,2025-06-15,F01,Beef Burger,Fast Food,450
180,2025-06-15,F02,French Fries,Fast Food,200
180,2025-06-15,F03,Soda,Beverages,100
181,2025-03-24,F04,Chicken Wings,Fast Food,500
181,2025-03-24,F02,French Fries,Fast Food,200
182,2025-04-17,F05,Margherita Pizza,Italian,900
182,2025-04-17,F06,Garlic Bread,Italian,250
183,2025-05-09,F07,California Roll Sushi,Japanese,700
183,2025-05-09,F08,Miso Soup,Japanese,150
183,2025-05-09,F14,Chocolate Cake,Dessert,300
184,2025-06-30,F04,Chicken Wings,Fast Food,500
184,2025-06-30,F02,French Fries,Fast Food,200
185,2025-05-26,F10,Chicken Biryani,Indian,550
185,2025-05-26,F11,Raita,Indian,100
185,2025-05-26,F12,Naan Bread,Indian,80
186,2025-04-19,F10,Chicken Biryani,Indian,550
186,2025-04-19,F11,Raita,Indian,100
186,2025-04-19,F12,Naan Bread,Indian,80
187,2025-05-13,F10,Chicken Biryani,Indian,550
187,2025-05-13,F11,Raita,Indian,100
187,2025-05-13,F12,Naan Bread,Indian,80
188,2025-03-29,F05,Margherita Pizza,Italian,900
188,2025-03-29,F06,Garlic Bread,Italian,250
188,2025-03-29,F03,Soda,Beverages,100
189,2025-03-20,F14,Chocolate Cake,Dessert,300
190,2025-02-06,F15,Ice Cream,Dessert,250
190,2025-02-06,F01,Beef Burger,Fast Food,450
191,2025-05-02,F12,Naan Bread,Indian,80
191,2025-05-02,F06,Garlic Bread,Italian,250
191,2025-05-02,F01,Beef Burger,Fast Food,450
192,2025-03-12,F05,Margherita Pizza,Italian,900
192,2025-03-12,F06,Garlic Bread,Italian,250
192,2025-03-12,F14,Chocolate Cake,Dessert,300
193,2025-03-28,F13,Chapati,Local,50
193,2025-03-28,F07,California Roll Sushi,Japanese,700
194,2025-06-01,F07,California Roll Sushi,Japanese,700
194,2025-06-01,F08,Miso Soup,Japanese,150
194,2025-06-01,F09,Green Tea,Beverages,100
195,2025-01-18,F04,Chicken Wings,Fast Food,500
195,2025-01-18,F02,French Fries,Fast Food,200
196,2025-05-31,F13,Chapati,Local,50
196,2025-05-31,F08,Miso Soup,Japanese,150
196,2025-05-31,F04,Chicken Wings,Fast Food,500
196,2025-05-31,F01,Beef Burger,Fast Food,450
197,2025-03-27,F05,Margherita Pizza,Italian,900
197,2025-03-27,F01,Beef Burger,Fast Food,450
197,2025-03-27,F11,Raita,Indian,100
198,2025-04-25,F13,Chapati,Local,50
198,2025-04-25,F09,Green Tea,Beverages,100
198,2025-04-25,F01,Beef Burger,Fast Food,450
199,2025-06-22,F02,French Fries,Fast Food,200
199,2025-06-22,F05,Margherita Pizza,Italian,900
200,2025-03-13,F04,Chicken Wings,Fast Food,500
200,2025-03-13,F02,French Fries,Fast Food,200
200,2025-03-13,F03,Soda,Beverages,100
201,2025-06-21,F05,Margherita Pizza,Italian,900
201,2025-06-21,F06,Garlic Bread,Italian,250
202,2025-02-15,F07,California Roll Sushi,Japanese,700
202,2025-02-15,F08,Miso Soup,Japanese,150
202,2025-02-15,F09,Green Tea,Beverages,100
203,2025-01-01,F04,Chicken Wings,Fast Food,500
203,2025-01-01,F10,Chicken Biryani,Indian,550
203,2025-01-01,F09,Green Tea,Beverages,100
203,2025-01-01,F02,French Fries,Fast Food,200
204,2025-05-13,F05,Margherita Pizza,Italian,900
204,2025-05-13,F04,Chicken Wings,Fast Food,500
204,2025-05-13,F08,Miso Soup,Japanese,150
205,2025-06-25,F10,Chicken Biryani,Indian,550
205,2025-06-25,F11,Raita,Indian,100
205,2025-06-25,F12,Naan Bread,Indian,80
206,2025-02-27,F07,California Roll Sushi,Japanese,700
206,2025-02-27,F08,Miso Soup,Japanese,150
206,2025-02-27,F09,Green Tea,Beverages,100
207,2025-03-17,F10,Chicken Biryani,Indian,550
207,2025-03-17,F11,Raita,Indian,100
207,2025-03-17,F12,Naan Bread,Indian,80
208,2025-04-29,F05,Margherita Pizza,Italian,900
209,2025-03-20,F05,Margherita Pizza,Italian,900
210,2025-05-29,F08,Miso Soup,Japanese,150
211,2025-05-13,F06,Garlic Bread,Italian,250
212,2025-01-19,F06,Garlic Bread,Italian,250
212,2025-01-19,F08,Miso Soup,Japanese,150
212,2025-01-19,F10,Chicken Biryani,Indian,550
213,2025-02-22,F04,Chicken Wings,Fast Food,500
214,2025-05-20,F10,Chicken Biryani,Indian,550
214,2025-05-20,F15,Ice Cream,Dessert,250
215,2025-04-11,F04,Chicken Wings,Fast Food,500
216,2025-04-10,F04,Chicken Wings,Fast Food,500
216,2025-04-10,F14,Chocolate Cake,Dessert,300
216,2025-04-10,F09,Green Tea,Beverages,100
217,2025-02-25,F03,Soda,Beverages,100
217,2025-02-25,F09,Green Tea,Beverages,100
218,2025-05-21,F10,Chicken Biryani,Indian,550
218,2025-05-21,F11,Raita,Indian,100
218,2025-05-21,F12,Naan Bread,Indian,80
219,2025-06-14,F01,Beef Burger,Fast Food,450
219,2025-06-14,F06,Garlic Bread,Italian,250
219,2025-06-14,F03,Soda,Beverages,100
219,2025-06-14,F02,French Fries,Fast Food,200
220,2025-05-24,F10,Chicken Biryani,Indian,550
220,2025-05-24,F11,Raita,Indian,100
220,2025-05-24,F12,Naan Bread,Indian,80
221,2025-03-04,F07,California Roll Sushi,Japanese,700
221,2025-03-04,F08,Miso Soup,Japanese,150
222,2025-05-16,F10,Chicken Biryani,Indian,550
222,2025-05-16,F11,Raita,Indian,100
222,2025-05-16,F12,Naan Bread,Indian,80
223,2025-02-27,F14,Chocolate Cake,Dessert,300
224,2025-03-07,F05,Margherita Pizza,Italian,900
224,2025-03-07,F06,Garlic Bread,Italian,250
225,2025-02-24,F14,Chocolate Cake,Dessert,300
226,2025-01-23,F04,Chicken Wings,Fast Food,500
226,2025-01-23,F02,French Fries,Fast Food,200
226,2025-01-23,F14,Chocolate Cake,Dessert,300
227,2025-05-15,F04,Chicken Wings,Fast Food,500
227,2025-05-15,F06,Garlic Bread,Italian,250
227,2025-05-15,F14,Chocolate Cake,Dessert,300
228,2025-05-08,F04,Chicken Wings,Fast Food,500
228,2025-05-08,F02,French Fries,Fast Food,200
228,2025-05-08,F03,Soda,Beverages,100
229,2025-06-26,F04,Chicken Wings,Fast Food,500
229,2025-06-26,F02,French Fries,Fast Food,200
230,2025-03-28,F14,Chocolate Cake,Dessert,300
231,2025-03-03,F04,Chicken Wings,Fast Food,500
231,2025-03-03,F12,Naan Bread,Indian,80
231,2025-03-03,F02,French Fries,Fast Food,200
232,2025-05-10,F04,Chicken Wings,Fast Food,500
232,2025-05-10,F02,French Fries,Fast Food,200
232,2025-05-10,F03,Soda,Beverages,100
232,2025-05-10,F15,Ice Cream,Dessert,250
233,2025-01-17,F07,California Roll Sushi,Japanese,700
234,2025-01-14,F05,Margherita Pizza,Italian,900
235,2025-05-12,F10,Chicken Biryani,Indian,550
235,2025-05-12,F11,Raita,Indian,100
235,2025-05-12,F12,Naan Bread,Indian,80
235,2025-05-12,F15,Ice Cream,Dessert,250
236,2025-03-21,F14,Chocolate Cake,Dessert,300
236,2025-03-21,F15,Ice Cream,Dessert,250
237,2025-06-06,F10,Chicken Biryani,Indian,550
237,2025-06-06,F11,Raita,Indian,100
237,2025-06-06,F12,Naan Bread,Indian,80
237,2025-06-06,F09,Green Tea,Beverages,100
238,2025-06-05,F10,Chicken Biryani,Indian,550
238,2025-06-05,F11,Raita,Indian,100
238,2025-06-05,F12,Naan Bread,Indian,80
239,2025-04-12,F05,Margherita Pizza,Italian,900
239,2025-04-12,F06,Garlic Bread,Italian,250
239,2025-04-12,F03,Soda,Beverages,100
240,2025-03-09,F04,Chicken Wings,Fast Food,500
240,2025-03-09,F02,French Fries,Fast Food,200
240,2025-03-09,F03,Soda,Beverages,100
241,2025-06-19,F10,Chicken Biryani,Indian,550
241,2025-06-19,F11,Raita,Indian,100
241,2025-06-19,F12,Naan Bread,Indian,80
241,2025-06-19,F04,Chicken Wings,Fast Food,500
242,2025-03-02,F04,Chicken Wings,Fast Food,500
242,2025-03-02,F02,French Fries,Fast Food,200
242,2025-03-02,F03,Soda,Beverages,100
243,2025-02-24,F04,Chicken Wings,Fast Food,500
243,2025-02-24,F02,French Fries,Fast Food,200
244,2025-03-17,F09,Green Tea,Beverages,100
245,2025-05-11,F05,Margherita Pizza,Italian,900
245,2025-05-11,F11,Raita,Indian,100
245,2025-05-11,F01,Beef Burger,Fast Food,450
245,2025-05-11,F14,Chocolate Cake,Dessert,300
246,2025-04-21,F07,California Roll Sushi,Japanese,700
246,2025-04-21,F08,Miso Soup,Japanese,150
247,2025-06-18,F10,Chicken Biryani,Indian,550
247,2025-06-18,F06,Garlic Bread,Italian,250
248,2025-01-15,F06,Garlic Bread,Italian,250
248,2025-01-15,F03,Soda,Beverages,100
248,2025-01-15,F05,Margherita Pizza,Italian,900
248,2025-01-15,F08,Miso Soup,Japanese,150
249,2025-06-14,F07,California Roll Sushi,Japanese,700
249,2025-06-14,F08,Miso Soup,Japanese,150
250,2025-05-11,F07,California Roll Sushi,Japanese,700
250,2025-05-11,F08,Miso Soup,Japanese,150
251,2025-01-08,F05,Margherita Pizza,Italian,900
251,2025-01-08,F06,Garlic Bread,Italian,250
252,2025-06-04,F07,California Roll Sushi,Japanese,700
252,2025-06-04,F08,Miso Soup,Japanese,150
252,2025-06-04,F09,Green Tea,Beverages,100
252,2025-06-04,F14,Chocolate Cake,Dessert,300
253,2025-03-21,F01,Beef Burger,Fast Food,450
253,2025-03-21,F04,Chicken Wings,Fast Food,500
254,2025-03-18,F09,Green Tea,Beverages,100
254,2025-03-18,F14,Chocolate Cake,Dessert,300
255,2025-01-17,F08,Miso Soup,Japanese,150
255,2025-01-17,F06,Garlic Bread,Italian,250
255,2025-01-17,F02,French Fries,Fast Food,200
255,2025-01-17,F14,Chocolate Cake,Dessert,300
256,2025-01-08,F07,California Roll Sushi,Japanese,700
256,2025-01-08,F08,Miso Soup,Japanese,150
256,2025-01-08,F15,Ice Cream,Dessert,250
257,2025-05-07,F05,Margherita Pizza,Italian,900
257,2025-05-07,F06,Garlic Bread,Italian,250
257,2025-05-07,F03,Soda,Beverages,100
258,2025-04-20,F09,Green Tea,Beverages,100
258,2025-04-20,F07,California Roll Sushi,Japanese,700
258,2025-04-20,F01,Beef Burger,Fast Food,450
258,2025-04-20,F06,Garlic Bread,Italian,250
259,2025-06-17,F05,Margherita Pizza,Italian,900
259,2025-06-17,F12,Naan Bread,Indian,80
259,2025-06-17,F14,Chocolate Cake,Dessert,300
259,2025-06-17,F06,Garlic Bread,Italian,250
260,2025-01-14,F07,California Roll Sushi,Japanese,700
260,2025-01-14,F08,Miso Soup,Japanese,150
260,2025-01-14,F09,Green Tea,Beverages,100
261,2025-04-23,F01,Beef Burger,Fast Food,450
261,2025-04-23,F02,French Fries,Fast Food,200
262,2025-01-09,F04,Chicken Wings,Fast Food,500
262,2025-01-09,F02,French Fries,Fast Food,200
263,2025-05-01,F04,Chicken Wings,Fast Food,500
263,2025-05-01,F02,French Fries,Fast Food,200
264,2025-05-12,F07,California Roll Sushi,Japanese,700
264,2025-05-12,F14,Chocolate Cake,Dessert,300
264,2025-05-12,F08,Miso Soup,Japanese,150
264,2025-05-12,F06,Garlic Bread,Italian,250
264,2025-05-12,F15,Ice Cream,Dessert,250
265,2025-05-30,F01,Beef Burger,Fast Food,450
265,2025-05-30,F10,Chicken Biryani,Indian,550
265,2025-05-30,F02,French Fries,Fast Food,200
265,2025-05-30,F04,Chicken Wings,Fast Food,500
266,2025-04-04,F14,Chocolate Cake,Dessert,300
266,2025-04-04,F02,French Fries,Fast Food,200
266,2025-04-04,F05,Margherita Pizza,Italian,900
266,2025-04-04,F15,Ice Cream,Dessert,250
267,2025-02-28,F10,Chicken Biryani,Indian,550
267,2025-02-28,F11,Raita,Indian,100
267,2025-02-28,F12,Naan Bread,Indian,80
268,2025-01-24,F04,Chicken Wings,Fast Food,500
268,2025-01-24,F02,French Fries,Fast Food,200
269,2025-05-17,F10,Chicken Biryani,Indian,550
269,2025-05-17,F11,Raita,Indian,100
269,2025-05-17,F12,Naan Bread,Indian,80
270,2025-06-22,F04,Chicken Wings,Fast Food,500
270,2025-06-22,F07,California Roll Sushi,Japanese,700
270,2025-06-22,F14,Chocolate Cake,Dessert,300
271,2025-06-22,F01,Beef Burger,Fast Food,450
272,2025-01-24,F01,Beef Burger,Fast Food,450
272,2025-01-24,F02,French Fries,Fast Food,200
272,2025-01-24,F03,Soda,Beverages,100
273,2025-04-11,F13,Chapati,Local,50
274,2025-02-10,F05,Margherita Pizza,Italian,900
275,2025-03-06,F04,Chicken Wings,Fast Food,500
276,2025-06-13,F07,California Roll Sushi,Japanese,700
277,2025-06-28,F03,Soda,Beverages,100
278,2025-05-19,F14,Chocolate Cake,Dessert,300
279,2025-03-13,F05,Margherita Pizza,Italian,900
279,2025-03-13,F06,Garlic Bread,Italian,250
279,2025-03-13,F15,Ice Cream,Dessert,250
280,2025-02-23,F04,Chicken Wings,Fast Food,500
280,2025-02-23,F02,French Fries,Fast Food,200
280,2025-02-23,F11,Raita,Indian,100
281,2025-02-01,F15,Ice Cream,Dessert,250
282,2025-02-04,F02,French Fries,Fast Food,200
282,2025-02-04,F01,Beef Burger,Fast Food,450
282,2025-02-04,F03,Soda,Beverages,100
283,2025-01-28,F02,French Fries,Fast Food,200
283,2025-01-28,F03,Soda,Beverages,100
283,2025-01-28,F12,Naan Bread,Indian,80
284,2025-02-01,F12,Naan Bread,Indian,80
284,2025-02-01,F14,Chocolate Cake,Dessert,300
285,2025-02-10,F12,Naan Bread,Indian,80
285,2025-02-10,F01,Beef Burger,Fast Food,450
285,2025-02-10,F11,Raita,Indian,100
285,2025-02-10,F09,Green Tea,Beverages,100
286,2025-02-18,F09,Green Tea,Beverages,100
287,2025-03-21,F05,Margherita Pizza,Italian,900
287,2025-03-21,F06,Garlic Bread,Italian,250
288,2025-04-18,F04,Chicken Wings,Fast Food,500
288,2025-04-18,F02,French Fries,Fast Food,200
289,2025-01-16,F07,California Roll Sushi,Japanese,700
289,2025-01-16,F08,Miso Soup,Japanese,150
290,2025-02-20,F01,Beef Burger,Fast Food,450
290,2025-02-20,F02,French Fries,Fast Food,200
290,2025-02-20,F03,Soda,Beverages,100
291,2025-03-05,F05,Margherita Pizza,Italian,900
291,2025-03-05,F06,Garlic Bread,Italian,250
292,2025-01-09,F10,Chicken Biryani,Indian,550
292,2025-01-09,F13,Chapati,Local,50
292,2025-01-09,F05,Margherita Pizza,Italian,900
293,2025-05-28,F04,Chicken Wings,Fast Food,500
293,2025-05-28,F02,French Fries,Fast Food,200
293,2025-05-28,F03,Soda,Beverages,100
294,2025-01-14,F01,Beef Burger,Fast Food,450
294,2025-01-14,F02,French Fries,Fast Food,200
295,2025-02-24,F05,Margherita Pizza,Italian,900
295,2025-02-24,F02,French Fries,Fast Food,200
295,2025-02-24,F06,Garlic Bread,Italian,250
296,2025-04-15,F04,Chicken Wings,Fast Food,500
296,2025-04-15,F02,French Fries,Fast Food,200
296,2025-04-15,F03,Soda,Beverages,100
296,2025-04-15,F15,Ice Cream,Dessert,250
297,2025-06-10,F07,California Roll Sushi,Japanese,700
297,2025-06-10,F15,Ice Cream,Dessert,250
298,2025-01-27,F07,California Roll Sushi,Japanese,700
298,2025-01-27,F08,Miso Soup,Japanese,150
299,2025-03-30,F01,Beef Burger,Fast Food,450
299,2025-03-30,F02,French Fries,Fast Food,200
300,2025-04-03,F15,Ice Cream,Dessert,250
300,2025-04-03,F12,Naan Bread,Indian,80
300,2025-04-03,F01,Beef Burger,Fast Food,450
301,2025-05-26,F05,Margherita Pizza,Italian,900
301,2025-05-26,F06,Garlic Bread,Italian,250
301,2025-05-26,F03,Soda,Beverages,100
301,2025-05-26,F15,Ice Cream,Dessert,250
302,2025-01-01,F04,Chicken Wings,Fast Food,500
302,2025-01-01,F02,French Fries,Fast Food,200
302,2025-01-01,F10,Chicken Biryani,Indian,550
302,2025-01-01,F07,California Roll Sushi,Japanese,700
303,2025-06-13,F11,Raita,Indian,100
304,2025-06-05,F11,Raita,Indian,100
304,2025-06-05,F02,French Fries,Fast Food,200
304,2025-06-05,F14,Chocolate Cake,Dessert,300
305,2025-04-05,F05,Margherita Pizza,Italian,900
305,2025-04-05,F06,Garlic Bread,Italian,250
306,2025-04-26,F02,French Fries,Fast Food,200
306,2025-04-26,F06,Garlic Bread,Italian,250
306,2025-04-26,F14,Chocolate Cake,Dessert,300
307,2025-03-31,F07,California Roll Sushi,Japanese,700
307,2025-03-31,F08,Miso Soup,Japanese,150
307,2025-03-31,F09,Green Tea,Beverages,100
308,2025-02-21,F11,Raita,Indian,100
309,2025-05-27,F05,Margherita Pizza,Italian,900
309,2025-05-27,F14,Chocolate Cake,Dessert,300
309,2025-05-27,F02,French Fries,Fast Food,200
310,2025-05-13,F07,California Roll Sushi,Japanese,700
310,2025-05-13,F08,Miso Soup,Japanese,150
311,2025-02-05,F04,Chicken Wings,Fast Food,500
311,2025-02-05,F02,French Fries,Fast Food,200
311,2025-02-05,F03,Soda,Beverages,100
312,2025-04-17,F01,Beef Burger,Fast Food,450
312,2025-04-17,F02,French Fries,Fast Food,200
312,2025-04-17,F03,Soda,Beverages,100
313,2025-01-16,F05,Margherita Pizza,Italian,900
313,2025-01-16,F12,Naan Bread,Indian,80
313,2025-01-16,F14,Chocolate Cake,Dessert,300
314,2025-03-14,F10,Chicken Biryani,Indian,550
314,2025-03-14,F11,Raita,Indian,100
314,2025-03-14,F12,Naan Bread,Indian,80
315,2025-04-30,F05,Margherita Pizza,Italian,900
315,2025-04-30,F15,Ice Cream,Dessert,250
315,2025-04-30,F12,Naan Bread,Indian,80
316,2025-03-31,F04,Chicken Wings,Fast Food,500
316,2025-03-31,F09,Green Tea,Beverages,100
317,2025-01-25,F04,Chicken Wings,Fast Food,500
317,2025-01-25,F02,French Fries,Fast Food,200
317,2025-01-25,F15,Ice Cream,Dessert,250
318,2025-01-05,F07,California Roll Sushi,Japanese,700
318,2025-01-05,F08,Miso Soup,Japanese,150
318,2025-01-05,F09,Green Tea,Beverages,100
319,2025-01-06,F01,Beef Burger,Fast Food,450
319,2025-01-06,F14,Chocolate Cake,Dessert,300
320,2025-06-04,F13,Chapati,Local,50
321,2025-03-28,F06,Garlic Bread,Italian,250
321,2025-03-28,F05,Margherita Pizza,Italian,900
322,2025-06-22,F02,French Fries,Fast Food,200
322,2025-06-22,F01,Beef Burger,Fast Food,450
322,2025-06-22,F14,Chocolate Cake,Dessert,300
322,2025-06-22,F06,Garlic Bread,Italian,250
323,2025-02-12,F05,Margherita Pizza,Italian,900
323,2025-02-12,F06,Garlic Bread,Italian,250
324,2025-06-11,F01,Beef Burger,Fast Food,450
324,2025-06-11,F02,French Fries,Fast Food,200
325,2025-02-25,F05,Margherita Pizza,Italian,900
325,2025-02-25,F06,Garlic Bread,Italian,250
325,2025-02-25,F03,Soda,Beverages,100
326,2025-03-04,F08,Miso Soup,Japanese,150
327,2025-04-14,F08,Miso Soup,Japanese,150
328,2025-06-10,F15,Ice Cream,Dessert,250
328,2025-06-10,F04,Chicken Wings,Fast Food,500
329,2025-06-26,F04,Chicken Wings,Fast Food,500
329,2025-06-26,F02,French Fries,Fast Food,200
329,2025-06-26,F07,California Roll Sushi,Japanese,700
330,2025-01-20,F07,California Roll Sushi,Japanese,700
330,2025-01-20,F08,Miso Soup,Japanese,150
330,2025-01-20,F09,Green Tea,Beverages,100
331,2025-05-22,F11,Raita,Indian,100
331,2025-05-22,F02,French Fries,Fast Food,200
331,2025-05-22,F08,Miso Soup,Japanese,150
331,2025-05-22,F13,Chapati,Local,50
332,2025-04-11,F01,Beef Burger,Fast Food,450
332,2025-04-11,F09,Green Tea,Beverages,100
332,2025-04-11,F10,Chicken Biryani,Indian,550
332,2025-04-11,F12,Naan Bread,Indian,80
333,2025-03-25,F14,Chocolate Cake,Dessert,300
333,2025-03-25,F02,French Fries,Fast Food,200
333,2025-03-25,F13,Chapati,Local,50
333,2025-03-25,F08,Miso Soup,Japanese,150
334,2025-03-01,F05,Margherita Pizza,Italian,900
334,2025-03-01,F06,Garlic Bread,Italian,250
335,2025-06-04,F01,Beef Burger,Fast Food,450
335,2025-06-04,F02,French Fries,Fast Food,200
336,2025-02-19,F04,Chicken Wings,Fast Food,500
336,2025-02-19,F02,French Fries,Fast Food,200
337,2025-05-20,F12,Naan Bread,Indian,80
337,2025-05-20,F09,Green Tea,Beverages,100
337,2025-05-20,F06,Garlic Bread,Italian,250
337,2025-05-20,F15,Ice Cream,Dessert,250
338,2025-01-12,F03,Soda,Beverages,100
338,2025-01-12,F09,Green Tea,Beverages,100
338,2025-01-12,F15,Ice Cream,Dessert,250
339,2025-06-08,F04,Chicken Wings,Fast Food,500
339,2025-06-08,F02,French Fries,Fast Food,200
340,2025-02-27,F05,Margherita Pizza,Italian,900
340,2025-02-27,F06,Garlic Bread,Italian,250
341,2025-01-18,F12,Naan Bread,Indian,80
341,2025-01-18,F13,Chapati,Local,50
342,2025-01-21,F11,Raita,Indian,100
342,2025-01-21,F14,Chocolate Cake,Dessert,300
342,2025-01-21,F06,Garlic Bread,Italian,250
342,2025-01-21,F12,Naan Bread,Indian,80
343,2025-02-12,F08,Miso Soup,Japanese,150
344,2025-05-06,F03,Soda,Beverages,100
344,2025-05-06,F11,Raita,Indian,100
344,2025-05-06,F15,Ice Cream,Dessert,250
345,2025-04-28,F10,Chicken Biryani,Indian,550
345,2025-04-28,F05,Margherita Pizza,Italian,900
346,2025-03-24,F11,Raita,Indian,100
347,2025-03-05,F06,Garlic Bread,Italian,250
347,2025-03-05,F14,Chocolate Cake,Dessert,300
348,2025-01-07,F02,French Fries,Fast Food,200
348,2025-01-07,F15,Ice Cream,Dessert,250
349,2025-01-08,F07,California Roll Sushi,Japanese,700
349,2025-01-08,F08,Miso Soup,Japanese,150
350,2025-06-12,F09,Green Tea,Beverages,100
350,2025-06-12,F10,Chicken Biryani,Indian,550
351,2025-01-24,F14,Chocolate Cake,Dessert,300
352,2025-02-05,F04,Chicken Wings,Fast Food,500
352,2025-02-05,F02,French Fries,Fast Food,200
352,2025-02-05,F03,Soda,Beverages,100
353,2025-06-11,F05,Margherita Pizza,Italian,900
353,2025-06-11,F06,Garlic Bread,Italian,250
354,2025-03-04,F10,Chicken Biryani,Indian,550
354,2025-03-04,F11,Raita,Indian,100
354,2025-03-04,F12,Naan Bread,Indian,80
355,2025-05-28,F15,Ice Cream,Dessert,250
356,2025-01-16,F07,California Roll Sushi,Japanese,700
356,2025-01-16,F08,Miso Soup,Japanese,150
357,2025-04-06,F01,Beef Burger,Fast Food,450
357,2025-04-06,F11,Raita,Indian,100
357,2025-04-06,F04,Chicken Wings,Fast Food,500
357,2025-04-06,F05,Margherita Pizza,Italian,900
358,2025-05-21,F11,Raita,Indian,100
358,2025-05-21,F14,Chocolate Cake,Dessert,300
359,2025-02-06,F10,Chicken Biryani,Indian,550
359,2025-02-06,F14,Chocolate Cake,Dessert,300
360,2025-03-21,F10,Chicken Biryani,Indian,550
360,2025-03-21,F11,Raita,Indian,100
360,2025-03-21,F12,Naan Bread,Indian,80
361,2025-06-24,F07,California Roll Sushi,Japanese,700
361,2025-06-24,F08,Miso Soup,Japanese,150
362,2025-02-16,F03,Soda,Beverages,100
362,2025-02-16,F15,Ice Cream,Dessert,250
362,2025-02-16,F06,Garlic Bread,Italian,250
362,2025-02-16,F13,Chapati,Local,50
363,2025-06-17,F07,California Roll Sushi,Japanese,700
363,2025-06-17,F08,Miso Soup,Japanese,150
363,2025-06-17,F09,Green Tea,Beverages,100
364,2025-01-19,F07,California Roll Sushi,Japanese,700
364,2025-01-19,F11,Raita,Indian,100
364,2025-01-19,F08,Miso Soup,Japanese,150
365,2025-03-12,F01,Beef Burger,Fast Food,450
365,2025-03-12,F02,French Fries,Fast Food,200
365,2025-03-12,F03,Soda,Beverages,100
366,2025-02-22,F01,Beef Burger,Fast Food,450
366,2025-02-22,F02,French Fries,Fast Food,200
367,2025-04-15,F10,Chicken Biryani,Indian,550
367,2025-04-15,F11,Raita,Indian,100
367,2025-04-15,F12,Naan Bread,Indian,80
368,2025-05-25,F01,Beef Burger,Fast Food,450
368,2025-05-25,F02,French Fries,Fast Food,200
368,2025-05-25,F06,Garlic Bread,Italian,250
369,2025-03-07,F04,Chicken Wings,Fast Food,500
369,2025-03-07,F02,French Fries,Fast Food,200
369,2025-03-07,F03,Soda,Beverages,100
370,2025-04-12,F04,Chicken Wings,Fast Food,500
370,2025-04-12,F02,French Fries,Fast Food,200
370,2025-04-12,F14,Chocolate Cake,Dessert,300
371,2025-03-15,F07,California Roll Sushi,Japanese,700
371,2025-03-15,F08,Miso Soup,Japanese,150
371,2025-03-15,F09,Green Tea,Beverages,100
372,2025-06-25,F03,Soda,Beverages,100
372,2025-06-25,F13,Chapati,Local,50
372,2025-06-25,F12,Naan Bread,Indian,80
372,2025-06-25,F11,Raita,Indian,100
373,2025-06-21,F10,Chicken Biryani,Indian,550
373,2025-06-21,F11,Raita,Indian,100
373,2025-06-21,F12,Naan Bread,Indian,80
373,2025-06-21,F14,Chocolate Cake,Dessert,300
374,2025-04-02,F01,Beef Burger,Fast Food,450
375,2025-02-05,F01,Beef Burger,Fast Food,450
375,2025-02-05,F02,French Fries,Fast Food,200
376,2025-03-20,F01,Beef Burger,Fast Food,450
376,2025-03-20,F02,French Fries,Fast Food,200
377,2025-01-24,F06,Garlic Bread,Italian,250
377,2025-01-24,F15,Ice Cream,Dessert,250
378,2025-04-10,F03,Soda,Beverages,100
378,2025-04-10,F11,Raita,Indian,100
378,2025-04-10,F13,Chapati,Local,50
378,2025-04-10,F14,Chocolate Cake,Dessert,300
379,2025-05-10,F04,Chicken Wings,Fast Food,500
379,2025-05-10,F02,French Fries,Fast Food,200
379,2025-05-10,F03,Soda,Beverages,100
379,2025-05-10,F14,Chocolate Cake,Dessert,300
380,2025-01-11,F04,Chicken Wings,Fast Food,500
380,2025-01-11,F02,French Fries,Fast Food,200
380,2025-01-11,F15,Ice Cream,Dessert,250
381,2025-01-14,F12,Naan Bread,Indian,80
381,2025-01-14,F11,Raita,Indian,100
381,2025-01-14,F01,Beef Burger,Fast Food,450
381,2025-01-14,F04,Chicken Wings,Fast Food,500
382,2025-06-03,F01,Beef Burger,Fast Food,450
382,2025-06-03,F12,Naan Bread,Indian,80
383,2025-03-16,F06,Garlic Bread,Italian,250
384,2025-04-14,F01,Beef Burger,Fast Food,450
384,2025-04-14,F15,Ice Cream,Dessert,250
385,2025-05-29,F09,Green Tea,Beverages,100
385,2025-05-29,F15,Ice Cream,Dessert,250
385,2025-05-29,F11,Raita,Indian,100
385,2025-05-29,F04,Chicken Wings,Fast Food,500
386,2025-05-02,F13,Chapati,Local,50
386,2025-05-02,F14,Chocolate Cake,Dessert,300
387,2025-06-12,F02,French Fries,Fast Food,200
387,2025-06-12,F06,Garlic Bread,Italian,250
388,2025-05-19,F04,Chicken Wings,Fast Food,500
388,2025-05-19,F02,French Fries,Fast Food,200
388,2025-05-19,F03,Soda,Beverages,100
388,2025-05-19,F07,California Roll Sushi,Japanese,700
388,2025-05-19,F14,Chocolate Cake,Dessert,300
389,2025-03-01,F07,California Roll Sushi,Japanese,700
389,2025-03-01,F08,Miso Soup,Japanese,150
390,2025-02-28,F14,Chocolate Cake,Dessert,300
390,2025-02-28,F02,French Fries,Fast Food,200
390,2025-02-28,F03,Soda,Beverages,100
391,2025-02-11,F05,Margherita Pizza,Italian,900
391,2025-02-11,F06,Garlic Bread,Italian,250
391,2025-02-11,F03,Soda,Beverages,100
392,2025-06-23,F05,Margherita Pizza,Italian,900
392,2025-06-23,F06,Garlic Bread,Italian,250
392,2025-06-23,F03,Soda,Beverages,100
393,2025-03-20,F02,French Fries,Fast Food,200
393,2025-03-20,F07,California Roll Sushi,Japanese,700
393,2025-03-20,F12,Naan Bread,Indian,80
393,2025-03-20,F10,Chicken Biryani,Indian,550
394,2025-03-27,F05,Margherita Pizza,Italian,900
394,2025-03-27,F06,Garlic Bread,Italian,250
394,2025-03-27,F03,Soda,Beverages,100
394,2025-03-27,F15,Ice Cream,Dessert,250
395,2025-03-13,F01,Beef Burger,Fast Food,450
395,2025-03-13,F02,French Fries,Fast Food,200
396,2025-01-14,F05,Margherita Pizza,Italian,900
396,2025-01-14,F14,Chocolate Cake,Dessert,300
397,2025-01-11,F02,French Fries,Fast Food,200
397,2025-01-11,F12,Naan Bread,Indian,80
397,2025-01-11,F01,Beef Burger,Fast Food,450
397,2025-01-11,F11,Raita,Indian,100
398,2025-04-28,F01,Beef Burger,Fast Food,450
398,2025-04-28,F02,French Fries,Fast Food,200
398,2025-04-28,F14,Chocolate Cake,Dessert,300
399,2025-06-29,F06,Garlic Bread,Italian,250
400,2025-01-23,F10,Chicken Biryani,Indian,550
400,2025-01-23,F11,Raita,Indian,100
400,2025-01-23,F12,Naan Bread,Indian,80
401,2025-03-17,F10,Chicken Biryani,Indian,550
401,2025-03-17,F11,Raita,Indian,100
401,2025-03-17,F12,Naan Bread,Indian,80
402,2025-04-28,F05,Margherita Pizza,Italian,900
402,2025-04-28,F06,Garlic Bread,Italian,250
403,2025-06-21,F10,Chicken Biryani,Indian,550
403,2025-06-21,F11,Raita,Indian,100
403,2025-06-21,F12,Naan Bread,Indian,80
404,2025-04-30,F01,Beef Burger,Fast Food,450
404,2025-04-30,F02,French Fries,Fast Food,200
404,2025-04-30,F03,Soda,Beverages,100
405,2025-02-26,F10,Chicken Biryani,Indian,550
405,2025-02-26,F11,Raita,Indian,100
405,2025-02-26,F12,Naan Bread,Indian,80
405,2025-02-26,F15,Ice Cream,Dessert,250
406,2025-01-17,F01,Beef Burger,Fast Food,450
406,2025-01-17,F02,French Fries,Fast Food,200
406,2025-01-17,F06,Garlic Bread,Italian,250
407,2025-05-18,F15,Ice Cream,Dessert,250
407,2025-05-18,F06,Garlic Bread,Italian,250
407,2025-05-18,F05,Margherita Pizza,Italian,900
407,2025-05-18,F11,Raita,Indian,100
408,2025-02-25,F05,Margherita Pizza,Italian,900
408,2025-02-25,F06,Garlic Bread,Italian,250
408,2025-02-25,F03,Soda,Beverages,100
409,2025-01-07,F03,Soda,Beverages,100
409,2025-01-07,F15,Ice Cream,Dessert,250
410,2025-04-24,F10,Chicken Biryani,Indian,550
410,2025-04-24,F01,Beef Burger,Fast Food,450
410,2025-04-24,F04,Chicken Wings,Fast Food,500
410,2025-04-24,F05,Margherita Pizza,Italian,900
411,2025-04-23,F01,Beef Burger,Fast Food,450
411,2025-04-23,F02,French Fries,Fast Food,200
412,2025-06-28,F01,Beef Burger,Fast Food,450
412,2025-06-28,F02,French Fries,Fast Food,200
412,2025-06-28,F03,Soda,Beverages,100
412,2025-06-28,F14,Chocolate Cake,Dessert,300
413,2025-01-20,F06,Garlic Bread,Italian,250
413,2025-01-20,F15,Ice Cream,Dessert,250
413,2025-01-20,F10,Chicken Biryani,Indian,550
413,2025-01-20,F14,Chocolate Cake,Dessert,300
414,2025-06-10,F05,Margherita Pizza,Italian,900
414,2025-06-10,F06,Garlic Bread,Italian,250
415,2025-06-14,F03,Soda,Beverages,100
415,2025-06-14,F14,Chocolate Cake,Dessert,300
415,2025-06-14,F07,California Roll Sushi,Japanese,700
416,2025-03-20,F13,Chapati,Local,50
417,2025-06-04,F05,Margherita Pizza,Italian,900
417,2025-06-04,F06,Garlic Bread,Italian,250
418,2025-03-12,F09,Green Tea,Beverages,100
418,2025-03-12,F02,French Fries,Fast Food,200
418,2025-03-12,F03,Soda,Beverages,100
419,2025-05-13,F03,Soda,Beverages,100
419,2025-05-13,F15,Ice Cream,Dessert,250
420,2025-06-11,F01,Beef Burger,Fast Food,450
420,2025-06-11,F02,French Fries,Fast Food,200
421,2025-02-14,F07,California Roll Sushi,Japanese,700
421,2025-02-14,F08,Miso Soup,Japanese,150
421,2025-02-14,F09,Green Tea,Beverages,100
421,2025-02-14,F15,Ice Cream,Dessert,250
422,2025-04-01,F04,Chicken Wings,Fast Food,500
422,2025-04-01,F02,French Fries,Fast Food,200
422,2025-04-01,F03,Soda,Beverages,100
423,2025-05-09,F01,Beef Burger,Fast Food,450
424,2025-01-12,F01,Beef Burger,Fast Food,450
424,2025-01-12,F02,French Fries,Fast Food,200
424,2025-01-12,F03,Soda,Beverages,100
424,2025-01-12,F12,Naan Bread,Indian,80
425,2025-05-02,F01,Beef Burger,Fast Food,450
425,2025-05-02,F02,French Fries,Fast Food,200
425,2025-05-02,F15,Ice Cream,Dessert,250
426,2025-04-01,F05,Margherita Pizza,Italian,900
426,2025-04-01,F06,Garlic Bread,Italian,250
427,2025-05-26,F06,Garlic Bread,Italian,250
428,2025-03-10,F05,Margherita Pizza,Italian,900
428,2025-03-10,F06,Garlic Bread,Italian,250
429,2025-03-09,F15,Ice Cream,Dessert,250
429,2025-03-09,F14,Chocolate Cake,Dessert,300
430,2025-05-30,F04,Chicken Wings,Fast Food,500
430,2025-05-30,F02,French Fries,Fast Food,200
430,2025-05-30,F14,Chocolate Cake,Dessert,300
431,2025-03-23,F04,Chicken Wings,Fast Food,500
431,2025-03-23,F02,French Fries,Fast Food,200
431,2025-03-23,F03,Soda,Beverages,100
432,2025-03-23,F04,Chicken Wings,Fast Food,500
432,2025-03-23,F10,Chicken Biryani,Indian,550
433,2025-05-18,F01,Beef Burger,Fast Food,450
433,2025-05-18,F02,French Fries,Fast Food,200
434,2025-05-24,F04,Chicken Wings,Fast Food,500
434,2025-05-24,F02,French Fries,Fast Food,200
434,2025-05-24,F14,Chocolate Cake,Dessert,300
435,2025-01-04,F08,Miso Soup,Japanese,150
436,2025-06-27,F10,Chicken Biryani,Indian,550
436,2025-06-27,F11,Raita,Indian,100
436,2025-06-27,F12,Naan Bread,Indian,80
436,2025-06-27,F15,Ice Cream,Dessert,250
437,2025-05-09,F03,Soda,Beverages,100
437,2025-05-09,F10,Chicken Biryani,Indian,550
437,2025-05-09,F15,Ice Cream,Dessert,250
438,2025-04-24,F12,Naan Bread,Indian,80
438,2025-04-24,F02,French Fries,Fast Food,200
439,2025-02-11,F04,Chicken Wings,Fast Food,500
439,2025-02-11,F02,French Fries,Fast Food,200
439,2025-02-11,F03,Soda,Beverages,100
440,2025-03-20,F10,Chicken Biryani,Indian,550
440,2025-03-20,F11,Raita,Indian,100
440,2025-03-20,F12,Naan Bread,Indian,80
441,2025-04-09,F06,Garlic Bread,Italian,250
441,2025-04-09,F09,Green Tea,Beverages,100
441,2025-04-09,F14,Chocolate Cake,Dessert,300
442,2025-06-26,F05,Margherita Pizza,Italian,900
442,2025-06-26,F06,Garlic Bread,Italian,250
442,2025-06-26,F03,Soda,Beverages,100
443,2025-04-13,F05,Margherita Pizza,Italian,900
443,2025-04-13,F06,Garlic Bread,Italian,250
444,2025-02-19,F05,Margherita Pizza,Italian,900
444,2025-02-19,F06,Garlic Bread,Italian,250
444,2025-02-19,F03,Soda,Beverages,100
445,2025-03-17,F01,Beef Burger,Fast Food,450
445,2025-03-17,F02,French Fries,Fast Food,200
446,2025-02-13,F14,Chocolate Cake,Dessert,300
446,2025-02-13,F05,Margherita Pizza,Italian,900
446,2025-02-13,F15,Ice Cream,Dessert,250
446,2025-02-13,F13,Chapati,Local,50
447,2025-05-22,F07,California Roll Sushi,Japanese,700
447,2025-05-22,F03,Soda,Beverages,100
448,2025-04-10,F01,Beef Burger,Fast Food,450
448,2025-04-10,F02,French Fries,Fast Food,200
448,2025-04-10,F03,Soda,Beverages,100
448,2025-04-10,F11,Raita,Indian,100
449,2025-06-12,F02,French Fries,Fast Food,200
450,2025-03-16,F01,Beef Burger,Fast Food,450
450,2025-03-16,F02,French Fries,Fast Food,200
450,2025-03-16,F05,Margherita Pizza,Italian,900
451,2025-03-06,F01,Beef Burger,Fast Food,450
451,2025-03-06,F02,French Fries,Fast Food,200
452,2025-03-06,F01,Beef Burger,Fast Food,450
452,2025-03-06,F15,Ice Cream,Dessert,250
453,2025-03-05,F08,Miso Soup,Japanese,150
453,2025-03-05,F14,Chocolate Cake,Dessert,300
454,2025-05-01,F07,California Roll Sushi,Japanese,700
454,2025-05-01,F08,Miso Soup,Japanese,150
455,2025-01-14,F12,Naan Bread,Indian,80
455,2025-01-14,F15,Ice Cream,Dessert,250
456,2025-03-07,F08,Miso Soup,Japanese,150
456,2025-03-07,F07,California Roll Sushi,Japanese,700
457,2025-06-19,F04,Chicken Wings,Fast Food,500
457,2025-06-19,F02,French Fries,Fast Food,200
457,2025-06-19,F12,Naan Bread,Indian,80
458,2025-03-17,F02,French Fries,Fast Food,200
458,2025-03-17,F09,Green Tea,Beverages,100
458,2025-03-17,F08,Miso Soup,Japanese,150
459,2025-03-14,F07,California Roll Sushi,Japanese,700
459,2025-03-14,F08,Miso Soup,Japanese,150
460,2025-05-31,F02,French Fries,Fast Food,200
461,2025-06-22,F14,Chocolate Cake,Dessert,300
462,2025-02-01,F08,Miso Soup,Japanese,150
463,2025-05-14,F07,California Roll Sushi,Japanese,700
463,2025-05-14,F08,Miso Soup,Japanese,150
463,2025-05-14,F09,Green Tea,Beverages,100
464,2025-04-26,F07,California Roll Sushi,Japanese,700
464,2025-04-26,F08,Miso Soup,Japanese,150
465,2025-05-05,F12,Naan Bread,Indian,80
466,2025-01-20,F07,California Roll Sushi,Japanese,700
466,2025-01-20,F08,Miso Soup,Japanese,150
466,2025-01-20,F09,Green Tea,Beverages,100
467,2025-01-24,F07,California Roll Sushi,Japanese,700
467,2025-01-24,F08,Miso Soup,Japanese,150
467,2025-01-24,F09,Green Tea,Beverages,100
468,2025-02-14,F10,Chicken Biryani,Indian,550
468,2025-02-14,F11,Raita,Indian,100
468,2025-02-14,F12,Naan Bread,Indian,80
469,2025-02-08,F15,Ice Cream,Dessert,250
469,2025-02-08,F09,Green Tea,Beverages,100
469,2025-02-08,F02,French Fries,Fast Food,200
469,2025-02-08,F11,Raita,Indian,100
470,2025-01-02,F13,Chapati,Local,50
471,2025-03-14,F05,Margherita Pizza,Italian,900
471,2025-03-14,F06,Garlic Bread,Italian,250
471,2025-03-14,F13,Chapati,Local,50
471,2025-03-14,F15,Ice Cream,Dessert,250
472,2025-05-21,F08,Miso Soup,Japanese,150
472,2025-05-21,F13,Chapati,Local,50
472,2025-05-21,F15,Ice Cream,Dessert,250
473,2025-01-29,F04,Chicken Wings,Fast Food,500
474,2025-04-22,F01,Beef Burger,Fast Food,450
474,2025-04-22,F04,Chicken Wings,Fast Food,500
474,2025-04-22,F05,Margherita Pizza,Italian,900
475,2025-02-27,F04,Chicken Wings,Fast Food,500
475,2025-02-27,F02,French Fries,Fast Food,200
475,2025-02-27,F05,Margherita Pizza,Italian,900
476,2025-01-11,F01,Beef Burger,Fast Food,450
476,2025-01-11,F02,French Fries,Fast Food,200
476,2025-01-11,F03,Soda,Beverages,100
477,2025-02-16,F02,French Fries,Fast Food,200
478,2025-03-13,F07,California Roll Sushi,Japanese,700
478,2025-03-13,F08,Miso Soup,Japanese,150
479,2025-06-12,F15,Ice Cream,Dessert,250
479,2025-06-12,F13,Chapati,Local,50
479,2025-06-12,F10,Chicken Biryani,Indian,550
479,2025-06-12,F11,Raita,Indian,100
480,2025-03-15,F01,Beef Burger,Fast Food,450
480,2025-03-15,F02,French Fries,Fast Food,200
481,2025-05-23,F04,Chicken Wings,Fast Food,500
481,2025-05-23,F02,French Fries,Fast Food,200
481,2025-05-23,F03,Soda,Beverages,100
481,2025-05-23,F14,Chocolate Cake,Dessert,300
482,2025-06-20,F12,Naan Bread,Indian,80
482,2025-06-20,F14,Chocolate Cake,Dessert,300
483,2025-06-14,F13,Chapati,Local,50
484,2025-06-15,F01,Beef Burger,Fast Food,450
484,2025-06-15,F03,Soda,Beverages,100
484,2025-06-15,F14,Chocolate Cake,Dessert,300
485,2025-06-30,F10,Chicken Biryani,Indian,550
485,2025-06-30,F04,Chicken Wings,Fast Food,500
485,2025-06-30,F09,Green Tea,Beverages,100
485,2025-06-30,F06,Garlic Bread,Italian,250
486,2025-01-12,F01,Beef Burger,Fast Food,450
486,2025-01-12,F02,French Fries,Fast Food,200
487,2025-01-23,F10,Chicken Biryani,Indian,550
487,2025-01-23,F12,Naan Bread,Indian,80
488,2025-02-06,F10,Chicken Biryani,Indian,550
488,2025-02-06,F05,Margherita Pizza,Italian,900
489,2025-03-14,F04,Chicken Wings,Fast Food,500
489,2025-03-14,F02,French Fries,Fast Food,200
489,2025-03-14,F15,Ice Cream,Dessert,250
490,2025-01-24,F05,Margherita Pizza,Italian,900
490,2025-01-24,F06,Garlic Bread,Italian,250
491,2025-04-13,F15,Ice Cream,Dessert,250
492,2025-03-25,F10,Chicken Biryani,Indian,550
492,2025-03-25,F11,Raita,Indian,100
492,2025-03-25,F12,Naan Bread,Indian,80
493,2025-04-27,F04,Chicken Wings,Fast Food,500
494,2025-03-20,F13,Chapati,Local,50
495,2025-05-06,F08,Miso Soup,Japanese,150
495,2025-05-06,F09,Green Tea,Beverages,100
495,2025-05-06,F01,Beef Burger,Fast Food,450
495,2025-05-06,F15,Ice Cream,Dessert,250
496,2025-04-22,F04,Chicken Wings,Fast Food,500
496,2025-04-22,F03,Soda,Beverages,100
496,2025-04-22,F15,Ice Cream,Dessert,250
496,2025-04-22,F14,Chocolate Cake,Dessert,300
497,2025-02-09,F07,California Roll Sushi,Japanese,700
497,2025-02-09,F08,Miso Soup,Japanese,150
497,2025-02-09,F09,Green Tea,Beverages,100
498,2025-06-23,F08,Miso Soup,Japanese,150
499,2025-06-30,F07,California Roll Sushi,Japanese,700
499,2025-06-30,F08,Miso Soup,Japanese,150
499,2025-06-30,F09,Green Tea,Beverages,100
500,2025-06-04,F01,Beef Burger,Fast Food,450
500,2025-06-04,F02,French Fries,Fast Food,200
500,2025-06-04,F03,Soda,Beverages,100
501,2025-05-01,F12,Naan Bread,Indian,80
501,2025-05-01,F02,French Fries,Fast Food,200
501,2025-05-01,F09,Green Tea,Beverages,100
502,2025-02-02,F02,French Fries,Fast Food,200
502,2025-02-02,F15,Ice Cream,Dessert,250
502,2025-02-02,F10,Chicken Biryani,Indian,550
503,2025-03-01,F07,California Roll Sushi,Japanese,700
503,2025-03-01,F08,Miso Soup,Japanese,150
504,2025-04-14,F05,Margherita Pizza,Italian,900
504,2025-04-14,F06,Garlic Bread,Italian,250
504,2025-04-14,F03,Soda,Beverages,100
505,2025-01-16,F05,Margherita Pizza,Italian,900
506,2025-02-07,F01,Beef Burger,Fast Food,450
506,2025-02-07,F02,French Fries,Fast Food,200
506,2025-02-07,F03,Soda,Beverages,100
507,2025-02-14,F10,Chicken Biryani,Indian,550
507,2025-02-14,F11,Raita,Indian,100
507,2025-02-14,F12,Naan Bread,Indian,80
508,2025-04-30,F13,Chapati,Local,50
508,2025-04-30,F04,Chicken Wings,Fast Food,500
509,2025-01-16,F01,Beef Burger,Fast Food,450
509,2025-01-16,F02,French Fries,Fast Food,200
510,2025-02-23,F01,Beef Burger,Fast Food,450
511,2025-01-23,F09,Green Tea,Beverages,100
512,2025-04-09,F15,Ice Cream,Dessert,250
513,2025-03-02,F08,Miso Soup,Japanese,150
513,2025-03-02,F14,Chocolate Cake,Dessert,300
514,2025-03-06,F04,Chicken Wings,Fast Food,500
514,2025-03-06,F13,Chapati,Local,50
514,2025-03-06,F09,Green Tea,Beverages,100
514,2025-03-06,F15,Ice Cream,Dessert,250
515,2025-01-20,F01,Beef Burger,Fast Food,450
515,2025-01-20,F02,French Fries,Fast Food,200
515,2025-01-20,F09,Green Tea,Beverages,100
516,2025-05-31,F10,Chicken Biryani,Indian,550
516,2025-05-31,F11,Raita,Indian,100
516,2025-05-31,F12,Naan Bread,Indian,80
517,2025-03-03,F05,Margherita Pizza,Italian,900
517,2025-03-03,F06,Garlic Bread,Italian,250
517,2025-03-03,F15,Ice Cream,Dessert,250
518,2025-01-01,F10,Chicken Biryani,Indian,550
518,2025-01-01,F11,Raita,Indian,100
518,2025-01-01,F12,Naan Bread,Indian,80
519,2025-02-16,F09,Green Tea,Beverages,100
519,2025-02-16,F03,Soda,Beverages,100
520,2025-04-01,F07,California Roll Sushi,Japanese,700
520,2025-04-01,F08,Miso Soup,Japanese,150
520,2025-04-01,F09,Green Tea,Beverages,100
521,2025-05-12,F14,Chocolate Cake,Dessert,300
521,2025-05-12,F09,Green Tea,Beverages,100
521,2025-05-12,F11,Raita,Indian,100
521,2025-05-12,F04,Chicken Wings,Fast Food,500
521,2025-05-12,F15,Ice Cream,Dessert,250
522,2025-05-31,F10,Chicken Biryani,Indian,550
522,2025-05-31,F04,Chicken Wings,Fast Food,500
522,2025-05-31,F12,Naan Bread,Indian,80
522,2025-05-31,F15,Ice Cream,Dessert,250
523,2025-01-26,F04,Chicken Wings,Fast Food,500
524,2025-06-13,F05,Margherita Pizza,Italian,900
524,2025-06-13,F04,Chicken Wings,Fast Food,500
524,2025-06-13,F08,Miso Soup,Japanese,150
524,2025-06-13,F14,Chocolate Cake,Dessert,300
525,2025-04-09,F03,Soda,Beverages,100
526,2025-06-11,F05,Margherita Pizza,Italian,900
526,2025-06-11,F06,Garlic Bread,Italian,250
526,2025-06-11,F03,Soda,Beverages,100
527,2025-06-18,F07,California Roll Sushi,Japanese,700
527,2025-06-18,F08,Miso Soup,Japanese,150
527,2025-06-18,F09,Green Tea,Beverages,100
527,2025-06-18,F14,Chocolate Cake,Dessert,300
528,2025-03-29,F07,California Roll Sushi,Japanese,700
528,2025-03-29,F08,Miso Soup,Japanese,150
528,2025-03-29,F09,Green Tea,Beverages,100
529,2025-06-03,F05,Margherita Pizza,Italian,900
529,2025-06-03,F07,California Roll Sushi,Japanese,700
529,2025-06-03,F02,French Fries,Fast Food,200
530,2025-04-07,F10,Chicken Biryani,Indian,550
530,2025-04-07,F11,Raita,Indian,100
530,2025-04-07,F12,Naan Bread,Indian,80
531,2025-02-24,F05,Margherita Pizza,Italian,900
532,2025-03-11,F01,Beef Burger,Fast Food,450
532,2025-03-11,F02,French Fries,Fast Food,200
532,2025-03-11,F03,Soda,Beverages,100
533,2025-06-10,F07,California Roll Sushi,Japanese,700
533,2025-06-10,F14,Chocolate Cake,Dessert,300
534,2025-01-09,F04,Chicken Wings,Fast Food,500
534,2025-01-09,F02,French Fries,Fast Food,200
534,2025-01-09,F03,Soda,Beverages,100
535,2025-05-24,F10,Chicken Biryani,Indian,550
535,2025-05-24,F11,Raita,Indian,100
535,2025-05-24,F12,Naan Bread,Indian,80
536,2025-03-19,F05,Margherita Pizza,Italian,900
537,2025-04-15,F01,Beef Burger,Fast Food,450
537,2025-04-15,F02,French Fries,Fast Food,200
538,2025-02-02,F01,Beef Burger,Fast Food,450
538,2025-02-02,F02,French Fries,Fast Food,200
538,2025-02-02,F03,Soda,Beverages,100
539,2025-05-04,F10,Chicken Biryani,Indian,550
539,2025-05-04,F11,Raita,Indian,100
539,2025-05-04,F12,Naan Bread,Indian,80
540,2025-02-03,F14,Chocolate Cake,Dessert,300
541,2025-01-21,F08,Miso Soup,Japanese,150
541,2025-01-21,F09,Green Tea,Beverages,100
541,2025-01-21,F12,Naan Bread,Indian,80
541,2025-01-21,F02,French Fries,Fast Food,200
542,2025-02-08,F10,Chicken Biryani,Indian,550
542,2025-02-08,F11,Raita,Indian,100
542,2025-02-08,F12,Naan Bread,Indian,80
543,2025-02-13,F15,Ice Cream,Dessert,250
544,2025-06-14,F06,Garlic Bread,Italian,250
545,2025-04-17,F09,Green Tea,Beverages,100
546,2025-05-09,F04,Chicken Wings,Fast Food,500
546,2025-05-09,F02,French Fries,Fast Food,200
546,2025-05-09,F03,Soda,Beverages,100
547,2025-01-05,F12,Naan Bread,Indian,80
547,2025-01-05,F13,Chapati,Local,50
548,2025-01-01,F07,California Roll Sushi,Japanese,700
548,2025-01-01,F08,Miso Soup,Japanese,150
549,2025-03-04,F03,Soda,Beverages,100
549,2025-03-04,F04,Chicken Wings,Fast Food,500
550,2025-04-23,F04,Chicken Wings,Fast Food,500
550,2025-04-23,F02,French Fries,Fast Food,200
551,2025-01-20,F01,Beef Burger,Fast Food,450
551,2025-01-20,F02,French Fries,Fast Food,200
551,2025-01-20,F03,Soda,Beverages,100
552,2025-01-07,F01,Beef Burger,Fast Food,450
552,2025-01-07,F02,French Fries,Fast Food,200
552,2025-01-07,F03,Soda,Beverages,100
552,2025-01-07,F15,Ice Cream,Dessert,250
553,2025-06-13,F04,Chicken Wings,Fast Food,500
554,2025-04-15,F01,Beef Burger,Fast Food,450
554,2025-04-15,F02,French Fries,Fast Food,200
554,2025-04-15,F03,Soda,Beverages,100
555,2025-02-16,F10,Chicken Biryani,Indian,550
555,2025-02-16,F14,Chocolate Cake,Dessert,300
555,2025-02-16,F05,Margherita Pizza,Italian,900
555,2025-02-16,F15,Ice Cream,Dessert,250
556,2025-03-21,F11,Raita,Indian,100
557,2025-03-02,F07,California Roll Sushi,Japanese,700
557,2025-03-02,F08,Miso Soup,Japanese,150
557,2025-03-02,F09,Green Tea,Beverages,100
558,2025-01-28,F11,Raita,Indian,100
559,2025-01-19,F15,Ice Cream,Dessert,250
559,2025-01-19,F14,Chocolate Cake,Dessert,300
560,2025-01-21,F13,Chapati,Local,50
561,2025-06-08,F09,Green Tea,Beverages,100
561,2025-06-08,F15,Ice Cream,Dessert,250
562,2025-03-28,F03,Soda,Beverages,100
562,2025-03-28,F06,Garlic Bread,Italian,250
562,2025-03-28,F09,Green Tea,Beverages,100
562,2025-03-28,F15,Ice Cream,Dessert,250
563,2025-06-10,F14,Chocolate Cake,Dessert,300
563,2025-06-10,F08,Miso Soup,Japanese,150
563,2025-06-10,F15,Ice Cream,Dessert,250
564,2025-04-16,F14,Chocolate Cake,Dessert,300
565,2025-03-03,F01,Beef Burger,Fast Food,450
565,2025-03-03,F02,French Fries,Fast Food,200
565,2025-03-03,F03,Soda,Beverages,100
565,2025-03-03,F15,Ice Cream,Dessert,250
566,2025-05-04,F06,Garlic Bread,Italian,250
566,2025-05-04,F13,Chapati,Local,50
567,2025-02-04,F04,Chicken Wings,Fast Food,500
567,2025-02-04,F02,French Fries,Fast Food,200
568,2025-03-12,F10,Chicken Biryani,Indian,550
568,2025-03-12,F11,Raita,Indian,100
568,2025-03-12,F12,Naan Bread,Indian,80
568,2025-03-12,F05,Margherita Pizza,Italian,900
569,2025-02-12,F14,Chocolate Cake,Dessert,300
569,2025-02-12,F02,French Fries,Fast Food,200
569,2025-02-12,F07,California Roll Sushi,Japanese,700
569,2025-02-12,F09,Green Tea,Beverages,100
570,2025-03-14,F05,Margherita Pizza,Italian,900
570,2025-03-14,F06,Garlic Bread,Italian,250
570,2025-03-14,F15,Ice Cream,Dessert,250
571,2025-02-08,F01,Beef Burger,Fast Food,450
571,2025-02-08,F14,Chocolate Cake,Dessert,300
572,2025-05-31,F02,French Fries,Fast Food,200
572,2025-05-31,F03,Soda,Beverages,100
572,2025-05-31,F13,Chapati,Local,50
572,2025-05-31,F07,California Roll Sushi,Japanese,700
573,2025-06-12,F07,California Roll Sushi,Japanese,700
573,2025-06-12,F08,Miso Soup,Japanese,150
574,2025-02-27,F10,Chicken Biryani,Indian,550
574,2025-02-27,F07,California Roll Sushi,Japanese,700
574,2025-02-27,F11,Raita,Indian,100
574,2025-02-27,F14,Chocolate Cake,Dessert,300
575,2025-03-07,F04,Chicken Wings,Fast Food,500
575,2025-03-07,F07,California Roll Sushi,Japanese,700
576,2025-01-13,F09,Green Tea,Beverages,100
576,2025-01-13,F07,California Roll Sushi,Japanese,700
576,2025-01-13,F05,Margherita Pizza,Italian,900
577,2025-02-10,F07,California Roll Sushi,Japanese,700
577,2025-02-10,F13,Chapati,Local,50
577,2025-02-10,F06,Garlic Bread,Italian,250
578,2025-06-05,F13,Chapati,Local,50
579,2025-04-04,F13,Chapati,Local,50
579,2025-04-04,F06,Garlic Bread,Italian,250
580,2025-04-21,F15,Ice Cream,Dessert,250
581,2025-01-08,F11,Raita,Indian,100
581,2025-01-08,F10,Chicken Biryani,Indian,550
581,2025-01-08,F09,Green Tea,Beverages,100
581,2025-01-08,F08,Miso Soup,Japanese,150
582,2025-02-19,F09,Green Tea,Beverages,100
582,2025-02-19,F15,Ice Cream,Dessert,250
583,2025-03-25,F07,California Roll Sushi,Japanese,700
583,2025-03-25,F08,Miso Soup,Japanese,150
584,2025-05-04,F01,Beef Burger,Fast Food,450
584,2025-05-04,F02,French Fries,Fast Food,200
584,2025-05-04,F03,Soda,Beverages,100
585,2025-04-08,F01,Beef Burger,Fast Food,450
585,2025-04-08,F02,French Fries,Fast Food,200
586,2025-04-06,F07,California Roll Sushi,Japanese,700
586,2025-04-06,F08,Miso Soup,Japanese,150
587,2025-03-17,F14,Chocolate Cake,Dessert,300
588,2025-04-10,F07,California Roll Sushi,Japanese,700
588,2025-04-10,F08,Miso Soup,Japanese,150
588,2025-04-10,F09,Green Tea,Beverages,100
588,2025-04-10,F12,Naan Bread,Indian,80
589,2025-06-02,F04,Chicken Wings,Fast Food,500
589,2025-06-02,F02,French Fries,Fast Food,200
589,2025-06-02,F13,Chapati,Local,50
590,2025-04-05,F04,Chicken Wings,Fast Food,500
590,2025-04-05,F02,French Fries,Fast Food,200
591,2025-04-09,F04,Chicken Wings,Fast Food,500
591,2025-04-09,F02,French Fries,Fast Food,200
592,2025-04-06,F07,California Roll Sushi,Japanese,700
592,2025-04-06,F08,Miso Soup,Japanese,150
592,2025-04-06,F09,Green Tea,Beverages,100
593,2025-05-06,F04,Chicken Wings,Fast Food,500
593,2025-05-06,F02,French Fries,Fast Food,200
594,2025-05-12,F10,Chicken Biryani,Indian,550
594,2025-05-12,F11,Raita,Indian,100
594,2025-05-12,F12,Naan Bread,Indian,80
595,2025-02-11,F12,Naan Bread,Indian,80
595,2025-02-11,F13,Chapati,Local,50
596,2025-01-08,F08,Miso Soup,Japanese,150
596,2025-01-08,F04,Chicken Wings,Fast Food,500
596,2025-01-08,F01,Beef Burger,Fast Food,450
596,2025-01-08,F15,Ice Cream,Dessert,250
597,2025-04-05,F01,Beef Burger,Fast Food,450
598,2025-06-13,F10,Chicken Biryani,Indian,550
598,2025-06-13,F11,Raita,Indian,100
598,2025-06-13,F12,Naan Bread,Indian,80
599,2025-03-03,F01,Beef Burger,Fast Food,450
599,2025-03-03,F05,Margherita Pizza,Italian,900
600,2025-02-18,F10,Chicken Biryani,Indian,550
600,2025-02-18,F11,Raita,Indian,100
600,2025-02-18,F12,Naan Bread,Indian,80
601,2025-03-26,F07,California Roll Sushi,Japanese,700
601,2025-03-26,F08,Miso Soup,Japanese,150
601,2025-03-26,F09,Green Tea,Beverages,100
602,2025-04-30,F06,Garlic Bread,Italian,250
602,2025-04-30,F09,Green Tea,Beverages,100
602,2025-04-30,F12,Naan Bread,Indian,80
602,2025-04-30,F04,Chicken Wings,Fast Food,500
603,2025-03-03,F09,Green Tea,Beverages,100
603,2025-03-03,F10,Chicken Biryani,Indian,550
604,2025-05-11,F06,Garlic Bread,Italian,250
604,2025-05-11,F01,Beef Burger,Fast Food,450
604,2025-05-11,F03,Soda,Beverages,100
604,2025-05-11,F13,Chapati,Local,50
605,2025-02-07,F05,Margherita Pizza,Italian,900
605,2025-02-07,F06,Garlic Bread,Italian,250
606,2025-01-25,F04,Chicken Wings,Fast Food,500
606,2025-01-25,F02,French Fries,Fast Food,200
606,2025-01-25,F14,Chocolate Cake,Dessert,300
607,2025-05-23,F01,Beef Burger,Fast Food,450
608,2025-06-08,F05,Margherita Pizza,Italian,900
608,2025-06-08,F06,Garlic Bread,Italian,250
609,2025-03-27,F07,California Roll Sushi,Japanese,700
609,2025-03-27,F08,Miso Soup,Japanese,150
609,2025-03-27,F09,Green Tea,Beverages,100
610,2025-04-03,F01,Beef Burger,Fast Food,450
610,2025-04-03,F02,French Fries,Fast Food,200
610,2025-04-03,F03,Soda,Beverages,100
610,2025-04-03,F14,Chocolate Cake,Dessert,300
611,2025-05-27,F04,Chicken Wings,Fast Food,500
611,2025-05-27,F08,Miso Soup,Japanese,150
612,2025-03-11,F04,Chicken Wings,Fast Food,500
612,2025-03-11,F02,French Fries,Fast Food,200
612,2025-03-11,F12,Naan Bread,Indian,80
613,2025-05-06,F03,Soda,Beverages,100
613,2025-05-06,F06,Garlic Bread,Italian,250
614,2025-03-13,F08,Miso Soup,Japanese,150
614,2025-03-13,F04,Chicken Wings,Fast Food,500
615,2025-01-23,F05,Margherita Pizza,Italian,900
616,2025-05-10,F13,Chapati,Local,50
617,2025-05-01,F10,Chicken Biryani,Indian,550
617,2025-05-01,F08,Miso Soup,Japanese,150
617,2025-05-01,F01,Beef Burger,Fast Food,450
618,2025-02-19,F15,Ice Cream,Dessert,250
619,2025-01-15,F12,Naan Bread,Indian,80
620,2025-01-13,F05,Margherita Pizza,Italian,900
620,2025-01-13,F02,French Fries,Fast Food,200
620,2025-01-13,F09,Green Tea,Beverages,100
620,2025-01-13,F08,Miso Soup,Japanese,150
621,2025-01-07,F10,Chicken Biryani,Indian,550
621,2025-01-07,F11,Raita,Indian,100
621,2025-01-07,F12,Naan Bread,Indian,80
622,2025-03-22,F04,Chicken Wings,Fast Food,500
622,2025-03-22,F02,French Fries,Fast Food,200
622,2025-03-22,F13,Chapati,Local,50
622,2025-03-22,F14,Chocolate Cake,Dessert,300
623,2025-06-22,F01,Beef Burger,Fast Food,450
623,2025-06-22,F02,French Fries,Fast Food,200
623,2025-06-22,F03,Soda,Beverages,100
623,2025-06-22,F06,Garlic Bread,Italian,250
624,2025-03-05,F01,Beef Burger,Fast Food,450
624,2025-03-05,F02,French Fries,Fast Food,200
624,2025-03-05,F03,Soda,Beverages,100
625,2025-06-06,F15,Ice Cream,Dessert,250
625,2025-06-06,F13,Chapati,Local,50
625,2025-06-06,F11,Raita,Indian,100
626,2025-04-08,F01,Beef Burger,Fast Food,450
626,2025-04-08,F05,Margherita Pizza,Italian,900
626,2025-04-08,F03,Soda,Beverages,100
626,2025-04-08,F10,Chicken Biryani,Indian,550
627,2025-04-08,F05,Margherita Pizza,Italian,900
627,2025-04-08,F06,Garlic Bread,Italian,250
627,2025-04-08,F03,Soda,Beverages,100
628,2025-01-08,F10,Chicken Biryani,Indian,550
628,2025-01-08,F11,Raita,Indian,100
628,2025-01-08,F12,Naan Bread,Indian,80
628,2025-01-08,F15,Ice Cream,Dessert,250
629,2025-04-13,F07,California Roll Sushi,Japanese,700
629,2025-04-13,F08,Miso Soup,Japanese,150
629,2025-04-13,F09,Green Tea,Beverages,100
629,2025-04-13,F10,Chicken Biryani,Indian,550
630,2025-05-30,F05,Margherita Pizza,Italian,900
630,2025-05-30,F14,Chocolate Cake,Dessert,300
631,2025-02-28,F01,Beef Burger,Fast Food,450
631,2025-02-28,F15,Ice Cream,Dessert,250
632,2025-01-26,F01,Beef Burger,Fast Food,450
632,2025-01-26,F02,French Fries,Fast Food,200
632,2025-01-26,F03,Soda,Beverages,100
633,2025-01-19,F10,Chicken Biryani,Indian,550
633,2025-01-19,F11,Raita,Indian,100
633,2025-01-19,F12,Naan Bread,Indian,80
633,2025-01-19,F15,Ice Cream,Dessert,250
634,2025-05-25,F15,Ice Cream,Dessert,250
634,2025-05-25,F10,Chicken Biryani,Indian,550
634,2025-05-25,F03,Soda,Beverages,100
634,2025-05-25,F14,Chocolate Cake,Dessert,300
635,2025-05-03,F04,Chicken Wings,Fast Food,500
635,2025-05-03,F02,French Fries,Fast Food,200
635,2025-05-03,F03,Soda,Beverages,100
635,2025-05-03,F10,Chicken Biryani,Indian,550
636,2025-03-23,F02,French Fries,Fast Food,200
636,2025-03-23,F08,Miso Soup,Japanese,150
636,2025-03-23,F06,Garlic Bread,Italian,250
636,2025-03-23,F15,Ice Cream,Dessert,250
637,2025-04-11,F04,Chicken Wings,Fast Food,500
638,2025-05-11,F15,Ice Cream,Dessert,250
639,2025-01-03,F10,Chicken Biryani,Indian,550
639,2025-01-03,F11,Raita,Indian,100
639,2025-01-03,F12,Naan Bread,Indian,80
640,2025-04-25,F01,Beef Burger,Fast Food,450
640,2025-04-25,F02,French Fries,Fast Food,200
640,2025-04-25,F03,Soda,Beverages,100
640,2025-04-25,F15,Ice Cream,Dessert,250
641,2025-06-05,F07,California Roll Sushi,Japanese,700
641,2025-06-05,F08,Miso Soup,Japanese,150
642,2025-04-30,F01,Beef Burger,Fast Food,450
642,2025-04-30,F02,French Fries,Fast Food,200
643,2025-01-31,F01,Beef Burger,Fast Food,450
643,2025-01-31,F02,French Fries,Fast Food,200
644,2025-02-01,F06,Garlic Bread,Italian,250
645,2025-02-11,F06,Garlic Bread,Italian,250
645,2025-02-11,F14,Chocolate Cake,Dessert,300
646,2025-04-01,F10,Chicken Biryani,Indian,550
646,2025-04-01,F15,Ice Cream,Dessert,250
647,2025-06-15,F11,Raita,Indian,100
647,2025-06-15,F09,Green Tea,Beverages,100
647,2025-06-15,F12,Naan Bread,Indian,80
647,2025-06-15,F05,Margherita Pizza,Italian,900
648,2025-06-05,F04,Chicken Wings,Fast Food,500
648,2025-06-05,F02,French Fries,Fast Food,200
648,2025-06-05,F13,Chapati,Local,50
649,2025-01-26,F05,Margherita Pizza,Italian,900
649,2025-01-26,F06,Garlic Bread,Italian,250
649,2025-01-26,F03,Soda,Beverages,100
650,2025-02-08,F07,California Roll Sushi,Japanese,700
650,2025-02-08,F12,Naan Bread,Indian,80
650,2025-02-08,F05,Margherita Pizza,Italian,900
650,2025-02-08,F04,Chicken Wings,Fast Food,500
651,2025-01-13,F05,Margherita Pizza,Italian,900
651,2025-01-13,F08,Miso Soup,Japanese,150
651,2025-01-13,F04,Chicken Wings,Fast Food,500
651,2025-01-13,F09,Green Tea,Beverages,100
652,2025-05-14,F05,Margherita Pizza,Italian,900
652,2025-05-14,F06,Garlic Bread,Italian,250
653,2025-05-24,F10,Chicken Biryani,Indian,550
653,2025-05-24,F11,Raita,Indian,100
653,2025-05-24,F12,Naan Bread,Indian,80
654,2025-05-21,F04,Chicken Wings,Fast Food,500
654,2025-05-21,F10,Chicken Biryani,Indian,550
654,2025-05-21,F02,French Fries,Fast Food,200
654,2025-05-21,F14,Chocolate Cake,Dessert,300
655,2025-03-09,F07,California Roll Sushi,Japanese,700
655,2025-03-09,F08,Miso Soup,Japanese,150
656,2025-06-04,F03,Soda,Beverages,100
656,2025-06-04,F14,Chocolate Cake,Dessert,300
656,2025-06-04,F08,Miso Soup,Japanese,150
657,2025-04-11,F07,California Roll Sushi,Japanese,700
657,2025-04-11,F08,Miso Soup,Japanese,150
657,2025-04-11,F09,Green Tea,Beverages,100
657,2025-04-11,F11,Raita,Indian,100
658,2025-06-28,F07,California Roll Sushi,Japanese,700
658,2025-06-28,F08,Miso Soup,Japanese,150
658,2025-06-28,F14,Chocolate Cake,Dessert,300
659,2025-01-24,F05,Margherita Pizza,Italian,900
659,2025-01-24,F06,Garlic Bread,Italian,250
660,2025-02-08,F13,Chapati,Local,50
660,2025-02-08,F11,Raita,Indian,100
660,2025-02-08,F05,Margherita Pizza,Italian,900
661,2025-02-12,F13,Chapati,Local,50
661,2025-02-12,F09,Green Tea,Beverages,100
662,2025-04-07,F07,California Roll Sushi,Japanese,700
662,2025-04-07,F08,Miso Soup,Japanese,150
662,2025-04-07,F09,Green Tea,Beverages,100
662,2025-04-07,F14,Chocolate Cake,Dessert,300
663,2025-01-07,F07,California Roll Sushi,Japanese,700
663,2025-01-07,F08,Miso Soup,Japanese,150
663,2025-01-07,F09,Green Tea,Beverages,100
663,2025-01-07,F15,Ice Cream,Dessert,250
664,2025-06-27,F10,Chicken Biryani,Indian,550
664,2025-06-27,F11,Raita,Indian,100
664,2025-06-27,F12,Naan Bread,Indian,80
664,2025-06-27,F14,Chocolate Cake,Dessert,300
665,2025-01-14,F08,Miso Soup,Japanese,150
665,2025-01-14,F10,Chicken Biryani,Indian,550
665,2025-01-14,F07,California Roll Sushi,Japanese,700
665,2025-01-14,F11,Raita,Indian,100
666,2025-01-24,F03,Soda,Beverages,100
666,2025-01-24,F04,Chicken Wings,Fast Food,500
666,2025-01-24,F07,California Roll Sushi,Japanese,700
667,2025-02-26,F04,Chicken Wings,Fast Food,500
667,2025-02-26,F02,French Fries,Fast Food,200
668,2025-04-03,F01,Beef Burger,Fast Food,450
668,2025-04-03,F02,French Fries,Fast Food,200
668,2025-04-03,F03,Soda,Beverages,100
669,2025-04-30,F10,Chicken Biryani,Indian,550
669,2025-04-30,F11,Raita,Indian,100
669,2025-04-30,F12,Naan Bread,Indian,80
670,2025-01-24,F05,Margherita Pizza,Italian,900
670,2025-01-24,F02,French Fries,Fast Food,200
670,2025-01-24,F01,Beef Burger,Fast Food,450
670,2025-01-24,F09,Green Tea,Beverages,100
671,2025-05-14,F14,Chocolate Cake,Dessert,300
671,2025-05-14,F03,Soda,Beverages,100
672,2025-02-28,F01,Beef Burger,Fast Food,450
672,2025-02-28,F02,French Fries,Fast Food,200
672,2025-02-28,F12,Naan Bread,Indian,80
673,2025-03-27,F01,Beef Burger,Fast Food,450
673,2025-03-27,F02,French Fries,Fast Food,200
674,2025-05-06,F12,Naan Bread,Indian,80
675,2025-03-15,F12,Naan Bread,Indian,80
675,2025-03-15,F11,Raita,Indian,100
676,2025-06-25,F15,Ice Cream,Dessert,250
676,2025-06-25,F06,Garlic Bread,Italian,250
676,2025-06-25,F08,Miso Soup,Japanese,150
676,2025-06-25,F07,California Roll Sushi,Japanese,700
677,2025-02-12,F13,Chapati,Local,50
678,2025-03-23,F05,Margherita Pizza,Italian,900
678,2025-03-23,F06,Garlic Bread,Italian,250
679,2025-01-06,F02,French Fries,Fast Food,200
679,2025-01-06,F03,Soda,Beverages,100
680,2025-03-01,F04,Chicken Wings,Fast Food,500
680,2025-03-01,F02,French Fries,Fast Food,200
681,2025-02-23,F10,Chicken Biryani,Indian,550
681,2025-02-23,F11,Raita,Indian,100
681,2025-02-23,F12,Naan Bread,Indian,80
682,2025-03-21,F09,Green Tea,Beverages,100
683,2025-04-15,F14,Chocolate Cake,Dessert,300
683,2025-04-15,F06,Garlic Bread,Italian,250
683,2025-04-15,F08,Miso Soup,Japanese,150
684,2025-01-01,F02,French Fries,Fast Food,200
684,2025-01-01,F12,Naan Bread,Indian,80
685,2025-05-09,F11,Raita,Indian,100
686,2025-06-09,F01,Beef Burger,Fast Food,450
686,2025-06-09,F07,California Roll Sushi,Japanese,700
686,2025-06-09,F11,Raita,Indian,100
686,2025-06-09,F14,Chocolate Cake,Dessert,300
687,2025-02-23,F10,Chicken Biryani,Indian,550
687,2025-02-23,F11,Raita,Indian,100
687,2025-02-23,F12,Naan Bread,Indian,80
687,2025-02-23,F15,Ice Cream,Dessert,250
688,2025-01-14,F04,Chicken Wings,Fast Food,500
688,2025-01-14,F02,French Fries,Fast Food,200
689,2025-03-10,F07,California Roll Sushi,Japanese,700
689,2025-03-10,F08,Miso Soup,Japanese,150
690,2025-06-11,F05,Margherita Pizza,Italian,900
690,2025-06-11,F06,Garlic Bread,Italian,250
691,2025-02-21,F07,California Roll Sushi,Japanese,700
691,2025-02-21,F13,Chapati,Local,50
692,2025-01-02,F08,Miso Soup,Japanese,150
692,2025-01-02,F09,Green Tea,Beverages,100
693,2025-01-03,F01,Beef Burger,Fast Food,450
693,2025-01-03,F02,French Fries,Fast Food,200
693,2025-01-03,F03,Soda,Beverages,100
693,2025-01-03,F14,Chocolate Cake,Dessert,300
694,2025-02-06,F10,Chicken Biryani,Indian,550
694,2025-02-06,F11,Raita,Indian,100
694,2025-02-06,F12,Naan Bread,Indian,80
695,2025-05-22,F01,Beef Burger,Fast Food,450
695,2025-05-22,F10,Chicken Biryani,Indian,550
695,2025-05-22,F07,California Roll Sushi,Japanese,700
695,2025-05-22,F12,Naan Bread,Indian,80
696,2025-05-19,F05,Margherita Pizza,Italian,900
696,2025-05-19,F06,Garlic Bread,Italian,250
696,2025-05-19,F14,Chocolate Cake,Dessert,300
697,2025-05-30,F01,Beef Burger,Fast Food,450
697,2025-05-30,F02,French Fries,Fast Food,200
697,2025-05-30,F03,Soda,Beverages,100
698,2025-06-12,F11,Raita,Indian,100
699,2025-03-01,F04,Chicken Wings,Fast Food,500
699,2025-03-01,F02,French Fries,Fast Food,200
700,2025-05-12,F07,California Roll Sushi,Japanese,700
700,2025-05-12,F08,Miso Soup,Japanese,150
701,2025-03-11,F07,California Roll Sushi,Japanese,700
701,2025-03-11,F15,Ice Cream,Dessert,250
701,2025-03-11,F03,Soda,Beverages,100
701,2025-03-11,F05,Margherita Pizza,Italian,900
702,2025-05-27,F10,Chicken Biryani,Indian,550
702,2025-05-27,F11,Raita,Indian,100
702,2025-05-27,F12,Naan Bread,Indian,80
702,2025-05-27,F15,Ice Cream,Dessert,250
703,2025-04-21,F05,Margherita Pizza,Italian,900
703,2025-04-21,F06,Garlic Bread,Italian,250
704,2025-01-13,F07,California Roll Sushi,Japanese,700
704,2025-01-13,F08,Miso Soup,Japanese,150
705,2025-02-01,F06,Garlic Bread,Italian,250
706,2025-05-17,F10,Chicken Biryani,Indian,550
706,2025-05-17,F03,Soda,Beverages,100
706,2025-05-17,F02,French Fries,Fast Food,200
706,2025-05-17,F07,California Roll Sushi,Japanese,700
706,2025-05-17,F14,Chocolate Cake,Dessert,300
707,2025-05-21,F10,Chicken Biryani,Indian,550
707,2025-05-21,F11,Raita,Indian,100
707,2025-05-21,F12,Naan Bread,Indian,80
708,2025-06-24,F01,Beef Burger,Fast Food,450
708,2025-06-24,F02,French Fries,Fast Food,200
709,2025-04-06,F11,Raita,Indian,100
710,2025-05-04,F07,California Roll Sushi,Japanese,700
710,2025-05-04,F08,Miso Soup,Japanese,150
710,2025-05-04,F09,Green Tea,Beverages,100
711,2025-05-07,F03,Soda,Beverages,100
711,2025-05-07,F13,Chapati,Local,50
711,2025-05-07,F14,Chocolate Cake,Dessert,300
712,2025-01-28,F08,Miso Soup,Japanese,150
712,2025-01-28,F05,Margherita Pizza,Italian,900
712,2025-01-28,F14,Chocolate Cake,Dessert,300
713,2025-01-17,F01,Beef Burger,Fast Food,450
713,2025-01-17,F05,Margherita Pizza,Italian,900
713,2025-01-17,F02,French Fries,Fast Food,200
713,2025-01-17,F03,Soda,Beverages,100
714,2025-01-02,F01,Beef Burger,Fast Food,450
714,2025-01-02,F02,French Fries,Fast Food,200
714,2025-01-02,F03,Soda,Beverages,100
715,2025-03-29,F12,Naan Bread,Indian,80
715,2025-03-29,F01,Beef Burger,Fast Food,450
715,2025-03-29,F05,Margherita Pizza,Italian,900
716,2025-01-02,F07,California Roll Sushi,Japanese,700
716,2025-01-02,F01,Beef Burger,Fast Food,450
716,2025-01-02,F11,Raita,Indian,100
717,2025-01-25,F12,Naan Bread,Indian,80
717,2025-01-25,F02,French Fries,Fast Food,200
717,2025-01-25,F06,Garlic Bread,Italian,250
718,2025-05-25,F04,Chicken Wings,Fast Food,500
718,2025-05-25,F02,French Fries,Fast Food,200
719,2025-02-07,F01,Beef Burger,Fast Food,450
719,2025-02-07,F02,French Fries,Fast Food,200
719,2025-02-07,F03,Soda,Beverages,100
719,2025-02-07,F14,Chocolate Cake,Dessert,300
720,2025-01-13,F01,Beef Burger,Fast Food,450
720,2025-01-13,F02,French Fries,Fast Food,200
721,2025-01-30,F12,Naan Bread,Indian,80
721,2025-01-30,F15,Ice Cream,Dessert,250
722,2025-01-27,F01,Beef Burger,Fast Food,450
722,2025-01-27,F02,French Fries,Fast Food,200
722,2025-01-27,F03,Soda,Beverages,100
723,2025-04-11,F10,Chicken Biryani,Indian,550
723,2025-04-11,F11,Raita,Indian,100
723,2025-04-11,F12,Naan Bread,Indian,80
723,2025-04-11,F14,Chocolate Cake,Dessert,300
724,2025-05-28,F10,Chicken Biryani,Indian,550
724,2025-05-28,F11,Raita,Indian,100
724,2025-05-28,F12,Naan Bread,Indian,80
724,2025-05-28,F02,French Fries,Fast Food,200
725,2025-06-03,F05,Margherita Pizza,Italian,900
725,2025-06-03,F06,Garlic Bread,Italian,250
726,2025-03-19,F10,Chicken Biryani,Indian,550
726,2025-03-19,F11,Raita,Indian,100
726,2025-03-19,F12,Naan Bread,Indian,80
727,2025-05-31,F04,Chicken Wings,Fast Food,500
727,2025-05-31,F09,Green Tea,Beverages,100
727,2025-05-31,F12,Naan Bread,Indian,80
727,2025-05-31,F14,Chocolate Cake,Dessert,300
728,2025-01-28,F14,Chocolate Cake,Dessert,300
728,2025-01-28,F02,French Fries,Fast Food,200
729,2025-03-11,F04,Chicken Wings,Fast Food,500
729,2025-03-11,F02,French Fries,Fast Food,200
729,2025-03-11,F03,Soda,Beverages,100
730,2025-04-20,F13,Chapati,Local,50
730,2025-04-20,F02,French Fries,Fast Food,200
731,2025-06-29,F01,Beef Burger,Fast Food,450
731,2025-06-29,F02,French Fries,Fast Food,200
732,2025-01-30,F14,Chocolate Cake,Dessert,300
732,2025-01-30,F07,California Roll Sushi,Japanese,700
732,2025-01-30,F15,Ice Cream,Dessert,250
732,2025-01-30,F04,Chicken Wings,Fast Food,500
733,2025-03-04,F07,California Roll Sushi,Japanese,700
733,2025-03-04,F08,Miso Soup,Japanese,150
734,2025-02-08,F10,Chicken Biryani,Indian,550
734,2025-02-08,F11,Raita,Indian,100
734,2025-02-08,F12,Naan Bread,Indian,80
735,2025-01-27,F11,Raita,Indian,100
735,2025-01-27,F14,Chocolate Cake,Dessert,300
735,2025-01-27,F05,Margherita Pizza,Italian,900
736,2025-03-24,F08,Miso Soup,Japanese,150
737,2025-04-23,F08,Miso Soup,Japanese,150
738,2025-01-01,F06,Garlic Bread,Italian,250
739,2025-02-10,F07,California Roll Sushi,Japanese,700
740,2025-03-01,F07,California Roll Sushi,Japanese,700
740,2025-03-01,F08,Miso Soup,Japanese,150
741,2025-03-02,F01,Beef Burger,Fast Food,450
741,2025-03-02,F02,French Fries,Fast Food,200
742,2025-02-18,F03,Soda,Beverages,100
743,2025-05-01,F10,Chicken Biryani,Indian,550
743,2025-05-01,F11,Raita,Indian,100
743,2025-05-01,F12,Naan Bread,Indian,80
744,2025-05-24,F06,Garlic Bread,Italian,250
745,2025-03-18,F02,French Fries,Fast Food,200
746,2025-01-16,F09,Green Tea,Beverages,100
746,2025-01-16,F06,Garlic Bread,Italian,250
746,2025-01-16,F08,Miso Soup,Japanese,150
746,2025-01-16,F14,Chocolate Cake,Dessert,300
747,2025-06-25,F07,California Roll Sushi,Japanese,700
747,2025-06-25,F08,Miso Soup,Japanese,150
747,2025-06-25,F09,Green Tea,Beverages,100
748,2025-05-08,F04,Chicken Wings,Fast Food,500
748,2025-05-08,F02,French Fries,Fast Food,200
748,2025-05-08,F03,Soda,Beverages,100
748,2025-05-08,F14,Chocolate Cake,Dessert,300
749,2025-05-06,F15,Ice Cream,Dessert,250
749,2025-05-06,F04,Chicken Wings,Fast Food,500
750,2025-02-25,F05,Margherita Pizza,Italian,900
750,2025-02-25,F06,Garlic Bread,Italian,250
750,2025-02-25,F03,Soda,Beverages,100
751,2025-05-19,F12,Naan Bread,Indian,80
751,2025-05-19,F02,French Fries,Fast Food,200
751,2025-05-19,F03,Soda,Beverages,100
752,2025-05-30,F01,Beef Burger,Fast Food,450
752,2025-05-30,F02,French Fries,Fast Food,200
753,2025-05-14,F03,Soda,Beverages,100
753,2025-05-14,F13,Chapati,Local,50
753,2025-05-14,F11,Raita,Indian,100
753,2025-05-14,F09,Green Tea,Beverages,100
753,2025-05-14,F14,Chocolate Cake,Dessert,300
754,2025-05-30,F05,Margherita Pizza,Italian,900
754,2025-05-30,F06,Garlic Bread,Italian,250
755,2025-06-01,F12,Naan Bread,Indian,80
755,2025-06-01,F14,Chocolate Cake,Dessert,300
755,2025-06-01,F10,Chicken Biryani,Indian,550
755,2025-06-01,F01,Beef Burger,Fast Food,450
756,2025-06-12,F04,Chicken Wings,Fast Food,500
756,2025-06-12,F14,Chocolate Cake,Dessert,300
757,2025-03-02,F03,Soda,Beverages,100
757,2025-03-02,F11,Raita,Indian,100
757,2025-03-02,F08,Miso Soup,Japanese,150
757,2025-03-02,F05,Margherita Pizza,Italian,900
757,2025-03-02,F15,Ice Cream,Dessert,250
758,2025-04-17,F13,Chapati,Local,50
758,2025-04-17,F10,Chicken Biryani,Indian,550
758,2025-04-17,F06,Garlic Bread,Italian,250
759,2025-05-13,F07,California Roll Sushi,Japanese,700
759,2025-05-13,F08,Miso Soup,Japanese,150
760,2025-04-06,F01,Beef Burger,Fast Food,450
761,2025-06-28,F01,Beef Burger,Fast Food,450
761,2025-06-28,F02,French Fries,Fast Food,200
762,2025-05-23,F05,Margherita Pizza,Italian,900
762,2025-05-23,F04,Chicken Wings,Fast Food,500
762,2025-05-23,F03,Soda,Beverages,100
763,2025-02-18,F07,California Roll Sushi,Japanese,700
763,2025-02-18,F14,Chocolate Cake,Dessert,300
763,2025-02-18,F08,Miso Soup,Japanese,150
764,2025-02-18,F15,Ice Cream,Dessert,250
764,2025-02-18,F04,Chicken Wings,Fast Food,500
765,2025-06-13,F10,Chicken Biryani,Indian,550
766,2025-05-21,F09,Green Tea,Beverages,100
767,2025-04-21,F08,Miso Soup,Japanese,150
767,2025-04-21,F07,California Roll Sushi,Japanese,700
767,2025-04-21,F09,Green Tea,Beverages,100
767,2025-04-21,F04,Chicken Wings,Fast Food,500
767,2025-04-21,F14,Chocolate Cake,Dessert,300
768,2025-03-07,F05,Margherita Pizza,Italian,900
769,2025-01-09,F07,California Roll Sushi,Japanese,700
769,2025-01-09,F08,Miso Soup,Japanese,150
770,2025-02-25,F07,California Roll Sushi,Japanese,700
770,2025-02-25,F08,Miso Soup,Japanese,150
771,2025-06-03,F05,Margherita Pizza,Italian,900
771,2025-06-03,F06,Garlic Bread,Italian,250
772,2025-02-07,F07,California Roll Sushi,Japanese,700
772,2025-02-07,F08,Miso Soup,Japanese,150
772,2025-02-07,F09,Green Tea,Beverages,100
773,2025-04-01,F04,Chicken Wings,Fast Food,500
773,2025-04-01,F10,Chicken Biryani,Indian,550
773,2025-04-01,F09,Green Tea,Beverages,100
774,2025-02-02,F05,Margherita Pizza,Italian,900
774,2025-02-02,F06,Garlic Bread,Italian,250
774,2025-02-02,F03,Soda,Beverages,100
775,2025-03-23,F10,Chicken Biryani,Indian,550
775,2025-03-23,F11,Raita,Indian,100
775,2025-03-23,F12,Naan Bread,Indian,80
776,2025-06-19,F05,Margherita Pizza,Italian,900
776,2025-06-19,F06,Garlic Bread,Italian,250
776,2025-06-19,F03,Soda,Beverages,100
776,2025-06-19,F14,Chocolate Cake,Dessert,300
777,2025-02-22,F14,Chocolate Cake,Dessert,300
777,2025-02-22,F02,French Fries,Fast Food,200
778,2025-01-03,F01,Beef Burger,Fast Food,450
778,2025-01-03,F11,Raita,Indian,100
779,2025-04-13,F02,French Fries,Fast Food,200
779,2025-04-13,F03,Soda,Beverages,100
780,2025-02-06,F05,Margherita Pizza,Italian,900
780,2025-02-06,F06,Garlic Bread,Italian,250
780,2025-02-06,F03,Soda,Beverages,100
780,2025-02-06,F15,Ice Cream,Dessert,250
781,2025-06-21,F10,Chicken Biryani,Indian,550
781,2025-06-21,F11,Raita,Indian,100
781,2025-06-21,F12,Naan Bread,Indian,80
782,2025-01-13,F07,California Roll Sushi,Japanese,700
782,2025-01-13,F08,Miso Soup,Japanese,150
783,2025-01-12,F07,California Roll Sushi,Japanese,700
783,2025-01-12,F08,Miso Soup,Japanese,150
783,2025-01-12,F15,Ice Cream,Dessert,250
784,2025-03-12,F05,Margherita Pizza,Italian,900
784,2025-03-12,F06,Garlic Bread,Italian,250
784,2025-03-12,F03,Soda,Beverages,100
785,2025-05-22,F06,Garlic Bread,Italian,250
785,2025-05-22,F15,Ice Cream,Dessert,250
785,2025-05-22,F07,California Roll Sushi,Japanese,700
785,2025-05-22,F09,Green Tea,Beverages,100
786,2025-03-05,F04,Chicken Wings,Fast Food,500
786,2025-03-05,F02,French Fries,Fast Food,200
787,2025-06-16,F04,Chicken Wings,Fast Food,500
787,2025-06-16,F02,French Fries,Fast Food,200
788,2025-04-19,F05,Margherita Pizza,Italian,900
788,2025-04-19,F06,Garlic Bread,Italian,250
788,2025-04-19,F03,Soda,Beverages,100
789,2025-01-15,F01,Beef Burger,Fast Food,450
789,2025-01-15,F14,Chocolate Cake,Dessert,300
790,2025-01-07,F10,Chicken Biryani,Indian,550
790,2025-01-07,F11,Raita,Indian,100
790,2025-01-07,F12,Naan Bread,Indian,80
791,2025-06-20,F14,Chocolate Cake,Dessert,300
791,2025-06-20,F12,Naan Bread,Indian,80
791,2025-06-20,F07,California Roll Sushi,Japanese,700
791,2025-06-20,F02,French Fries,Fast Food,200
792,2025-04-27,F01,Beef Burger,Fast Food,450
792,2025-04-27,F13,Chapati,Local,50
792,2025-04-27,F07,California Roll Sushi,Japanese,700
792,2025-04-27,F14,Chocolate Cake,Dessert,300
793,2025-05-03,F04,Chicken Wings,Fast Food,500
793,2025-05-03,F02,French Fries,Fast Food,200
794,2025-04-29,F13,Chapati,Local,50
794,2025-04-29,F03,Soda,Beverages,100
794,2025-04-29,F14,Chocolate Cake,Dessert,300
795,2025-02-15,F04,Chicken Wings,Fast Food,500
795,2025-02-15,F02,French Fries,Fast Food,200
796,2025-01-13,F04,Chicken Wings,Fast Food,500
796,2025-01-13,F02,French Fries,Fast Food,200
797,2025-06-18,F05,Margherita Pizza,Italian,900
797,2025-06-18,F06,Garlic Bread,Italian,250
798,2025-05-03,F01,Beef Burger,Fast Food,450
798,2025-05-03,F05,Margherita Pizza,Italian,900
798,2025-05-03,F14,Chocolate Cake,Dessert,300
799,2025-06-05,F07,California Roll Sushi,Japanese,700
799,2025-06-05,F08,Miso Soup,Japanese,150
799,2025-06-05,F09,Green Tea,Beverages,100
799,2025-06-05,F03,Soda,Beverages,100
800,2025-01-06,F05,Margherita Pizza,Italian,900
800,2025-01-06,F06,Garlic Bread,Italian,250
800,2025-01-06,F03,Soda,Beverages,100
801,2025-04-30,F09,Green Tea,Beverages,100
801,2025-04-30,F10,Chicken Biryani,Indian,550
801,2025-04-30,F02,French Fries,Fast Food,200
802,2025-01-16,F02,French Fries,Fast Food,200
802,2025-01-16,F10,Chicken Biryani,Indian,550
802,2025-01-16,F14,Chocolate Cake,Dessert,300
803,2025-03-17,F08,Miso Soup,Japanese,150
803,2025-03-17,F07,California Roll Sushi,Japanese,700
803,2025-03-17,F04,Chicken Wings,Fast Food,500
803,2025-03-17,F05,Margherita Pizza,Italian,900
803,2025-03-17,F15,Ice Cream,Dessert,250
804,2025-04-16,F05,Margherita Pizza,Italian,900
804,2025-04-16,F06,Garlic Bread,Italian,250
805,2025-03-12,F01,Beef Burger,Fast Food,450
805,2025-03-12,F02,French Fries,Fast Food,200
805,2025-03-12,F03,Soda,Beverages,100
806,2025-04-21,F04,Chicken Wings,Fast Food,500
806,2025-04-21,F02,French Fries,Fast Food,200
807,2025-06-15,F03,Soda,Beverages,100
807,2025-06-15,F02,French Fries,Fast Food,200
807,2025-06-15,F04,Chicken Wings,Fast Food,500
807,2025-06-15,F05,Margherita Pizza,Italian,900
808,2025-02-22,F04,Chicken Wings,Fast Food,500
808,2025-02-22,F02,French Fries,Fast Food,200
809,2025-03-18,F10,Chicken Biryani,Indian,550
809,2025-03-18,F11,Raita,Indian,100
809,2025-03-18,F12,Naan Bread,Indian,80
810,2025-05-04,F12,Naan Bread,Indian,80
811,2025-04-29,F03,Soda,Beverages,100
812,2025-06-20,F01,Beef Burger,Fast Food,450
812,2025-06-20,F02,French Fries,Fast Food,200
812,2025-06-20,F03,Soda,Beverages,100
813,2025-01-29,F04,Chicken Wings,Fast Food,500
813,2025-01-29,F02,French Fries,Fast Food,200
814,2025-03-23,F07,California Roll Sushi,Japanese,700
814,2025-03-23,F08,Miso Soup,Japanese,150
815,2025-04-26,F07,California Roll Sushi,Japanese,700
815,2025-04-26,F08,Miso Soup,Japanese,150
816,2025-01-07,F01,Beef Burger,Fast Food,450
817,2025-05-11,F01,Beef Burger,Fast Food,450
817,2025-05-11,F11,Raita,Indian,100
817,2025-05-11,F03,Soda,Beverages,100
818,2025-01-09,F10,Chicken Biryani,Indian,550
818,2025-01-09,F11,Raita,Indian,100
818,2025-01-09,F12,Naan Bread,Indian,80
818,2025-01-09,F15,Ice Cream,Dessert,250
819,2025-04-27,F05,Margherita Pizza,Italian,900
819,2025-04-27,F06,Garlic Bread,Italian,250
820,2025-05-23,F13,Chapati,Local,50
820,2025-05-23,F09,Green Tea,Beverages,100
820,2025-05-23,F07,California Roll Sushi,Japanese,700
821,2025-03-08,F01,Beef Burger,Fast Food,450
822,2025-01-17,F05,Margherita Pizza,Italian,900
822,2025-01-17,F06,Garlic Bread,Italian,250
822,2025-01-17,F03,Soda,Beverages,100
823,2025-06-17,F01,Beef Burger,Fast Food,450
823,2025-06-17,F02,French Fries,Fast Food,200
823,2025-06-17,F14,Chocolate Cake,Dessert,300
824,2025-02-08,F04,Chicken Wings,Fast Food,500
824,2025-02-08,F02,French Fries,Fast Food,200
825,2025-01-20,F04,Chicken Wings,Fast Food,500
825,2025-01-20,F02,French Fries,Fast Food,200
826,2025-02-20,F11,Raita,Indian,100
826,2025-02-20,F07,California Roll Sushi,Japanese,700
826,2025-02-20,F05,Margherita Pizza,Italian,900
826,2025-02-20,F15,Ice Cream,Dessert,250
827,2025-02-05,F15,Ice Cream,Dessert,250
827,2025-02-05,F04,Chicken Wings,Fast Food,500
827,2025-02-05,F02,French Fries,Fast Food,200
827,2025-02-05,F14,Chocolate Cake,Dessert,300
828,2025-02-20,F07,California Roll Sushi,Japanese,700
828,2025-02-20,F08,Miso Soup,Japanese,150
828,2025-02-20,F09,Green Tea,Beverages,100
829,2025-02-25,F03,Soda,Beverages,100
830,2025-04-01,F07,California Roll Sushi,Japanese,700
830,2025-04-01,F08,Miso Soup,Japanese,150
831,2025-02-22,F15,Ice Cream,Dessert,250
832,2025-06-30,F05,Margherita Pizza,Italian,900
832,2025-06-30,F01,Beef Burger,Fast Food,450
832,2025-06-30,F07,California Roll Sushi,Japanese,700
832,2025-06-30,F11,Raita,Indian,100
833,2025-06-02,F01,Beef Burger,Fast Food,450
833,2025-06-02,F02,French Fries,Fast Food,200
833,2025-06-02,F03,Soda,Beverages,100
834,2025-02-24,F09,Green Tea,Beverages,100
834,2025-02-24,F03,Soda,Beverages,100
834,2025-02-24,F01,Beef Burger,Fast Food,450
834,2025-02-24,F08,Miso Soup,Japanese,150
835,2025-05-31,F10,Chicken Biryani,Indian,550
835,2025-05-31,F11,Raita,Indian,100
835,2025-05-31,F12,Naan Bread,Indian,80
836,2025-05-21,F01,Beef Burger,Fast Food,450
836,2025-05-21,F02,French Fries,Fast Food,200
837,2025-05-20,F04,Chicken Wings,Fast Food,500
837,2025-05-20,F02,French Fries,Fast Food,200
837,2025-05-20,F03,Soda,Beverages,100
837,2025-05-20,F14,Chocolate Cake,Dessert,300
838,2025-01-04,F03,Soda,Beverages,100
838,2025-01-04,F09,Green Tea,Beverages,100
838,2025-01-04,F15,Ice Cream,Dessert,250
839,2025-03-16,F01,Beef Burger,Fast Food,450
839,2025-03-16,F02,French Fries,Fast Food,200
840,2025-01-19,F05,Margherita Pizza,Italian,900
840,2025-01-19,F06,Garlic Bread,Italian,250
840,2025-01-19,F03,Soda,Beverages,100
841,2025-04-10,F03,Soda,Beverages,100
841,2025-04-10,F06,Garlic Bread,Italian,250
841,2025-04-10,F14,Chocolate Cake,Dessert,300
842,2025-01-14,F06,Garlic Bread,Italian,250
842,2025-01-14,F05,Margherita Pizza,Italian,900
842,2025-01-14,F15,Ice Cream,Dessert,250
843,2025-03-05,F01,Beef Burger,Fast Food,450
843,2025-03-05,F02,French Fries,Fast Food,200
843,2025-03-05,F03,Soda,Beverages,100
843,2025-03-05,F11,Raita,Indian,100
844,2025-01-10,F13,Chapati,Local,50
845,2025-03-05,F07,California Roll Sushi,Japanese,700
845,2025-03-05,F08,Miso Soup,Japanese,150
845,2025-03-05,F09,Green Tea,Beverages,100
846,2025-04-13,F10,Chicken Biryani,Indian,550
846,2025-04-13,F11,Raita,Indian,100
846,2025-04-13,F12,Naan Bread,Indian,80
847,2025-05-03,F03,Soda,Beverages,100
848,2025-04-29,F15,Ice Cream,Dessert,250
849,2025-04-12,F04,Chicken Wings,Fast Food,500
849,2025-04-12,F02,French Fries,Fast Food,200
850,2025-01-31,F04,Chicken Wings,Fast Food,500
850,2025-01-31,F02,French Fries,Fast Food,200
850,2025-01-31,F14,Chocolate Cake,Dessert,300
851,2025-05-13,F01,Beef Burger,Fast Food,450
851,2025-05-13,F02,French Fries,Fast Food,200
852,2025-04-02,F05,Margherita Pizza,Italian,900
852,2025-04-02,F06,Garlic Bread,Italian,250
852,2025-04-02,F09,Green Tea,Beverages,100
852,2025-04-02,F14,Chocolate Cake,Dessert,300
853,2025-05-29,F07,California Roll Sushi,Japanese,700
853,2025-05-29,F08,Miso Soup,Japanese,150
853,2025-05-29,F09,Green Tea,Beverages,100
853,2025-05-29,F05,Margherita Pizza,Italian,900
854,2025-03-02,F05,Margherita Pizza,Italian,900
855,2025-03-06,F15,Ice Cream,Dessert,250
856,2025-06-28,F06,Garlic Bread,Italian,250
857,2025-04-03,F10,Chicken Biryani,Indian,550
857,2025-04-03,F05,Margherita Pizza,Italian,900
858,2025-06-11,F14,Chocolate Cake,Dessert,300
859,2025-03-10,F05,Margherita Pizza,Italian,900
859,2025-03-10,F06,Garlic Bread,Italian,250
860,2025-01-07,F10,Chicken Biryani,Indian,550
860,2025-01-07,F11,Raita,Indian,100
860,2025-01-07,F12,Naan Bread,Indian,80
861,2025-02-07,F07,California Roll Sushi,Japanese,700
861,2025-02-07,F08,Miso Soup,Japanese,150
862,2025-03-04,F01,Beef Burger,Fast Food,450
863,2025-05-06,F04,Chicken Wings,Fast Food,500
863,2025-05-06,F02,French Fries,Fast Food,200
863,2025-05-06,F15,Ice Cream,Dessert,250
864,2025-02-21,F06,Garlic Bread,Italian,250
865,2025-02-20,F12,Naan Bread,Indian,80
865,2025-02-20,F02,French Fries,Fast Food,200
866,2025-06-22,F04,Chicken Wings,Fast Food,500
866,2025-06-22,F02,French Fries,Fast Food,200
866,2025-06-22,F03,Soda,Beverages,100
866,2025-06-22,F15,Ice Cream,Dessert,250
867,2025-05-22,F07,California Roll Sushi,Japanese,700
867,2025-05-22,F08,Miso Soup,Japanese,150
868,2025-03-18,F08,Miso Soup,Japanese,150
868,2025-03-18,F15,Ice Cream,Dessert,250
868,2025-03-18,F05,Margherita Pizza,Italian,900
868,2025-03-18,F12,Naan Bread,Indian,80
869,2025-03-01,F10,Chicken Biryani,Indian,550
869,2025-03-01,F11,Raita,Indian,100
869,2025-03-01,F12,Naan Bread,Indian,80
869,2025-03-01,F15,Ice Cream,Dessert,250
870,2025-05-06,F01,Beef Burger,Fast Food,450
870,2025-05-06,F02,French Fries,Fast Food,200
871,2025-01-10,F10,Chicken Biryani,Indian,550
871,2025-01-10,F11,Raita,Indian,100
871,2025-01-10,F12,Naan Bread,Indian,80
872,2025-04-28,F12,Naan Bread,Indian,80
872,2025-04-28,F13,Chapati,Local,50
872,2025-04-28,F14,Chocolate Cake,Dessert,300
873,2025-04-21,F04,Chicken Wings,Fast Food,500
873,2025-04-21,F02,French Fries,Fast Food,200
873,2025-04-21,F15,Ice Cream,Dessert,250
874,2025-03-29,F02,French Fries,Fast Food,200
874,2025-03-29,F09,Green Tea,Beverages,100
874,2025-03-29,F04,Chicken Wings,Fast Food,500
874,2025-03-29,F14,Chocolate Cake,Dessert,300
875,2025-05-09,F09,Green Tea,Beverages,100
875,2025-05-09,F11,Raita,Indian,100
875,2025-05-09,F14,Chocolate Cake,Dessert,300
875,2025-05-09,F07,California Roll Sushi,Japanese,700
876,2025-05-17,F04,Chicken Wings,Fast Food,500
876,2025-05-17,F02,French Fries,Fast Food,200
877,2025-03-29,F07,California Roll Sushi,Japanese,700
877,2025-03-29,F08,Miso Soup,Japanese,150
877,2025-03-29,F09,Green Tea,Beverages,100
877,2025-03-29,F14,Chocolate Cake,Dessert,300
878,2025-04-04,F01,Beef Burger,Fast Food,450
878,2025-04-04,F02,French Fries,Fast Food,200
879,2025-05-23,F11,Raita,Indian,100
880,2025-05-17,F03,Soda,Beverages,100
880,2025-05-17,F04,Chicken Wings,Fast Food,500
880,2025-05-17,F11,Raita,Indian,100
880,2025-05-17,F08,Miso Soup,Japanese,150
881,2025-02-09,F05,Margherita Pizza,Italian,900
881,2025-02-09,F06,Garlic Bread,Italian,250
881,2025-02-09,F14,Chocolate Cake,Dessert,300
882,2025-04-14,F10,Chicken Biryani,Indian,550
882,2025-04-14,F11,Raita,Indian,100
882,2025-04-14,F12,Naan Bread,Indian,80
882,2025-04-14,F14,Chocolate Cake,Dessert,300
883,2025-04-09,F10,Chicken Biryani,Indian,550
883,2025-04-09,F09,Green Tea,Beverages,100
883,2025-04-09,F08,Miso Soup,Japanese,150
883,2025-04-09,F06,Garlic Bread,Italian,250
883,2025-04-09,F14,Chocolate Cake,Dessert,300
884,2025-05-28,F03,Soda,Beverages,100
884,2025-05-28,F10,Chicken Biryani,Indian,550
884,2025-05-28,F02,French Fries,Fast Food,200
884,2025-05-28,F05,Margherita Pizza,Italian,900
885,2025-05-24,F11,Raita,Indian,100
886,2025-04-19,F07,California Roll Sushi,Japanese,700
886,2025-04-19,F08,Miso Soup,Japanese,150
886,2025-04-19,F09,Green Tea,Beverages,100
886,2025-04-19,F15,Ice Cream,Dessert,250
887,2025-06-25,F07,California Roll Sushi,Japanese,700
887,2025-06-25,F08,Miso Soup,Japanese,150
887,2025-06-25,F09,Green Tea,Beverages,100
888,2025-04-16,F10,Chicken Biryani,Indian,550
888,2025-04-16,F11,Raita,Indian,100
888,2025-04-16,F12,Naan Bread,Indian,80
889,2025-02-18,F03,Soda,Beverages,100
889,2025-02-18,F01,Beef Burger,Fast Food,450
889,2025-02-18,F15,Ice Cream,Dessert,250
890,2025-01-02,F15,Ice Cream,Dessert,250
891,2025-02-24,F04,Chicken Wings,Fast Food,500
891,2025-02-24,F02,French Fries,Fast Food,200
891,2025-02-24,F03,Soda,Beverages,100
891,2025-02-24,F14,Chocolate Cake,Dessert,300
892,2025-02-03,F01,Beef Burger,Fast Food,450
892,2025-02-03,F02,French Fries,Fast Food,200
893,2025-01-07,F12,Naan Bread,Indian,80
894,2025-01-01,F13,Chapati,Local,50
895,2025-02-10,F14,Chocolate Cake,Dessert,300
896,2025-06-05,F09,Green Tea,Beverages,100
897,2025-06-01,F05,Margherita Pizza,Italian,900
897,2025-06-01,F06,Garlic Bread,Italian,250
897,2025-06-01,F14,Chocolate Cake,Dessert,300
898,2025-02-03,F15,Ice Cream,Dessert,250
898,2025-02-03,F05,Margherita Pizza,Italian,900
899,2025-01-25,F08,Miso Soup,Japanese,150
899,2025-01-25,F03,Soda,Beverages,100
900,2025-02-04,F10,Chicken Biryani,Indian,550
900,2025-02-04,F11,Raita,Indian,100
900,2025-02-04,F12,Naan Bread,Indian,80
900,2025-02-04,F04,Chicken Wings,Fast Food,500
901,2025-05-13,F11,Raita,Indian,100
902,2025-06-15,F01,Beef Burger,Fast Food,450
902,2025-06-15,F02,French Fries,Fast Food,200
902,2025-06-15,F03,Soda,Beverages,100
902,2025-06-15,F14,Chocolate Cake,Dessert,300
903,2025-05-04,F05,Margherita Pizza,Italian,900
903,2025-05-04,F06,Garlic Bread,Italian,250
903,2025-05-04,F03,Soda,Beverages,100
904,2025-02-24,F01,Beef Burger,Fast Food,450
904,2025-02-24,F02,French Fries,Fast Food,200
904,2025-02-24,F03,Soda,Beverages,100
905,2025-04-10,F09,Green Tea,Beverages,100
905,2025-04-10,F13,Chapati,Local,50
905,2025-04-10,F14,Chocolate Cake,Dessert,300
905,2025-04-10,F02,French Fries,Fast Food,200
906,2025-04-28,F04,Chicken Wings,Fast Food,500
906,2025-04-28,F02,French Fries,Fast Food,200
906,2025-04-28,F03,Soda,Beverages,100
907,2025-05-23,F10,Chicken Biryani,Indian,550
907,2025-05-23,F11,Raita,Indian,100
907,2025-05-23,F12,Naan Bread,Indian,80
908,2025-06-07,F05,Margherita Pizza,Italian,900
908,2025-06-07,F06,Garlic Bread,Italian,250
908,2025-06-07,F03,Soda,Beverages,100
908,2025-06-07,F14,Chocolate Cake,Dessert,300
909,2025-06-21,F05,Margherita Pizza,Italian,900
909,2025-06-21,F06,Garlic Bread,Italian,250
909,2025-06-21,F15,Ice Cream,Dessert,250
910,2025-01-06,F10,Chicken Biryani,Indian,550
910,2025-01-06,F11,Raita,Indian,100
910,2025-01-06,F14,Chocolate Cake,Dessert,300
911,2025-01-24,F04,Chicken Wings,Fast Food,500
911,2025-01-24,F02,French Fries,Fast Food,200
912,2025-02-20,F01,Beef Burger,Fast Food,450
912,2025-02-20,F02,French Fries,Fast Food,200
912,2025-02-20,F03,Soda,Beverages,100
913,2025-01-20,F07,California Roll Sushi,Japanese,700
913,2025-01-20,F08,Miso Soup,Japanese,150
914,2025-01-17,F11,Raita,Indian,100
914,2025-01-17,F06,Garlic Bread,Italian,250
915,2025-02-15,F11,Raita,Indian,100
916,2025-05-14,F04,Chicken Wings,Fast Food,500
916,2025-05-14,F13,Chapati,Local,50
916,2025-05-14,F08,Miso Soup,Japanese,150
916,2025-05-14,F01,Beef Burger,Fast Food,450
917,2025-02-05,F10,Chicken Biryani,Indian,550
917,2025-02-05,F06,Garlic Bread,Italian,250
917,2025-02-05,F15,Ice Cream,Dessert,250
918,2025-02-02,F15,Ice Cream,Dessert,250
919,2025-06-05,F07,California Roll Sushi,Japanese,700
920,2025-05-28,F12,Naan Bread,Indian,80
920,2025-05-28,F01,Beef Burger,Fast Food,450
920,2025-05-28,F14,Chocolate Cake,Dessert,300
920,2025-05-28,F03,Soda,Beverages,100
921,2025-06-11,F07,California Roll Sushi,Japanese,700
921,2025-06-11,F08,Miso Soup,Japanese,150
922,2025-05-08,F05,Margherita Pizza,Italian,900
922,2025-05-08,F06,Garlic Bread,Italian,250
923,2025-04-13,F12,Naan Bread,Indian,80
923,2025-04-13,F08,Miso Soup,Japanese,150
924,2025-06-22,F05,Margherita Pizza,Italian,900
925,2025-04-02,F04,Chicken Wings,Fast Food,500
925,2025-04-02,F10,Chicken Biryani,Indian,550
925,2025-04-02,F14,Chocolate Cake,Dessert,300
926,2025-04-19,F05,Margherita Pizza,Italian,900
926,2025-04-19,F06,Garlic Bread,Italian,250
926,2025-04-19,F14,Chocolate Cake,Dessert,300
926,2025-04-19,F15,Ice Cream,Dessert,250
927,2025-03-29,F01,Beef Burger,Fast Food,450
927,2025-03-29,F02,French Fries,Fast Food,200
927,2025-03-29,F03,Soda,Beverages,100
928,2025-02-22,F04,Chicken Wings,Fast Food,500
928,2025-02-22,F15,Ice Cream,Dessert,250
929,2025-05-14,F07,California Roll Sushi,Japanese,700
929,2025-05-14,F08,Miso Soup,Japanese,150
929,2025-05-14,F09,Green Tea,Beverages,100
930,2025-06-20,F14,Chocolate Cake,Dessert,300
931,2025-05-07,F01,Beef Burger,Fast Food,450
931,2025-05-07,F02,French Fries,Fast Food,200
932,2025-01-22,F05,Margherita Pizza,Italian,900
932,2025-01-22,F06,Garlic Bread,Italian,250
933,2025-01-23,F01,Beef Burger,Fast Food,450
933,2025-01-23,F02,French Fries,Fast Food,200
933,2025-01-23,F03,Soda,Beverages,100
934,2025-01-02,F10,Chicken Biryani,Indian,550
934,2025-01-02,F11,Raita,Indian,100
934,2025-01-02,F12,Naan Bread,Indian,80
935,2025-01-17,F05,Margherita Pizza,Italian,900
935,2025-01-17,F09,Green Tea,Beverages,100
935,2025-01-17,F06,Garlic Bread,Italian,250
935,2025-01-17,F02,French Fries,Fast Food,200
936,2025-05-31,F14,Chocolate Cake,Dessert,300
936,2025-05-31,F01,Beef Burger,Fast Food,450
937,2025-02-13,F05,Margherita Pizza,Italian,900
937,2025-02-13,F06,Garlic Bread,Italian,250
937,2025-02-13,F03,Soda,Beverages,100
938,2025-02-18,F11,Raita,Indian,100
938,2025-02-18,F15,Ice Cream,Dessert,250
938,2025-02-18,F08,Miso Soup,Japanese,150
939,2025-03-10,F07,California Roll Sushi,Japanese,700
939,2025-03-10,F08,Miso Soup,Japanese,150
939,2025-03-10,F09,Green Tea,Beverages,100
940,2025-02-17,F10,Chicken Biryani,Indian,550
941,2025-05-09,F01,Beef Burger,Fast Food,450
941,2025-05-09,F02,French Fries,Fast Food,200
941,2025-05-09,F03,Soda,Beverages,100
942,2025-06-07,F14,Chocolate Cake,Dessert,300
943,2025-03-12,F04,Chicken Wings,Fast Food,500
943,2025-03-12,F02,French Fries,Fast Food,200
944,2025-02-12,F05,Margherita Pizza,Italian,900
944,2025-02-12,F06,Garlic Bread,Italian,250
945,2025-02-11,F10,Chicken Biryani,Indian,550
945,2025-02-11,F03,Soda,Beverages,100
945,2025-02-11,F06,Garlic Bread,Italian,250
946,2025-05-22,F10,Chicken Biryani,Indian,550
946,2025-05-22,F11,Raita,Indian,100
946,2025-05-22,F12,Naan Bread,Indian,80
947,2025-05-18,F06,Garlic Bread,Italian,250
947,2025-05-18,F05,Margherita Pizza,Italian,900
947,2025-05-18,F14,Chocolate Cake,Dessert,300
947,2025-05-18,F11,Raita,Indian,100
948,2025-06-14,F08,Miso Soup,Japanese,150
948,2025-06-14,F01,Beef Burger,Fast Food,450
948,2025-06-14,F03,Soda,Beverages,100
949,2025-06-23,F05,Margherita Pizza,Italian,900
949,2025-06-23,F06,Garlic Bread,Italian,250
950,2025-04-28,F10,Chicken Biryani,Indian,550
950,2025-04-28,F11,Raita,Indian,100
950,2025-04-28,F12,Naan Bread,Indian,80
951,2025-06-23,F04,Chicken Wings,Fast Food,500
951,2025-06-23,F02,French Fries,Fast Food,200
951,2025-06-23,F03,Soda,Beverages,100
952,2025-01-02,F10,Chicken Biryani,Indian,550
952,2025-01-02,F11,Raita,Indian,100
952,2025-01-02,F12,Naan Bread,Indian,80
952,2025-01-02,F15,Ice Cream,Dessert,250
953,2025-02-07,F01,Beef Burger,Fast Food,450
953,2025-02-07,F02,French Fries,Fast Food,200
953,2025-02-07,F03,Soda,Beverages,100
953,2025-02-07,F11,Raita,Indian,100
954,2025-01-20,F04,Chicken Wings,Fast Food,500
954,2025-01-20,F02,French Fries,Fast Food,200
954,2025-01-20,F14,Chocolate Cake,Dessert,300
955,2025-03-12,F02,French Fries,Fast Food,200
955,2025-03-12,F04,Chicken Wings,Fast Food,500
955,2025-03-12,F15,Ice Cream,Dessert,250
955,2025-03-12,F14,Chocolate Cake,Dessert,300
956,2025-01-01,F01,Beef Burger,Fast Food,450
956,2025-01-01,F08,Miso Soup,Japanese,150
956,2025-01-01,F07,California Roll Sushi,Japanese,700
956,2025-01-01,F14,Chocolate Cake,Dessert,300
957,2025-05-30,F08,Miso Soup,Japanese,150
957,2025-05-30,F07,California Roll Sushi,Japanese,700
957,2025-05-30,F09,Green Tea,Beverages,100
958,2025-02-18,F05,Margherita Pizza,Italian,900
958,2025-02-18,F01,Beef Burger,Fast Food,450
959,2025-04-02,F15,Ice Cream,Dessert,250
960,2025-03-07,F12,Naan Bread,Indian,80
960,2025-03-07,F09,Green Tea,Beverages,100
961,2025-03-15,F05,Margherita Pizza,Italian,900
961,2025-03-15,F01,Beef Burger,Fast Food,450
961,2025-03-15,F15,Ice Cream,Dessert,250
961,2025-03-15,F14,Chocolate Cake,Dessert,300
962,2025-01-26,F10,Chicken Biryani,Indian,550
962,2025-01-26,F11,Raita,Indian,100
962,2025-01-26,F12,Naan Bread,Indian,80
963,2025-05-13,F10,Chicken Biryani,Indian,550
963,2025-05-13,F11,Raita,Indian,100
963,2025-05-13,F12,Naan Bread,Indian,80
964,2025-03-24,F01,Beef Burger,Fast Food,450
965,2025-04-17,F05,Margherita Pizza,Italian,900
965,2025-04-17,F06,Garlic Bread,Italian,250
965,2025-04-17,F03,Soda,Beverages,100
965,2025-04-17,F15,Ice Cream,Dessert,250
966,2025-04-22,F12,Naan Bread,Indian,80
967,2025-03-19,F11,Raita,Indian,100
967,2025-03-19,F02,French Fries,Fast Food,200
968,2025-04-29,F13,Chapati,Local,50
969,2025-04-02,F05,Margherita Pizza,Italian,900
969,2025-04-02,F06,Garlic Bread,Italian,250
969,2025-04-02,F14,Chocolate Cake,Dessert,300
970,2025-04-09,F13,Chapati,Local,50
970,2025-04-09,F11,Raita,Indian,100
970,2025-04-09,F10,Chicken Biryani,Indian,550
970,2025-04-09,F08,Miso Soup,Japanese,150
971,2025-03-10,F08,Miso Soup,Japanese,150
971,2025-03-10,F01,Beef Burger,Fast Food,450
971,2025-03-10,F07,California Roll Sushi,Japanese,700
971,2025-03-10,F15,Ice Cream,Dessert,250
972,2025-03-03,F01,Beef Burger,Fast Food,450
972,2025-03-03,F02,French Fries,Fast Food,200
972,2025-03-03,F03,Soda,Beverages,100
973,2025-03-23,F14,Chocolate Cake,Dessert,300
974,2025-02-06,F04,Chicken Wings,Fast Food,500
974,2025-02-06,F02,French Fries,Fast Food,200
974,2025-02-06,F03,Soda,Beverages,100
975,2025-02-12,F10,Chicken Biryani,Indian,550
975,2025-02-12,F11,Raita,Indian,100
975,2025-02-12,F12,Naan Bread,Indian,80
975,2025-02-12,F08,Miso Soup,Japanese,150
976,2025-04-10,F01,Beef Burger,Fast Food,450
976,2025-04-10,F02,French Fries,Fast Food,200
976,2025-04-10,F03,Soda,Beverages,100
977,2025-04-26,F04,Chicken Wings,Fast Food,500
977,2025-04-26,F02,French Fries,Fast Food,200
977,2025-04-26,F03,Soda,Beverages,100
978,2025-06-11,F04,Chicken Wings,Fast Food,500
978,2025-06-11,F02,French Fries,Fast Food,200
979,2025-06-16,F04,Chicken Wings,Fast Food,500
979,2025-06-16,F02,French Fries,Fast Food,200
980,2025-06-28,F14,Chocolate Cake,Dessert,300
980,2025-06-28,F08,Miso Soup,Japanese,150
980,2025-06-28,F05,Margherita Pizza,Italian,900
981,2025-05-28,F10,Chicken Biryani,Indian,550
981,2025-05-28,F11,Raita,Indian,100
981,2025-05-28,F12,Naan Bread,Indian,80
981,2025-05-28,F14,Chocolate Cake,Dessert,300
982,2025-02-22,F05,Margherita Pizza,Italian,900
982,2025-02-22,F06,Garlic Bread,Italian,250
983,2025-05-06,F02,French Fries,Fast Food,200
983,2025-05-06,F06,Garlic Bread,Italian,250
983,2025-05-06,F04,Chicken Wings,Fast Food,500
983,2025-05-06,F14,Chocolate Cake,Dessert,300
984,2025-01-23,F06,Garlic Bread,Italian,250
984,2025-01-23,F15,Ice Cream,Dessert,250
985,2025-06-15,F05,Margherita Pizza,Italian,900
985,2025-06-15,F15,Ice Cream,Dessert,250
986,2025-04-20,F05,Margherita Pizza,Italian,900
986,2025-04-20,F06,Garlic Bread,Italian,250
987,2025-04-22,F02,French Fries,Fast Food,200
988,2025-02-17,F04,Chicken Wings,Fast Food,500
988,2025-02-17,F02,French Fries,Fast Food,200
989,2025-04-15,F13,Chapati,Local,50
989,2025-04-15,F12,Naan Bread,Indian,80
989,2025-04-15,F03,Soda,Beverages,100
990,2025-02-01,F04,Chicken Wings,Fast Food,500
990,2025-02-01,F02,French Fries,Fast Food,200
991,2025-03-06,F15,Ice Cream,Dessert,250
992,2025-03-31,F11,Raita,Indian,100
992,2025-03-31,F15,Ice Cream,Dessert,250
993,2025-02-08,F13,Chapati,Local,50
993,2025-02-08,F11,Raita,Indian,100
993,2025-02-08,F01,Beef Burger,Fast Food,450
994,2025-01-10,F10,Chicken Biryani,Indian,550
994,2025-01-10,F11,Raita,Indian,100
994,2025-01-10,F12,Naan Bread,Indian,80
995,2025-01-14,F10,Chicken Biryani,Indian,550
995,2025-01-14,F11,Raita,Indian,100
995,2025-01-14,F12,Naan Bread,Indian,80
996,2025-05-14,F01,Beef Burger,Fast Food,450
996,2025-05-14,F02,French Fries,Fast Food,200
996,2025-05-14,F03,Soda,Beverages,100
997,2025-01-17,F01,Beef Burger,Fast Food,450
997,2025-01-17,F02,French Fries,Fast Food,200
997,2025-01-17,F03,Soda,Beverages,100
998,2025-01-10,F12,Naan Bread,Indian,80
999,2025-03-03,F01,Beef Burger,Fast Food,450
999,2025-03-03,F02,French Fries,Fast Food,200
999,2025-03-03,F03,Soda,Beverages,100
1000,2025-03-25,F10,Chicken Biryani,Indian,550
1000,2025-03-25,F11,Raita,Indian,100
1000,2025-03-25,F12,Naan Bread,Indian,80
1001,2025-05-02,F05,Margherita Pizza,Italian,900
1001,2025-05-02,F06,Garlic Bread,Italian,250
1001,2025-05-02,F03,Soda,Beverages,100
1002,2025-02-02,F04,Chicken Wings,Fast Food,500
1002,2025-02-02,F02,French Fries,Fast Food,200
1003,2025-01-04,F04,Chicken Wings,Fast Food,500
1003,2025-01-04,F02,French Fries,Fast Food,200
1003,2025-01-04,F03,Soda,Beverages,100
1004,2025-03-30,F04,Chicken Wings,Fast Food,500
1004,2025-03-30,F02,French Fries,Fast Food,200
1005,2025-04-25,F06,Garlic Bread,Italian,250
1005,2025-04-25,F15,Ice Cream,Dessert,250
1005,2025-04-25,F04,Chicken Wings,Fast Food,500
1006,2025-05-12,F05,Margherita Pizza,Italian,900
1006,2025-05-12,F06,Garlic Bread,Italian,250
1007,2025-06-22,F10,Chicken Biryani,Indian,550
1007,2025-06-22,F11,Raita,Indian,100
1007,2025-06-22,F12,Naan Bread,Indian,80
1007,2025-06-22,F15,Ice Cream,Dessert,250
1008,2025-01-05,F12,Naan Bread,Indian,80
1008,2025-01-05,F15,Ice Cream,Dessert,250
1009,2025-03-29,F10,Chicken Biryani,Indian,550
1009,2025-03-29,F11,Raita,Indian,100
1009,2025-03-29,F12,Naan Bread,Indian,80
1010,2025-06-05,F10,Chicken Biryani,Indian,550
1011,2025-02-02,F07,California Roll Sushi,Japanese,700
1011,2025-02-02,F08,Miso Soup,Japanese,150
1011,2025-02-02,F09,Green Tea,Beverages,100
1012,2025-04-22,F01,Beef Burger,Fast Food,450
1013,2025-05-13,F02,French Fries,Fast Food,200
1013,2025-05-13,F13,Chapati,Local,50
1013,2025-05-13,F07,California Roll Sushi,Japanese,700
1013,2025-05-13,F15,Ice Cream,Dessert,250
1014,2025-01-12,F11,Raita,Indian,100
1014,2025-01-12,F15,Ice Cream,Dessert,250
1015,2025-01-13,F02,French Fries,Fast Food,200
1015,2025-01-13,F15,Ice Cream,Dessert,250
1015,2025-01-13,F06,Garlic Bread,Italian,250
1016,2025-04-01,F10,Chicken Biryani,Indian,550
1016,2025-04-01,F11,Raita,Indian,100
1016,2025-04-01,F12,Naan Bread,Indian,80
1017,2025-05-03,F13,Chapati,Local,50
1017,2025-05-03,F05,Margherita Pizza,Italian,900
1017,2025-05-03,F14,Chocolate Cake,Dessert,300
1018,2025-01-29,F07,California Roll Sushi,Japanese,700
1018,2025-01-29,F08,Miso Soup,Japanese,150
1018,2025-01-29,F09,Green Tea,Beverages,100
1019,2025-06-24,F15,Ice Cream,Dessert,250
1019,2025-06-24,F10,Chicken Biryani,Indian,550
1019,2025-06-24,F06,Garlic Bread,Italian,250
1019,2025-06-24,F14,Chocolate Cake,Dessert,300
1020,2025-05-29,F07,California Roll Sushi,Japanese,700
1020,2025-05-29,F08,Miso Soup,Japanese,150
1021,2025-01-10,F01,Beef Burger,Fast Food,450
1022,2025-03-10,F01,Beef Burger,Fast Food,450
1022,2025-03-10,F02,French Fries,Fast Food,200
1023,2025-01-07,F07,California Roll Sushi,Japanese,700
1023,2025-01-07,F08,Miso Soup,Japanese,150
1023,2025-01-07,F09,Green Tea,Beverages,100
1024,2025-01-29,F05,Margherita Pizza,Italian,900
1024,2025-01-29,F01,Beef Burger,Fast Food,450
1024,2025-01-29,F15,Ice Cream,Dessert,250
1025,2025-02-26,F15,Ice Cream,Dessert,250
1026,2025-05-10,F07,California Roll Sushi,Japanese,700
1026,2025-05-10,F12,Naan Bread,Indian,80
1027,2025-05-28,F12,Naan Bread,Indian,80
1028,2025-03-18,F11,Raita,Indian,100
1028,2025-03-18,F12,Naan Bread,Indian,80
1029,2025-03-21,F04,Chicken Wings,Fast Food,500
1029,2025-03-21,F02,French Fries,Fast Food,200
1030,2025-01-31,F01,Beef Burger,Fast Food,450
1030,2025-01-31,F02,French Fries,Fast Food,200
1030,2025-01-31,F03,Soda,Beverages,100
1031,2025-02-02,F01,Beef Burger,Fast Food,450
1031,2025-02-02,F15,Ice Cream,Dessert,250
1032,2025-01-04,F01,Beef Burger,Fast Food,450
1032,2025-01-04,F02,French Fries,Fast Food,200
1032,2025-01-04,F03,Soda,Beverages,100
1032,2025-01-04,F15,Ice Cream,Dessert,250
1033,2025-05-22,F02,French Fries,Fast Food,200
1034,2025-03-13,F04,Chicken Wings,Fast Food,500
1034,2025-03-13,F02,French Fries,Fast Food,200
1034,2025-03-13,F03,Soda,Beverages,100
1035,2025-03-29,F04,Chicken Wings,Fast Food,500
1035,2025-03-29,F02,French Fries,Fast Food,200
1035,2025-03-29,F08,Miso Soup,Japanese,150
1036,2025-01-26,F10,Chicken Biryani,Indian,550
1036,2025-01-26,F11,Raita,Indian,100
1036,2025-01-26,F12,Naan Bread,Indian,80
1037,2025-05-06,F12,Naan Bread,Indian,80
1037,2025-05-06,F01,Beef Burger,Fast Food,450
1037,2025-05-06,F07,California Roll Sushi,Japanese,700
1037,2025-05-06,F14,Chocolate Cake,Dessert,300
1038,2025-05-03,F07,California Roll Sushi,Japanese,700
1038,2025-05-03,F15,Ice Cream,Dessert,250
1039,2025-02-01,F05,Margherita Pizza,Italian,900
1039,2025-02-01,F06,Garlic Bread,Italian,250
1040,2025-01-20,F01,Beef Burger,Fast Food,450
1040,2025-01-20,F02,French Fries,Fast Food,200
1041,2025-01-14,F05,Margherita Pizza,Italian,900
1041,2025-01-14,F06,Garlic Bread,Italian,250
1041,2025-01-14,F14,Chocolate Cake,Dessert,300
1042,2025-02-24,F12,Naan Bread,Indian,80
1042,2025-02-24,F11,Raita,Indian,100
1043,2025-06-09,F04,Chicken Wings,Fast Food,500
1043,2025-06-09,F02,French Fries,Fast Food,200
1043,2025-06-09,F03,Soda,Beverages,100
1044,2025-04-30,F04,Chicken Wings,Fast Food,500
1044,2025-04-30,F02,French Fries,Fast Food,200
1044,2025-04-30,F03,Soda,Beverages,100
1045,2025-01-21,F01,Beef Burger,Fast Food,450
1046,2025-01-14,F12,Naan Bread,Indian,80
1047,2025-04-17,F07,California Roll Sushi,Japanese,700
1047,2025-04-17,F08,Miso Soup,Japanese,150
1048,2025-03-23,F05,Margherita Pizza,Italian,900
1048,2025-03-23,F06,Garlic Bread,Italian,250
1049,2025-06-08,F14,Chocolate Cake,Dessert,300
1049,2025-06-08,F03,Soda,Beverages,100
1050,2025-05-18,F07,California Roll Sushi,Japanese,700
1050,2025-05-18,F10,Chicken Biryani,Indian,550
1051,2025-01-13,F07,California Roll Sushi,Japanese,700
1051,2025-01-13,F08,Miso Soup,Japanese,150
1051,2025-01-13,F09,Green Tea,Beverages,100
1052,2025-04-04,F01,Beef Burger,Fast Food,450
1052,2025-04-04,F02,French Fries,Fast Food,200
1052,2025-04-04,F14,Chocolate Cake,Dessert,300
1053,2025-05-24,F14,Chocolate Cake,Dessert,300
1053,2025-05-24,F09,Green Tea,Beverages,100
1053,2025-05-24,F10,Chicken Biryani,Indian,550
1053,2025-05-24,F12,Naan Bread,Indian,80
1054,2025-01-26,F08,Miso Soup,Japanese,150
1055,2025-04-07,F04,Chicken Wings,Fast Food,500
1055,2025-04-07,F13,Chapati,Local,50
1055,2025-04-07,F05,Margherita Pizza,Italian,900
1056,2025-04-30,F08,Miso Soup,Japanese,150
1056,2025-04-30,F14,Chocolate Cake,Dessert,300
1057,2025-02-25,F01,Beef Burger,Fast Food,450
1057,2025-02-25,F02,French Fries,Fast Food,200
1058,2025-02-20,F07,California Roll Sushi,Japanese,700
1058,2025-02-20,F08,Miso Soup,Japanese,150
1058,2025-02-20,F09,Green Tea,Beverages,100
1059,2025-05-04,F06,Garlic Bread,Italian,250
1059,2025-05-04,F15,Ice Cream,Dessert,250
1060,2025-01-17,F05,Margherita Pizza,Italian,900
1060,2025-01-17,F03,Soda,Beverages,100
1060,2025-01-17,F12,Naan Bread,Indian,80
1060,2025-01-17,F14,Chocolate Cake,Dessert,300
1061,2025-04-23,F04,Chicken Wings,Fast Food,500
1061,2025-04-23,F07,California Roll Sushi,Japanese,700
1061,2025-04-23,F02,French Fries,Fast Food,200
1062,2025-01-31,F04,Chicken Wings,Fast Food,500
1062,2025-01-31,F14,Chocolate Cake,Dessert,300
1063,2025-05-03,F15,Ice Cream,Dessert,250
1064,2025-06-11,F04,Chicken Wings,Fast Food,500
1065,2025-05-27,F11,Raita,Indian,100
1065,2025-05-27,F10,Chicken Biryani,Indian,550
1065,2025-05-27,F15,Ice Cream,Dessert,250
1065,2025-05-27,F01,Beef Burger,Fast Food,450
1066,2025-06-06,F01,Beef Burger,Fast Food,450
1066,2025-06-06,F02,French Fries,Fast Food,200
1067,2025-03-18,F07,California Roll Sushi,Japanese,700
1067,2025-03-18,F08,Miso Soup,Japanese,150
1067,2025-03-18,F09,Green Tea,Beverages,100
1068,2025-03-23,F10,Chicken Biryani,Indian,550
1068,2025-03-23,F11,Raita,Indian,100
1068,2025-03-23,F12,Naan Bread,Indian,80
1069,2025-02-15,F03,Soda,Beverages,100
1070,2025-06-17,F07,California Roll Sushi,Japanese,700
1070,2025-06-17,F08,Miso Soup,Japanese,150
1070,2025-06-17,F04,Chicken Wings,Fast Food,500
1070,2025-06-17,F14,Chocolate Cake,Dessert,300
1071,2025-06-19,F10,Chicken Biryani,Indian,550
1071,2025-06-19,F11,Raita,Indian,100
1071,2025-06-19,F12,Naan Bread,Indian,80
1072,2025-02-26,F07,California Roll Sushi,Japanese,700
1072,2025-02-26,F08,Miso Soup,Japanese,150
1073,2025-04-22,F07,California Roll Sushi,Japanese,700
1073,2025-04-22,F12,Naan Bread,Indian,80
1073,2025-04-22,F14,Chocolate Cake,Dessert,300
1074,2025-04-27,F04,Chicken Wings,Fast Food,500
1074,2025-04-27,F02,French Fries,Fast Food,200
1074,2025-04-27,F14,Chocolate Cake,Dessert,300
1075,2025-06-10,F05,Margherita Pizza,Italian,900
1075,2025-06-10,F06,Garlic Bread,Italian,250
1076,2025-04-03,F04,Chicken Wings,Fast Food,500
1076,2025-04-03,F02,French Fries,Fast Food,200
1076,2025-04-03,F14,Chocolate Cake,Dessert,300
1077,2025-02-03,F13,Chapati,Local,50
1077,2025-02-03,F02,French Fries,Fast Food,200
1078,2025-02-21,F01,Beef Burger,Fast Food,450
1078,2025-02-21,F02,French Fries,Fast Food,200
1079,2025-03-09,F05,Margherita Pizza,Italian,900
1080,2025-02-18,F05,Margherita Pizza,Italian,900
1080,2025-02-18,F06,Garlic Bread,Italian,250
1081,2025-04-22,F13,Chapati,Local,50
1081,2025-04-22,F09,Green Tea,Beverages,100
1081,2025-04-22,F12,Naan Bread,Indian,80
1082,2025-04-01,F07,California Roll Sushi,Japanese,700
1082,2025-04-01,F08,Miso Soup,Japanese,150
1082,2025-04-01,F09,Green Tea,Beverages,100
1083,2025-02-12,F05,Margherita Pizza,Italian,900
1083,2025-02-12,F06,Garlic Bread,Italian,250
1084,2025-03-21,F12,Naan Bread,Indian,80
1085,2025-05-12,F10,Chicken Biryani,Indian,550
1085,2025-05-12,F11,Raita,Indian,100
1085,2025-05-12,F12,Naan Bread,Indian,80
1086,2025-01-20,F10,Chicken Biryani,Indian,550
1086,2025-01-20,F11,Raita,Indian,100
1086,2025-01-20,F12,Naan Bread,Indian,80
1087,2025-04-26,F03,Soda,Beverages,100
1087,2025-04-26,F14,Chocolate Cake,Dessert,300
1088,2025-03-24,F01,Beef Burger,Fast Food,450
1088,2025-03-24,F02,French Fries,Fast Food,200
1089,2025-02-12,F01,Beef Burger,Fast Food,450
1089,2025-02-12,F02,French Fries,Fast Food,200
1089,2025-02-12,F09,Green Tea,Beverages,100
1090,2025-02-24,F04,Chicken Wings,Fast Food,500
1090,2025-02-24,F02,French Fries,Fast Food,200
1091,2025-01-05,F10,Chicken Biryani,Indian,550
1091,2025-01-05,F11,Raita,Indian,100
1091,2025-01-05,F12,Naan Bread,Indian,80
1092,2025-03-21,F12,Naan Bread,Indian,80
1092,2025-03-21,F15,Ice Cream,Dessert,250
1092,2025-03-21,F14,Chocolate Cake,Dessert,300
1092,2025-03-21,F11,Raita,Indian,100
1093,2025-03-08,F01,Beef Burger,Fast Food,450
1093,2025-03-08,F02,French Fries,Fast Food,200
1093,2025-03-08,F03,Soda,Beverages,100
1094,2025-01-07,F07,California Roll Sushi,Japanese,700
1094,2025-01-07,F08,Miso Soup,Japanese,150
1094,2025-01-07,F09,Green Tea,Beverages,100
1095,2025-02-02,F10,Chicken Biryani,Indian,550
1095,2025-02-02,F11,Raita,Indian,100
1095,2025-02-02,F12,Naan Bread,Indian,80
1096,2025-03-28,F02,French Fries,Fast Food,200
1097,2025-06-26,F07,California Roll Sushi,Japanese,700
1097,2025-06-26,F08,Miso Soup,Japanese,150
1097,2025-06-26,F09,Green Tea,Beverages,100
1098,2025-05-20,F01,Beef Burger,Fast Food,450
1098,2025-05-20,F02,French Fries,Fast Food,200
1098,2025-05-20,F14,Chocolate Cake,Dessert,300
1099,2025-03-07,F06,Garlic Bread,Italian,250
1099,2025-03-07,F05,Margherita Pizza,Italian,900
1099,2025-03-07,F15,Ice Cream,Dessert,250
1100,2025-05-06,F07,California Roll Sushi,Japanese,700
1100,2025-05-06,F14,Chocolate Cake,Dessert,300
1101,2025-06-03,F04,Chicken Wings,Fast Food,500
1101,2025-06-03,F14,Chocolate Cake,Dessert,300
1101,2025-06-03,F13,Chapati,Local,50
1101,2025-06-03,F15,Ice Cream,Dessert,250
1102,2025-05-12,F05,Margherita Pizza,Italian,900
1102,2025-05-12,F06,Garlic Bread,Italian,250
1102,2025-05-12,F09,Green Tea,Beverages,100
1103,2025-01-08,F15,Ice Cream,Dessert,250
1103,2025-01-08,F01,Beef Burger,Fast Food,450
1104,2025-03-25,F05,Margherita Pizza,Italian,900
1104,2025-03-25,F06,Garlic Bread,Italian,250
1104,2025-03-25,F15,Ice Cream,Dessert,250
1105,2025-03-05,F03,Soda,Beverages,100
1105,2025-03-05,F01,Beef Burger,Fast Food,450
1106,2025-05-10,F04,Chicken Wings,Fast Food,500
1106,2025-05-10,F02,French Fries,Fast Food,200
1106,2025-05-10,F14,Chocolate Cake,Dessert,300
1107,2025-05-04,F07,California Roll Sushi,Japanese,700
1107,2025-05-04,F08,Miso Soup,Japanese,150
1108,2025-03-03,F10,Chicken Biryani,Indian,550
1108,2025-03-03,F11,Raita,Indian,100
1108,2025-03-03,F12,Naan Bread,Indian,80
1108,2025-03-03,F15,Ice Cream,Dessert,250
1109,2025-03-01,F15,Ice Cream,Dessert,250
1109,2025-03-01,F02,French Fries,Fast Food,200
1109,2025-03-01,F10,Chicken Biryani,Indian,550
1110,2025-04-23,F07,California Roll Sushi,Japanese,700
1110,2025-04-23,F08,Miso Soup,Japanese,150
1110,2025-04-23,F09,Green Tea,Beverages,100
1110,2025-04-23,F04,Chicken Wings,Fast Food,500
1110,2025-04-23,F14,Chocolate Cake,Dessert,300
1111,2025-05-30,F15,Ice Cream,Dessert,250
1111,2025-05-30,F09,Green Tea,Beverages,100
1112,2025-01-15,F07,California Roll Sushi,Japanese,700
1112,2025-01-15,F08,Miso Soup,Japanese,150
1112,2025-01-15,F14,Chocolate Cake,Dessert,300
1113,2025-01-20,F04,Chicken Wings,Fast Food,500
1113,2025-01-20,F02,French Fries,Fast Food,200
1113,2025-01-20,F14,Chocolate Cake,Dessert,300
1114,2025-02-20,F08,Miso Soup,Japanese,150
1114,2025-02-20,F03,Soda,Beverages,100
1114,2025-02-20,F09,Green Tea,Beverages,100
1114,2025-02-20,F04,Chicken Wings,Fast Food,500
1115,2025-03-31,F14,Chocolate Cake,Dessert,300
1115,2025-03-31,F09,Green Tea,Beverages,100
1116,2025-05-20,F05,Margherita Pizza,Italian,900
1116,2025-05-20,F06,Garlic Bread,Italian,250
1117,2025-01-16,F07,California Roll Sushi,Japanese,700
1117,2025-01-16,F08,Miso Soup,Japanese,150
1118,2025-03-12,F09,Green Tea,Beverages,100
1118,2025-03-12,F12,Naan Bread,Indian,80
1118,2025-03-12,F02,French Fries,Fast Food,200
1118,2025-03-12,F10,Chicken Biryani,Indian,550
1119,2025-03-22,F05,Margherita Pizza,Italian,900
1119,2025-03-22,F06,Garlic Bread,Italian,250
1119,2025-03-22,F15,Ice Cream,Dessert,250
1120,2025-03-30,F10,Chicken Biryani,Indian,550
1120,2025-03-30,F11,Raita,Indian,100
1120,2025-03-30,F12,Naan Bread,Indian,80
1121,2025-06-20,F05,Margherita Pizza,Italian,900
1121,2025-06-20,F15,Ice Cream,Dessert,250
1122,2025-02-05,F10,Chicken Biryani,Indian,550
1122,2025-02-05,F08,Miso Soup,Japanese,150
1122,2025-02-05,F13,Chapati,Local,50
1123,2025-03-31,F14,Chocolate Cake,Dessert,300
1123,2025-03-31,F06,Garlic Bread,Italian,250
1123,2025-03-31,F08,Miso Soup,Japanese,150
1123,2025-03-31,F07,California Roll Sushi,Japanese,700
1123,2025-03-31,F15,Ice Cream,Dessert,250
1124,2025-03-11,F13,Chapati,Local,50
1125,2025-01-10,F13,Chapati,Local,50
1125,2025-01-10,F06,Garlic Bread,Italian,250
1125,2025-01-10,F03,Soda,Beverages,100
1125,2025-01-10,F14,Chocolate Cake,Dessert,300
1125,2025-01-10,F15,Ice Cream,Dessert,250
1126,2025-03-02,F01,Beef Burger,Fast Food,450
1126,2025-03-02,F02,French Fries,Fast Food,200
1127,2025-03-22,F08,Miso Soup,Japanese,150
1127,2025-03-22,F03,Soda,Beverages,100
1127,2025-03-22,F12,Naan Bread,Indian,80
1128,2025-02-23,F07,California Roll Sushi,Japanese,700
1128,2025-02-23,F08,Miso Soup,Japanese,150
1129,2025-03-05,F11,Raita,Indian,100
1129,2025-03-05,F15,Ice Cream,Dessert,250
1129,2025-03-05,F12,Naan Bread,Indian,80
1129,2025-03-05,F14,Chocolate Cake,Dessert,300
1130,2025-05-14,F01,Beef Burger,Fast Food,450
1130,2025-05-14,F02,French Fries,Fast Food,200
1130,2025-05-14,F03,Soda,Beverages,100
1131,2025-04-02,F06,Garlic Bread,Italian,250
1132,2025-01-15,F01,Beef Burger,Fast Food,450
1132,2025-01-15,F02,French Fries,Fast Food,200
1132,2025-01-15,F03,Soda,Beverages,100
1133,2025-03-18,F07,California Roll Sushi,Japanese,700
1133,2025-03-18,F08,Miso Soup,Japanese,150
1134,2025-05-15,F12,Naan Bread,Indian,80
1134,2025-05-15,F15,Ice Cream,Dessert,250
1134,2025-05-15,F10,Chicken Biryani,Indian,550
1135,2025-01-22,F04,Chicken Wings,Fast Food,500
1135,2025-01-22,F02,French Fries,Fast Food,200
1135,2025-01-22,F03,Soda,Beverages,100
1136,2025-02-12,F06,Garlic Bread,Italian,250
1137,2025-02-06,F01,Beef Burger,Fast Food,450
1137,2025-02-06,F02,French Fries,Fast Food,200
1138,2025-05-05,F04,Chicken Wings,Fast Food,500
1138,2025-05-05,F02,French Fries,Fast Food,200
1138,2025-05-05,F03,Soda,Beverages,100
1139,2025-06-03,F09,Green Tea,Beverages,100
1139,2025-06-03,F15,Ice Cream,Dessert,250
1139,2025-06-03,F04,Chicken Wings,Fast Food,500
1140,2025-04-08,F01,Beef Burger,Fast Food,450
1140,2025-04-08,F02,French Fries,Fast Food,200
1140,2025-04-08,F04,Chicken Wings,Fast Food,500
1140,2025-04-08,F15,Ice Cream,Dessert,250
1141,2025-05-04,F01,Beef Burger,Fast Food,450
1141,2025-05-04,F02,French Fries,Fast Food,200
1141,2025-05-04,F03,Soda,Beverages,100
1142,2025-05-27,F06,Garlic Bread,Italian,250
1143,2025-05-14,F10,Chicken Biryani,Indian,550
1143,2025-05-14,F11,Raita,Indian,100
1143,2025-05-14,F12,Naan Bread,Indian,80
1144,2025-03-11,F10,Chicken Biryani,Indian,550
1144,2025-03-11,F11,Raita,Indian,100
1144,2025-03-11,F12,Naan Bread,Indian,80
1145,2025-03-19,F02,French Fries,Fast Food,200
1145,2025-03-19,F08,Miso Soup,Japanese,150
1145,2025-03-19,F11,Raita,Indian,100
1145,2025-03-19,F13,Chapati,Local,50
1146,2025-01-11,F01,Beef Burger,Fast Food,450
1146,2025-01-11,F02,French Fries,Fast Food,200
1146,2025-01-11,F03,Soda,Beverages,100
1147,2025-04-06,F07,California Roll Sushi,Japanese,700
1147,2025-04-06,F08,Miso Soup,Japanese,150
1147,2025-04-06,F04,Chicken Wings,Fast Food,500
1148,2025-02-27,F10,Chicken Biryani,Indian,550
1148,2025-02-27,F11,Raita,Indian,100
1148,2025-02-27,F12,Naan Bread,Indian,80
1149,2025-03-18,F08,Miso Soup,Japanese,150
1149,2025-03-18,F06,Garlic Bread,Italian,250
1149,2025-03-18,F15,Ice Cream,Dessert,250
1150,2025-03-09,F03,Soda,Beverages,100
1150,2025-03-09,F05,Margherita Pizza,Italian,900
1150,2025-03-09,F12,Naan Bread,Indian,80
1150,2025-03-09,F08,Miso Soup,Japanese,150
1151,2025-01-12,F01,Beef Burger,Fast Food,450
1151,2025-01-12,F02,French Fries,Fast Food,200
1152,2025-02-12,F01,Beef Burger,Fast Food,450
1152,2025-02-12,F02,French Fries,Fast Food,200
1153,2025-04-09,F09,Green Tea,Beverages,100
1153,2025-04-09,F05,Margherita Pizza,Italian,900
1154,2025-02-23,F14,Chocolate Cake,Dessert,300
1154,2025-02-23,F13,Chapati,Local,50
1154,2025-02-23,F09,Green Tea,Beverages,100
1154,2025-02-23,F03,Soda,Beverages,100
1155,2025-02-17,F10,Chicken Biryani,Indian,550
1155,2025-02-17,F11,Raita,Indian,100
1155,2025-02-17,F12,Naan Bread,Indian,80
1155,2025-02-17,F15,Ice Cream,Dessert,250
1156,2025-06-26,F13,Chapati,Local,50
1156,2025-06-26,F07,California Roll Sushi,Japanese,700
1156,2025-06-26,F10,Chicken Biryani,Indian,550
1156,2025-06-26,F15,Ice Cream,Dessert,250
1157,2025-05-14,F07,California Roll Sushi,Japanese,700
1157,2025-05-14,F08,Miso Soup,Japanese,150
1157,2025-05-14,F09,Green Tea,Beverages,100
1157,2025-05-14,F14,Chocolate Cake,Dessert,300
1158,2025-03-25,F04,Chicken Wings,Fast Food,500
1158,2025-03-25,F02,French Fries,Fast Food,200
1159,2025-06-24,F05,Margherita Pizza,Italian,900
1159,2025-06-24,F12,Naan Bread,Indian,80
1159,2025-06-24,F15,Ice Cream,Dessert,250
1160,2025-05-06,F10,Chicken Biryani,Indian,550
1160,2025-05-06,F11,Raita,Indian,100
1160,2025-05-06,F12,Naan Bread,Indian,80
1161,2025-01-12,F10,Chicken Biryani,Indian,550
1161,2025-01-12,F11,Raita,Indian,100
1161,2025-01-12,F12,Naan Bread,Indian,80
1162,2025-06-17,F09,Green Tea,Beverages,100
1162,2025-06-17,F11,Raita,Indian,100
1162,2025-06-17,F14,Chocolate Cake,Dessert,300
1163,2025-02-06,F07,California Roll Sushi,Japanese,700
1163,2025-02-06,F08,Miso Soup,Japanese,150
1164,2025-04-14,F02,French Fries,Fast Food,200
1164,2025-04-14,F12,Naan Bread,Indian,80
1164,2025-04-14,F14,Chocolate Cake,Dessert,300
1165,2025-05-03,F05,Margherita Pizza,Italian,900
1165,2025-05-03,F06,Garlic Bread,Italian,250
1165,2025-05-03,F10,Chicken Biryani,Indian,550
1166,2025-06-13,F10,Chicken Biryani,Indian,550
1166,2025-06-13,F11,Raita,Indian,100
1166,2025-06-13,F12,Naan Bread,Indian,80
1167,2025-03-10,F10,Chicken Biryani,Indian,550
1168,2025-05-02,F13,Chapati,Local,50
1168,2025-05-02,F04,Chicken Wings,Fast Food,500
1168,2025-05-02,F06,Garlic Bread,Italian,250
1168,2025-05-02,F03,Soda,Beverages,100
1168,2025-05-02,F15,Ice Cream,Dessert,250
1169,2025-05-17,F09,Green Tea,Beverages,100
1170,2025-04-05,F05,Margherita Pizza,Italian,900
1170,2025-04-05,F06,Garlic Bread,Italian,250
1171,2025-05-15,F03,Soda,Beverages,100
1172,2025-06-04,F01,Beef Burger,Fast Food,450
1172,2025-06-04,F09,Green Tea,Beverages,100
1172,2025-06-04,F02,French Fries,Fast Food,200
1173,2025-06-04,F11,Raita,Indian,100
1173,2025-06-04,F15,Ice Cream,Dessert,250
1173,2025-06-04,F09,Green Tea,Beverages,100
1173,2025-06-04,F07,California Roll Sushi,Japanese,700
1174,2025-04-10,F04,Chicken Wings,Fast Food,500
1174,2025-04-10,F02,French Fries,Fast Food,200
1174,2025-04-10,F11,Raita,Indian,100
1174,2025-04-10,F08,Miso Soup,Japanese,150
1175,2025-01-09,F13,Chapati,Local,50
1175,2025-01-09,F02,French Fries,Fast Food,200
1175,2025-01-09,F05,Margherita Pizza,Italian,900
1175,2025-01-09,F14,Chocolate Cake,Dessert,300
1176,2025-01-03,F10,Chicken Biryani,Indian,550
1176,2025-01-03,F11,Raita,Indian,100
1176,2025-01-03,F12,Naan Bread,Indian,80
1177,2025-05-10,F07,California Roll Sushi,Japanese,700
1178,2025-02-02,F10,Chicken Biryani,Indian,550
1179,2025-01-08,F05,Margherita Pizza,Italian,900
1179,2025-01-08,F06,Garlic Bread,Italian,250
1179,2025-01-08,F11,Raita,Indian,100
1180,2025-05-26,F07,California Roll Sushi,Japanese,700
1180,2025-05-26,F08,Miso Soup,Japanese,150
1180,2025-05-26,F09,Green Tea,Beverages,100
1181,2025-06-14,F08,Miso Soup,Japanese,150
1181,2025-06-14,F15,Ice Cream,Dessert,250
1181,2025-06-14,F04,Chicken Wings,Fast Food,500
1182,2025-02-05,F07,California Roll Sushi,Japanese,700
1183,2025-02-21,F07,California Roll Sushi,Japanese,700
1183,2025-02-21,F08,Miso Soup,Japanese,150
1183,2025-02-21,F09,Green Tea,Beverages,100
1184,2025-02-06,F10,Chicken Biryani,Indian,550
1184,2025-02-06,F07,California Roll Sushi,Japanese,700
1184,2025-02-06,F03,Soda,Beverages,100
1185,2025-02-24,F05,Margherita Pizza,Italian,900
1185,2025-02-24,F07,California Roll Sushi,Japanese,700
1185,2025-02-24,F10,Chicken Biryani,Indian,550
1185,2025-02-24,F14,Chocolate Cake,Dessert,300
1186,2025-03-06,F11,Raita,Indian,100
1186,2025-03-06,F01,Beef Burger,Fast Food,450
1186,2025-03-06,F13,Chapati,Local,50
1186,2025-03-06,F10,Chicken Biryani,Indian,550
1187,2025-02-16,F01,Beef Burger,Fast Food,450
1187,2025-02-16,F02,French Fries,Fast Food,200
1188,2025-04-25,F10,Chicken Biryani,Indian,550
1189,2025-01-24,F08,Miso Soup,Japanese,150
1189,2025-01-24,F13,Chapati,Local,50
1189,2025-01-24,F05,Margherita Pizza,Italian,900
1189,2025-01-24,F10,Chicken Biryani,Indian,550
1190,2025-06-10,F01,Beef Burger,Fast Food,450
1190,2025-06-10,F02,French Fries,Fast Food,200
1190,2025-06-10,F03,Soda,Beverages,100
1190,2025-06-10,F14,Chocolate Cake,Dessert,300
1191,2025-02-25,F10,Chicken Biryani,Indian,550
1191,2025-02-25,F02,French Fries,Fast Food,200
1191,2025-02-25,F06,Garlic Bread,Italian,250
1191,2025-02-25,F08,Miso Soup,Japanese,150
1192,2025-02-27,F04,Chicken Wings,Fast Food,500
1192,2025-02-27,F02,French Fries,Fast Food,200
1192,2025-02-27,F03,Soda,Beverages,100
1193,2025-05-03,F05,Margherita Pizza,Italian,900
1193,2025-05-03,F06,Garlic Bread,Italian,250
1193,2025-05-03,F03,Soda,Beverages,100
1193,2025-05-03,F14,Chocolate Cake,Dessert,300
1194,2025-05-04,F10,Chicken Biryani,Indian,550
1194,2025-05-04,F11,Raita,Indian,100
1194,2025-05-04,F12,Naan Bread,Indian,80
1194,2025-05-04,F03,Soda,Beverages,100
1195,2025-03-03,F10,Chicken Biryani,Indian,550
1195,2025-03-03,F11,Raita,Indian,100
1195,2025-03-03,F12,Naan Bread,Indian,80
1196,2025-05-01,F05,Margherita Pizza,Italian,900
1196,2025-05-01,F06,Garlic Bread,Italian,250
1197,2025-06-15,F14,Chocolate Cake,Dessert,300
1198,2025-01-25,F01,Beef Burger,Fast Food,450
1198,2025-01-25,F02,French Fries,Fast Food,200
1198,2025-01-25,F03,Soda,Beverages,100
1199,2025-06-02,F04,Chicken Wings,Fast Food,500
1199,2025-06-02,F06,Garlic Bread,Italian,250
1200,2025-04-10,F14,Chocolate Cake,Dessert,300
1200,2025-04-10,F10,Chicken Biryani,Indian,550
1201,2025-01-04,F05,Margherita Pizza,Italian,900
1201,2025-01-04,F06,Garlic Bread,Italian,250
1201,2025-01-04,F03,Soda,Beverages,100
1201,2025-01-04,F10,Chicken Biryani,Indian,550
1202,2025-06-07,F08,Miso Soup,Japanese,150
1202,2025-06-07,F09,Green Tea,Beverages,100
1203,2025-06-18,F06,Garlic Bread,Italian,250
1203,2025-06-18,F14,Chocolate Cake,Dessert,300
1203,2025-06-18,F15,Ice Cream,Dessert,250
1203,2025-06-18,F10,Chicken Biryani,Indian,550
1204,2025-06-05,F15,Ice Cream,Dessert,250
1205,2025-03-13,F14,Chocolate Cake,Dessert,300
1206,2025-05-23,F04,Chicken Wings,Fast Food,500
1206,2025-05-23,F02,French Fries,Fast Food,200
1206,2025-05-23,F03,Soda,Beverages,100
1207,2025-04-23,F10,Chicken Biryani,Indian,550
1207,2025-04-23,F11,Raita,Indian,100
1207,2025-04-23,F12,Naan Bread,Indian,80
1208,2025-05-13,F03,Soda,Beverages,100
1208,2025-05-13,F15,Ice Cream,Dessert,250
1209,2025-05-18,F01,Beef Burger,Fast Food,450
1209,2025-05-18,F02,French Fries,Fast Food,200
1210,2025-06-02,F07,California Roll Sushi,Japanese,700
1210,2025-06-02,F08,Miso Soup,Japanese,150
1210,2025-06-02,F10,Chicken Biryani,Indian,550
1210,2025-06-02,F14,Chocolate Cake,Dessert,300
1211,2025-03-06,F07,California Roll Sushi,Japanese,700
1211,2025-03-06,F08,Miso Soup,Japanese,150
1211,2025-03-06,F15,Ice Cream,Dessert,250
1212,2025-02-06,F01,Beef Burger,Fast Food,450
1212,2025-02-06,F02,French Fries,Fast Food,200
1213,2025-03-19,F01,Beef Burger,Fast Food,450
1214,2025-03-03,F10,Chicken Biryani,Indian,550
1215,2025-04-14,F12,Naan Bread,Indian,80
1216,2025-03-11,F15,Ice Cream,Dessert,250
1216,2025-03-11,F01,Beef Burger,Fast Food,450
1217,2025-06-06,F10,Chicken Biryani,Indian,550
1217,2025-06-06,F11,Raita,Indian,100
1217,2025-06-06,F12,Naan Bread,Indian,80
1217,2025-06-06,F14,Chocolate Cake,Dessert,300
1218,2025-01-03,F07,California Roll Sushi,Japanese,700
1218,2025-01-03,F08,Miso Soup,Japanese,150
1218,2025-01-03,F09,Green Tea,Beverages,100
1218,2025-01-03,F15,Ice Cream,Dessert,250
1219,2025-04-04,F09,Green Tea,Beverages,100
1219,2025-04-04,F14,Chocolate Cake,Dessert,300
1219,2025-04-04,F02,French Fries,Fast Food,200
1219,2025-04-04,F03,Soda,Beverages,100
1220,2025-02-15,F10,Chicken Biryani,Indian,550
1220,2025-02-15,F11,Raita,Indian,100
1220,2025-02-15,F12,Naan Bread,Indian,80
1221,2025-06-06,F03,Soda,Beverages,100
1221,2025-06-06,F15,Ice Cream,Dessert,250
1222,2025-01-07,F14,Chocolate Cake,Dessert,300
1223,2025-03-02,F06,Garlic Bread,Italian,250
1223,2025-03-02,F10,Chicken Biryani,Indian,550
1223,2025-03-02,F09,Green Tea,Beverages,100
1223,2025-03-02,F04,Chicken Wings,Fast Food,500
1224,2025-02-11,F10,Chicken Biryani,Indian,550
1224,2025-02-11,F11,Raita,Indian,100
1224,2025-02-11,F12,Naan Bread,Indian,80
1225,2025-03-22,F04,Chicken Wings,Fast Food,500
1225,2025-03-22,F02,French Fries,Fast Food,200
1225,2025-03-22,F03,Soda,Beverages,100
1226,2025-04-03,F05,Margherita Pizza,Italian,900
1226,2025-04-03,F06,Garlic Bread,Italian,250
1227,2025-05-16,F08,Miso Soup,Japanese,150
1227,2025-05-16,F02,French Fries,Fast Food,200
1227,2025-05-16,F11,Raita,Indian,100
1228,2025-03-11,F07,California Roll Sushi,Japanese,700
1228,2025-03-11,F08,Miso Soup,Japanese,150
1228,2025-03-11,F09,Green Tea,Beverages,100
1228,2025-03-11,F15,Ice Cream,Dessert,250
1229,2025-02-18,F05,Margherita Pizza,Italian,900
1229,2025-02-18,F06,Garlic Bread,Italian,250
1229,2025-02-18,F15,Ice Cream,Dessert,250
1230,2025-01-22,F01,Beef Burger,Fast Food,450
1230,2025-01-22,F02,French Fries,Fast Food,200
1230,2025-01-22,F03,Soda,Beverages,100
1231,2025-02-01,F05,Margherita Pizza,Italian,900
1231,2025-02-01,F06,Garlic Bread,Italian,250
1231,2025-02-01,F03,Soda,Beverages,100
1232,2025-05-10,F05,Margherita Pizza,Italian,900
1232,2025-05-10,F06,Garlic Bread,Italian,250
1232,2025-05-10,F03,Soda,Beverages,100
1233,2025-03-17,F03,Soda,Beverages,100
1233,2025-03-17,F06,Garlic Bread,Italian,250
1233,2025-03-17,F11,Raita,Indian,100
1233,2025-03-17,F14,Chocolate Cake,Dessert,300
1234,2025-05-01,F06,Garlic Bread,Italian,250
1234,2025-05-01,F01,Beef Burger,Fast Food,450
1235,2025-06-17,F10,Chicken Biryani,Indian,550
1235,2025-06-17,F11,Raita,Indian,100
1235,2025-06-17,F12,Naan Bread,Indian,80
1236,2025-05-11,F08,Miso Soup,Japanese,150
1237,2025-06-18,F10,Chicken Biryani,Indian,550
1237,2025-06-18,F11,Raita,Indian,100
1237,2025-06-18,F12,Naan Bread,Indian,80
1238,2025-05-07,F05,Margherita Pizza,Italian,900
1238,2025-05-07,F04,Chicken Wings,Fast Food,500
1238,2025-05-07,F02,French Fries,Fast Food,200
1239,2025-01-07,F07,California Roll Sushi,Japanese,700
1239,2025-01-07,F05,Margherita Pizza,Italian,900
1239,2025-01-07,F04,Chicken Wings,Fast Food,500
1239,2025-01-07,F11,Raita,Indian,100
1240,2025-02-26,F07,California Roll Sushi,Japanese,700
1240,2025-02-26,F08,Miso Soup,Japanese,150
1240,2025-02-26,F15,Ice Cream,Dessert,250
1241,2025-05-19,F07,California Roll Sushi,Japanese,700
1241,2025-05-19,F08,Miso Soup,Japanese,150
1242,2025-03-10,F07,California Roll Sushi,Japanese,700
1242,2025-03-10,F08,Miso Soup,Japanese,150
1243,2025-01-16,F01,Beef Burger,Fast Food,450
1243,2025-01-16,F02,French Fries,Fast Food,200
1243,2025-01-16,F15,Ice Cream,Dessert,250
1244,2025-01-14,F07,California Roll Sushi,Japanese,700
1244,2025-01-14,F10,Chicken Biryani,Indian,550
1244,2025-01-14,F15,Ice Cream,Dessert,250
1245,2025-02-12,F05,Margherita Pizza,Italian,900
1245,2025-02-12,F12,Naan Bread,Indian,80
1245,2025-02-12,F03,Soda,Beverages,100
1245,2025-02-12,F06,Garlic Bread,Italian,250
1246,2025-02-04,F09,Green Tea,Beverages,100
1246,2025-02-04,F05,Margherita Pizza,Italian,900
1247,2025-05-30,F04,Chicken Wings,Fast Food,500
1248,2025-03-17,F04,Chicken Wings,Fast Food,500
1248,2025-03-17,F08,Miso Soup,Japanese,150
1248,2025-03-17,F15,Ice Cream,Dessert,250
1249,2025-05-25,F03,Soda,Beverages,100
1250,2025-03-03,F12,Naan Bread,Indian,80
1250,2025-03-03,F08,Miso Soup,Japanese,150
1250,2025-03-03,F13,Chapati,Local,50
1250,2025-03-03,F02,French Fries,Fast Food,200
1251,2025-04-16,F05,Margherita Pizza,Italian,900
1252,2025-04-19,F04,Chicken Wings,Fast Food,500
1252,2025-04-19,F02,French Fries,Fast Food,200
1253,2025-04-02,F12,Naan Bread,Indian,80
1253,2025-04-02,F15,Ice Cream,Dessert,250
1254,2025-06-06,F14,Chocolate Cake,Dessert,300
1254,2025-06-06,F11,Raita,Indian,100
1254,2025-06-06,F09,Green Tea,Beverages,100
1255,2025-03-19,F05,Margherita Pizza,Italian,900
1255,2025-03-19,F06,Garlic Bread,Italian,250
1255,2025-03-19,F15,Ice Cream,Dessert,250
1256,2025-06-29,F01,Beef Burger,Fast Food,450
1257,2025-03-20,F01,Beef Burger,Fast Food,450
1257,2025-03-20,F02,French Fries,Fast Food,200
1257,2025-03-20,F03,Soda,Beverages,100
1258,2025-05-13,F07,California Roll Sushi,Japanese,700
1259,2025-06-24,F07,California Roll Sushi,Japanese,700
1259,2025-06-24,F08,Miso Soup,Japanese,150
1260,2025-06-26,F15,Ice Cream,Dessert,250
1261,2025-02-21,F11,Raita,Indian,100
1261,2025-02-21,F12,Naan Bread,Indian,80
1261,2025-02-21,F07,California Roll Sushi,Japanese,700
1261,2025-02-21,F06,Garlic Bread,Italian,250
1262,2025-01-22,F11,Raita,Indian,100
1262,2025-01-22,F14,Chocolate Cake,Dessert,300
1263,2025-02-24,F11,Raita,Indian,100
1263,2025-02-24,F04,Chicken Wings,Fast Food,500
1264,2025-03-15,F04,Chicken Wings,Fast Food,500
1264,2025-03-15,F09,Green Tea,Beverages,100
1264,2025-03-15,F10,Chicken Biryani,Indian,550
1265,2025-04-20,F01,Beef Burger,Fast Food,450
1265,2025-04-20,F02,French Fries,Fast Food,200
1265,2025-04-20,F03,Soda,Beverages,100
1266,2025-01-15,F01,Beef Burger,Fast Food,450
1266,2025-01-15,F02,French Fries,Fast Food,200
1267,2025-02-01,F04,Chicken Wings,Fast Food,500
1267,2025-02-01,F02,French Fries,Fast Food,200
1268,2025-03-11,F10,Chicken Biryani,Indian,550
1269,2025-04-19,F10,Chicken Biryani,Indian,550
1269,2025-04-19,F11,Raita,Indian,100
1269,2025-04-19,F12,Naan Bread,Indian,80
1270,2025-04-19,F01,Beef Burger,Fast Food,450
1270,2025-04-19,F02,French Fries,Fast Food,200
1271,2025-01-29,F02,French Fries,Fast Food,200
1271,2025-01-29,F04,Chicken Wings,Fast Food,500
1272,2025-03-26,F10,Chicken Biryani,Indian,550
1272,2025-03-26,F11,Raita,Indian,100
1272,2025-03-26,F12,Naan Bread,Indian,80
1273,2025-01-13,F05,Margherita Pizza,Italian,900
1273,2025-01-13,F06,Garlic Bread,Italian,250
1274,2025-03-12,F01,Beef Burger,Fast Food,450
1274,2025-03-12,F02,French Fries,Fast Food,200
1274,2025-03-12,F03,Soda,Beverages,100
1274,2025-03-12,F05,Margherita Pizza,Italian,900
1275,2025-01-15,F01,Beef Burger,Fast Food,450
1275,2025-01-15,F02,French Fries,Fast Food,200
1276,2025-01-01,F02,French Fries,Fast Food,200
1276,2025-01-01,F11,Raita,Indian,100
1276,2025-01-01,F12,Naan Bread,Indian,80
1276,2025-01-01,F07,California Roll Sushi,Japanese,700
1277,2025-04-03,F10,Chicken Biryani,Indian,550
1277,2025-04-03,F11,Raita,Indian,100
1277,2025-04-03,F12,Naan Bread,Indian,80
1278,2025-01-10,F11,Raita,Indian,100
1278,2025-01-10,F14,Chocolate Cake,Dessert,300
1278,2025-01-10,F15,Ice Cream,Dessert,250
1278,2025-01-10,F01,Beef Burger,Fast Food,450
1279,2025-03-22,F12,Naan Bread,Indian,80
1279,2025-03-22,F03,Soda,Beverages,100
1279,2025-03-22,F04,Chicken Wings,Fast Food,500
1279,2025-03-22,F11,Raita,Indian,100
1280,2025-01-29,F06,Garlic Bread,Italian,250
1280,2025-01-29,F01,Beef Burger,Fast Food,450
1280,2025-01-29,F07,California Roll Sushi,Japanese,700
1280,2025-01-29,F12,Naan Bread,Indian,80
1281,2025-03-02,F12,Naan Bread,Indian,80
1281,2025-03-02,F09,Green Tea,Beverages,100
1281,2025-03-02,F02,French Fries,Fast Food,200
1282,2025-03-16,F01,Beef Burger,Fast Food,450
1282,2025-03-16,F02,French Fries,Fast Food,200
1283,2025-02-11,F10,Chicken Biryani,Indian,550
1283,2025-02-11,F11,Raita,Indian,100
1283,2025-02-11,F12,Naan Bread,Indian,80
1284,2025-04-20,F07,California Roll Sushi,Japanese,700
1284,2025-04-20,F08,Miso Soup,Japanese,150
1284,2025-04-20,F09,Green Tea,Beverages,100
1285,2025-03-26,F07,California Roll Sushi,Japanese,700
1285,2025-03-26,F08,Miso Soup,Japanese,150
1286,2025-01-25,F01,Beef Burger,Fast Food,450
1286,2025-01-25,F02,French Fries,Fast Food,200
1287,2025-04-05,F07,California Roll Sushi,Japanese,700
1287,2025-04-05,F08,Miso Soup,Japanese,150
1288,2025-01-30,F08,Miso Soup,Japanese,150
1288,2025-01-30,F03,Soda,Beverages,100
1288,2025-01-30,F06,Garlic Bread,Italian,250
1288,2025-01-30,F14,Chocolate Cake,Dessert,300
1289,2025-01-22,F10,Chicken Biryani,Indian,550
1289,2025-01-22,F11,Raita,Indian,100
1289,2025-01-22,F12,Naan Bread,Indian,80
1290,2025-04-27,F02,French Fries,Fast Food,200
1291,2025-04-11,F05,Margherita Pizza,Italian,900
1291,2025-04-11,F06,Garlic Bread,Italian,250
1291,2025-04-11,F02,French Fries,Fast Food,200
1291,2025-04-11,F15,Ice Cream,Dessert,250
1292,2025-03-05,F04,Chicken Wings,Fast Food,500
1292,2025-03-05,F02,French Fries,Fast Food,200
1292,2025-03-05,F08,Miso Soup,Japanese,150
1292,2025-03-05,F05,Margherita Pizza,Italian,900
1293,2025-05-12,F03,Soda,Beverages,100
1293,2025-05-12,F09,Green Tea,Beverages,100
1294,2025-02-18,F14,Chocolate Cake,Dessert,300
1295,2025-06-04,F10,Chicken Biryani,Indian,550
1295,2025-06-04,F11,Raita,Indian,100
1295,2025-06-04,F12,Naan Bread,Indian,80
1295,2025-06-04,F04,Chicken Wings,Fast Food,500
1296,2025-05-13,F14,Chocolate Cake,Dessert,300
1297,2025-06-29,F10,Chicken Biryani,Indian,550
1297,2025-06-29,F11,Raita,Indian,100
1297,2025-06-29,F12,Naan Bread,Indian,80
1298,2025-05-29,F10,Chicken Biryani,Indian,550
1298,2025-05-29,F11,Raita,Indian,100
1298,2025-05-29,F12,Naan Bread,Indian,80
1298,2025-05-29,F14,Chocolate Cake,Dessert,300
1299,2025-05-02,F05,Margherita Pizza,Italian,900
1299,2025-05-02,F06,Garlic Bread,Italian,250
1299,2025-05-02,F03,Soda,Beverages,100
1300,2025-01-02,F07,California Roll Sushi,Japanese,700
1300,2025-01-02,F08,Miso Soup,Japanese,150
1301,2025-06-15,F07,California Roll Sushi,Japanese,700
1301,2025-06-15,F08,Miso Soup,Japanese,150
1302,2025-05-20,F11,Raita,Indian,100
1302,2025-05-20,F10,Chicken Biryani,Indian,550
1302,2025-05-20,F09,Green Tea,Beverages,100
1302,2025-05-20,F02,French Fries,Fast Food,200
1303,2025-05-20,F07,California Roll Sushi,Japanese,700
1303,2025-05-20,F08,Miso Soup,Japanese,150
1304,2025-02-02,F10,Chicken Biryani,Indian,550
1304,2025-02-02,F11,Raita,Indian,100
1304,2025-02-02,F12,Naan Bread,Indian,80
1305,2025-01-03,F01,Beef Burger,Fast Food,450
1305,2025-01-03,F02,French Fries,Fast Food,200
1306,2025-03-04,F09,Green Tea,Beverages,100
1306,2025-03-04,F13,Chapati,Local,50
1306,2025-03-04,F14,Chocolate Cake,Dessert,300
1306,2025-03-04,F04,Chicken Wings,Fast Food,500
1306,2025-03-04,F15,Ice Cream,Dessert,250
1307,2025-05-10,F04,Chicken Wings,Fast Food,500
1307,2025-05-10,F02,French Fries,Fast Food,200
1307,2025-05-10,F03,Soda,Beverages,100
1308,2025-06-21,F04,Chicken Wings,Fast Food,500
1308,2025-06-21,F02,French Fries,Fast Food,200
1309,2025-04-06,F02,French Fries,Fast Food,200
1310,2025-01-29,F07,California Roll Sushi,Japanese,700
1310,2025-01-29,F08,Miso Soup,Japanese,150
1311,2025-04-21,F10,Chicken Biryani,Indian,550
1311,2025-04-21,F11,Raita,Indian,100
1311,2025-04-21,F12,Naan Bread,Indian,80
1312,2025-05-20,F05,Margherita Pizza,Italian,900
1313,2025-05-27,F10,Chicken Biryani,Indian,550
1313,2025-05-27,F15,Ice Cream,Dessert,250
1314,2025-04-19,F15,Ice Cream,Dessert,250
1315,2025-01-25,F05,Margherita Pizza,Italian,900
1315,2025-01-25,F06,Garlic Bread,Italian,250
1316,2025-02-27,F08,Miso Soup,Japanese,150
1316,2025-02-27,F01,Beef Burger,Fast Food,450
1316,2025-02-27,F13,Chapati,Local,50
1317,2025-02-12,F07,California Roll Sushi,Japanese,700
1317,2025-02-12,F08,Miso Soup,Japanese,150
1318,2025-05-03,F10,Chicken Biryani,Indian,550
1318,2025-05-03,F11,Raita,Indian,100
1318,2025-05-03,F12,Naan Bread,Indian,80
1319,2025-06-03,F06,Garlic Bread,Italian,250
1319,2025-06-03,F07,California Roll Sushi,Japanese,700
1319,2025-06-03,F14,Chocolate Cake,Dessert,300
1320,2025-03-06,F01,Beef Burger,Fast Food,450
1320,2025-03-06,F02,French Fries,Fast Food,200
1321,2025-01-13,F15,Ice Cream,Dessert,250
1322,2025-04-29,F05,Margherita Pizza,Italian,900
1322,2025-04-29,F06,Garlic Bread,Italian,250
1323,2025-04-02,F02,French Fries,Fast Food,200
1323,2025-04-02,F11,Raita,Indian,100
1323,2025-04-02,F10,Chicken Biryani,Indian,550
1324,2025-05-13,F01,Beef Burger,Fast Food,450
1324,2025-05-13,F02,French Fries,Fast Food,200
1325,2025-02-14,F05,Margherita Pizza,Italian,900
1326,2025-05-27,F13,Chapati,Local,50
1326,2025-05-27,F11,Raita,Indian,100
1326,2025-05-27,F06,Garlic Bread,Italian,250
1326,2025-05-27,F05,Margherita Pizza,Italian,900
1327,2025-02-04,F01,Beef Burger,Fast Food,450
1327,2025-02-04,F02,French Fries,Fast Food,200
1327,2025-02-04,F03,Soda,Beverages,100
1328,2025-06-11,F07,California Roll Sushi,Japanese,700
1328,2025-06-11,F08,Miso Soup,Japanese,150
1329,2025-04-23,F07,California Roll Sushi,Japanese,700
1329,2025-04-23,F08,Miso Soup,Japanese,150
1330,2025-05-25,F07,California Roll Sushi,Japanese,700
1330,2025-05-25,F08,Miso Soup,Japanese,150
1330,2025-05-25,F14,Chocolate Cake,Dessert,300
1331,2025-04-26,F14,Chocolate Cake,Dessert,300
1332,2025-05-03,F10,Chicken Biryani,Indian,550
1332,2025-05-03,F11,Raita,Indian,100
1332,2025-05-03,F12,Naan Bread,Indian,80
1333,2025-01-06,F15,Ice Cream,Dessert,250
1334,2025-04-13,F07,California Roll Sushi,Japanese,700
1334,2025-04-13,F08,Miso Soup,Japanese,150
1335,2025-02-04,F07,California Roll Sushi,Japanese,700
1336,2025-04-13,F10,Chicken Biryani,Indian,550
1336,2025-04-13,F11,Raita,Indian,100
1336,2025-04-13,F12,Naan Bread,Indian,80
1337,2025-05-18,F01,Beef Burger,Fast Food,450
1337,2025-05-18,F02,French Fries,Fast Food,200
1337,2025-05-18,F03,Soda,Beverages,100
1338,2025-02-11,F05,Margherita Pizza,Italian,900
1338,2025-02-11,F06,Garlic Bread,Italian,250
1338,2025-02-11,F03,Soda,Beverages,100
1339,2025-03-25,F05,Margherita Pizza,Italian,900
1339,2025-03-25,F06,Garlic Bread,Italian,250
1340,2025-03-13,F05,Margherita Pizza,Italian,900
1340,2025-03-13,F08,Miso Soup,Japanese,150
1340,2025-03-13,F10,Chicken Biryani,Indian,550
1340,2025-03-13,F14,Chocolate Cake,Dessert,300
1341,2025-05-09,F09,Green Tea,Beverages,100
1341,2025-05-09,F15,Ice Cream,Dessert,250
1341,2025-05-09,F06,Garlic Bread,Italian,250
1341,2025-05-09,F08,Miso Soup,Japanese,150
1342,2025-05-31,F02,French Fries,Fast Food,200
1343,2025-06-04,F05,Margherita Pizza,Italian,900
1343,2025-06-04,F06,Garlic Bread,Italian,250
1344,2025-06-21,F14,Chocolate Cake,Dessert,300
1344,2025-06-21,F06,Garlic Bread,Italian,250
1344,2025-06-21,F01,Beef Burger,Fast Food,450
1345,2025-02-26,F04,Chicken Wings,Fast Food,500
1346,2025-04-20,F13,Chapati,Local,50
1346,2025-04-20,F11,Raita,Indian,100
1347,2025-06-27,F15,Ice Cream,Dessert,250
1347,2025-06-27,F02,French Fries,Fast Food,200
1347,2025-06-27,F01,Beef Burger,Fast Food,450
1347,2025-06-27,F08,Miso Soup,Japanese,150
1348,2025-05-16,F11,Raita,Indian,100
1348,2025-05-16,F13,Chapati,Local,50
1349,2025-02-11,F07,California Roll Sushi,Japanese,700
1349,2025-02-11,F08,Miso Soup,Japanese,150
1349,2025-02-11,F09,Green Tea,Beverages,100
1350,2025-01-16,F07,California Roll Sushi,Japanese,700
1350,2025-01-16,F08,Miso Soup,Japanese,150
1350,2025-01-16,F09,Green Tea,Beverages,100
1351,2025-06-18,F10,Chicken Biryani,Indian,550
1351,2025-06-18,F11,Raita,Indian,100
1351,2025-06-18,F12,Naan Bread,Indian,80
1352,2025-06-14,F07,California Roll Sushi,Japanese,700
1352,2025-06-14,F08,Miso Soup,Japanese,150
1352,2025-06-14,F09,Green Tea,Beverages,100
1353,2025-04-07,F10,Chicken Biryani,Indian,550
1353,2025-04-07,F11,Raita,Indian,100
1353,2025-04-07,F12,Naan Bread,Indian,80
1354,2025-03-27,F06,Garlic Bread,Italian,250
1355,2025-03-05,F10,Chicken Biryani,Indian,550
1355,2025-03-05,F11,Raita,Indian,100
1355,2025-03-05,F12,Naan Bread,Indian,80
1356,2025-05-12,F14,Chocolate Cake,Dessert,300
1356,2025-05-12,F05,Margherita Pizza,Italian,900
1357,2025-05-22,F04,Chicken Wings,Fast Food,500
1357,2025-05-22,F07,California Roll Sushi,Japanese,700
1357,2025-05-22,F14,Chocolate Cake,Dessert,300
1358,2025-04-03,F01,Beef Burger,Fast Food,450
1358,2025-04-03,F02,French Fries,Fast Food,200
1359,2025-04-30,F05,Margherita Pizza,Italian,900
1359,2025-04-30,F06,Garlic Bread,Italian,250
1360,2025-03-08,F07,California Roll Sushi,Japanese,700
1360,2025-03-08,F08,Miso Soup,Japanese,150
1360,2025-03-08,F09,Green Tea,Beverages,100
1361,2025-05-12,F11,Raita,Indian,100
1361,2025-05-12,F01,Beef Burger,Fast Food,450
1361,2025-05-12,F04,Chicken Wings,Fast Food,500
1362,2025-04-27,F15,Ice Cream,Dessert,250
1363,2025-06-26,F05,Margherita Pizza,Italian,900
1363,2025-06-26,F06,Garlic Bread,Italian,250
1363,2025-06-26,F09,Green Tea,Beverages,100
1364,2025-06-15,F08,Miso Soup,Japanese,150
1364,2025-06-15,F15,Ice Cream,Dessert,250
1365,2025-02-23,F07,California Roll Sushi,Japanese,700
1365,2025-02-23,F08,Miso Soup,Japanese,150
1365,2025-02-23,F09,Green Tea,Beverages,100
1366,2025-02-04,F05,Margherita Pizza,Italian,900
1366,2025-02-04,F06,Garlic Bread,Italian,250
1367,2025-03-25,F07,California Roll Sushi,Japanese,700
1367,2025-03-25,F08,Miso Soup,Japanese,150
1367,2025-03-25,F09,Green Tea,Beverages,100
1367,2025-03-25,F13,Chapati,Local,50
1368,2025-04-01,F04,Chicken Wings,Fast Food,500
1368,2025-04-01,F02,French Fries,Fast Food,200
1369,2025-03-14,F01,Beef Burger,Fast Food,450
1369,2025-03-14,F02,French Fries,Fast Food,200
1369,2025-03-14,F03,Soda,Beverages,100
1369,2025-03-14,F14,Chocolate Cake,Dessert,300
1370,2025-04-25,F07,California Roll Sushi,Japanese,700
1370,2025-04-25,F08,Miso Soup,Japanese,150
1370,2025-04-25,F14,Chocolate Cake,Dessert,300
1371,2025-04-26,F12,Naan Bread,Indian,80
1371,2025-04-26,F09,Green Tea,Beverages,100
1372,2025-03-09,F04,Chicken Wings,Fast Food,500
1372,2025-03-09,F02,French Fries,Fast Food,200
1372,2025-03-09,F07,California Roll Sushi,Japanese,700
1372,2025-03-09,F06,Garlic Bread,Italian,250
1372,2025-03-09,F15,Ice Cream,Dessert,250
1373,2025-01-12,F15,Ice Cream,Dessert,250
1374,2025-02-25,F07,California Roll Sushi,Japanese,700
1375,2025-05-10,F03,Soda,Beverages,100
1376,2025-02-01,F07,California Roll Sushi,Japanese,700
1376,2025-02-01,F08,Miso Soup,Japanese,150
1376,2025-02-01,F14,Chocolate Cake,Dessert,300
1377,2025-03-13,F07,California Roll Sushi,Japanese,700
1377,2025-03-13,F15,Ice Cream,Dessert,250
1378,2025-01-27,F10,Chicken Biryani,Indian,550
1378,2025-01-27,F12,Naan Bread,Indian,80
1378,2025-01-27,F04,Chicken Wings,Fast Food,500
1379,2025-04-19,F13,Chapati,Local,50
1379,2025-04-19,F12,Naan Bread,Indian,80
1380,2025-01-02,F09,Green Tea,Beverages,100
1380,2025-01-02,F02,French Fries,Fast Food,200
1380,2025-01-02,F12,Naan Bread,Indian,80
1381,2025-03-22,F03,Soda,Beverages,100
1381,2025-03-22,F04,Chicken Wings,Fast Food,500
1381,2025-03-22,F11,Raita,Indian,100
1382,2025-02-05,F05,Margherita Pizza,Italian,900
1382,2025-02-05,F10,Chicken Biryani,Indian,550
1383,2025-05-03,F05,Margherita Pizza,Italian,900
1383,2025-05-03,F06,Garlic Bread,Italian,250
1383,2025-05-03,F03,Soda,Beverages,100
1384,2025-03-10,F07,California Roll Sushi,Japanese,700
1385,2025-01-04,F05,Margherita Pizza,Italian,900
1385,2025-01-04,F06,Garlic Bread,Italian,250
1385,2025-01-04,F03,Soda,Beverages,100
1386,2025-05-28,F10,Chicken Biryani,Indian,550
1386,2025-05-28,F11,Raita,Indian,100
1386,2025-05-28,F12,Naan Bread,Indian,80
1386,2025-05-28,F15,Ice Cream,Dessert,250
1387,2025-06-12,F05,Margherita Pizza,Italian,900
1387,2025-06-12,F12,Naan Bread,Indian,80
1387,2025-06-12,F02,French Fries,Fast Food,200
1388,2025-06-12,F02,French Fries,Fast Food,200
1388,2025-06-12,F06,Garlic Bread,Italian,250
1389,2025-01-06,F01,Beef Burger,Fast Food,450
1389,2025-01-06,F02,French Fries,Fast Food,200
1390,2025-04-14,F04,Chicken Wings,Fast Food,500
1390,2025-04-14,F02,French Fries,Fast Food,200
1390,2025-04-14,F14,Chocolate Cake,Dessert,300
1391,2025-05-01,F14,Chocolate Cake,Dessert,300
1391,2025-05-01,F04,Chicken Wings,Fast Food,500
1391,2025-05-01,F07,California Roll Sushi,Japanese,700
1391,2025-05-01,F01,Beef Burger,Fast Food,450
1391,2025-05-01,F15,Ice Cream,Dessert,250
1392,2025-01-18,F11,Raita,Indian,100
1392,2025-01-18,F06,Garlic Bread,Italian,250
1392,2025-01-18,F08,Miso Soup,Japanese,150
1392,2025-01-18,F03,Soda,Beverages,100
1393,2025-03-03,F01,Beef Burger,Fast Food,450
1393,2025-03-03,F02,French Fries,Fast Food,200
1393,2025-03-03,F03,Soda,Beverages,100
1393,2025-03-03,F14,Chocolate Cake,Dessert,300
1394,2025-01-19,F14,Chocolate Cake,Dessert,300
1394,2025-01-19,F08,Miso Soup,Japanese,150
1394,2025-01-19,F05,Margherita Pizza,Italian,900
1394,2025-01-19,F03,Soda,Beverages,100
1394,2025-01-19,F15,Ice Cream,Dessert,250
1395,2025-04-10,F04,Chicken Wings,Fast Food,500
1395,2025-04-10,F02,French Fries,Fast Food,200
1395,2025-04-10,F09,Green Tea,Beverages,100
1396,2025-03-23,F09,Green Tea,Beverages,100
1397,2025-04-05,F01,Beef Burger,Fast Food,450
1397,2025-04-05,F02,French Fries,Fast Food,200
1397,2025-04-05,F03,Soda,Beverages,100
1398,2025-01-27,F08,Miso Soup,Japanese,150
1399,2025-02-07,F01,Beef Burger,Fast Food,450
1399,2025-02-07,F05,Margherita Pizza,Italian,900
1399,2025-02-07,F12,Naan Bread,Indian,80
1400,2025-06-08,F01,Beef Burger,Fast Food,450
1400,2025-06-08,F02,French Fries,Fast Food,200
1400,2025-06-08,F07,California Roll Sushi,Japanese,700
1401,2025-04-30,F07,California Roll Sushi,Japanese,700
1401,2025-04-30,F08,Miso Soup,Japanese,150
1402,2025-04-14,F09,Green Tea,Beverages,100
1403,2025-01-26,F04,Chicken Wings,Fast Food,500
1403,2025-01-26,F02,French Fries,Fast Food,200
1403,2025-01-26,F03,Soda,Beverages,100
1404,2025-02-06,F10,Chicken Biryani,Indian,550
1404,2025-02-06,F11,Raita,Indian,100
1404,2025-02-06,F12,Naan Bread,Indian,80
1405,2025-05-15,F10,Chicken Biryani,Indian,550
1405,2025-05-15,F11,Raita,Indian,100
1405,2025-05-15,F12,Naan Bread,Indian,80
1406,2025-05-11,F05,Margherita Pizza,Italian,900
1406,2025-05-11,F06,Garlic Bread,Italian,250
1407,2025-04-28,F12,Naan Bread,Indian,80
1407,2025-04-28,F15,Ice Cream,Dessert,250
1408,2025-03-16,F05,Margherita Pizza,Italian,900
1408,2025-03-16,F06,Garlic Bread,Italian,250
1409,2025-01-26,F07,California Roll Sushi,Japanese,700
1409,2025-01-26,F08,Miso Soup,Japanese,150
1409,2025-01-26,F09,Green Tea,Beverages,100
1410,2025-01-03,F04,Chicken Wings,Fast Food,500
1410,2025-01-03,F02,French Fries,Fast Food,200
1410,2025-01-03,F03,Soda,Beverages,100
1410,2025-01-03,F15,Ice Cream,Dessert,250
1411,2025-05-13,F07,California Roll Sushi,Japanese,700
1411,2025-05-13,F02,French Fries,Fast Food,200
1411,2025-05-13,F08,Miso Soup,Japanese,150
1412,2025-03-02,F09,Green Tea,Beverages,100
1412,2025-03-02,F03,Soda,Beverages,100
1412,2025-03-02,F10,Chicken Biryani,Indian,550
1412,2025-03-02,F04,Chicken Wings,Fast Food,500
1413,2025-02-09,F07,California Roll Sushi,Japanese,700
1413,2025-02-09,F08,Miso Soup,Japanese,150
1414,2025-04-19,F04,Chicken Wings,Fast Food,500
1415,2025-01-31,F07,California Roll Sushi,Japanese,700
1415,2025-01-31,F15,Ice Cream,Dessert,250
1416,2025-05-18,F05,Margherita Pizza,Italian,900
1416,2025-05-18,F10,Chicken Biryani,Indian,550
1416,2025-05-18,F01,Beef Burger,Fast Food,450
1417,2025-05-04,F04,Chicken Wings,Fast Food,500
1417,2025-05-04,F02,French Fries,Fast Food,200
1417,2025-05-04,F14,Chocolate Cake,Dessert,300
1418,2025-02-18,F04,Chicken Wings,Fast Food,500
1418,2025-02-18,F02,French Fries,Fast Food,200
1418,2025-02-18,F13,Chapati,Local,50
1419,2025-06-05,F03,Soda,Beverages,100
1420,2025-01-15,F02,French Fries,Fast Food,200
1420,2025-01-15,F04,Chicken Wings,Fast Food,500
1421,2025-06-23,F01,Beef Burger,Fast Food,450
1421,2025-06-23,F02,French Fries,Fast Food,200
1422,2025-02-09,F07,California Roll Sushi,Japanese,700
1422,2025-02-09,F08,Miso Soup,Japanese,150
1423,2025-01-17,F10,Chicken Biryani,Indian,550
1423,2025-01-17,F07,California Roll Sushi,Japanese,700
1424,2025-01-27,F05,Margherita Pizza,Italian,900
1424,2025-01-27,F06,Garlic Bread,Italian,250
1425,2025-03-16,F04,Chicken Wings,Fast Food,500
1425,2025-03-16,F02,French Fries,Fast Food,200
1425,2025-03-16,F03,Soda,Beverages,100
1426,2025-05-21,F13,Chapati,Local,50
1426,2025-05-21,F03,Soda,Beverages,100
1427,2025-06-19,F14,Chocolate Cake,Dessert,300
1427,2025-06-19,F05,Margherita Pizza,Italian,900
1428,2025-02-14,F10,Chicken Biryani,Indian,550
1429,2025-05-26,F11,Raita,Indian,100
1430,2025-05-04,F05,Margherita Pizza,Italian,900
1430,2025-05-04,F06,Garlic Bread,Italian,250
1430,2025-05-04,F03,Soda,Beverages,100
1431,2025-03-03,F04,Chicken Wings,Fast Food,500
1431,2025-03-03,F02,French Fries,Fast Food,200
1431,2025-03-03,F15,Ice Cream,Dessert,250
1432,2025-06-17,F10,Chicken Biryani,Indian,550
1432,2025-06-17,F11,Raita,Indian,100
1432,2025-06-17,F12,Naan Bread,Indian,80
1432,2025-06-17,F14,Chocolate Cake,Dessert,300
1433,2025-02-17,F04,Chicken Wings,Fast Food,500
1433,2025-02-17,F02,French Fries,Fast Food,200
1434,2025-01-19,F07,California Roll Sushi,Japanese,700
1434,2025-01-19,F08,Miso Soup,Japanese,150
1434,2025-01-19,F09,Green Tea,Beverages,100
1434,2025-01-19,F14,Chocolate Cake,Dessert,300
1435,2025-02-01,F15,Ice Cream,Dessert,250
1436,2025-03-01,F05,Margherita Pizza,Italian,900
1436,2025-03-01,F06,Garlic Bread,Italian,250
1437,2025-04-18,F10,Chicken Biryani,Indian,550
1437,2025-04-18,F11,Raita,Indian,100
1437,2025-04-18,F12,Naan Bread,Indian,80
1437,2025-04-18,F14,Chocolate Cake,Dessert,300
1438,2025-06-17,F04,Chicken Wings,Fast Food,500
1438,2025-06-17,F02,French Fries,Fast Food,200
1438,2025-06-17,F15,Ice Cream,Dessert,250
1439,2025-03-13,F04,Chicken Wings,Fast Food,500
1439,2025-03-13,F02,French Fries,Fast Food,200
1439,2025-03-13,F03,Soda,Beverages,100
1440,2025-05-31,F07,California Roll Sushi,Japanese,700
1440,2025-05-31,F08,Miso Soup,Japanese,150
1441,2025-01-29,F04,Chicken Wings,Fast Food,500
1441,2025-01-29,F02,French Fries,Fast Food,200
1441,2025-01-29,F03,Soda,Beverages,100
1441,2025-01-29,F15,Ice Cream,Dessert,250
1442,2025-02-08,F05,Margherita Pizza,Italian,900
1442,2025-02-08,F06,Garlic Bread,Italian,250
1443,2025-06-29,F04,Chicken Wings,Fast Food,500
1443,2025-06-29,F02,French Fries,Fast Food,200
1443,2025-06-29,F03,Soda,Beverages,100
1443,2025-06-29,F14,Chocolate Cake,Dessert,300
1444,2025-05-31,F07,California Roll Sushi,Japanese,700
1444,2025-05-31,F08,Miso Soup,Japanese,150
1445,2025-04-22,F06,Garlic Bread,Italian,250
1446,2025-04-24,F01,Beef Burger,Fast Food,450
1446,2025-04-24,F02,French Fries,Fast Food,200
1446,2025-04-24,F03,Soda,Beverages,100
1447,2025-02-15,F01,Beef Burger,Fast Food,450
1447,2025-02-15,F02,French Fries,Fast Food,200
1447,2025-02-15,F03,Soda,Beverages,100
1447,2025-02-15,F11,Raita,Indian,100
1447,2025-02-15,F15,Ice Cream,Dessert,250
1448,2025-06-27,F10,Chicken Biryani,Indian,550
1448,2025-06-27,F11,Raita,Indian,100
1448,2025-06-27,F12,Naan Bread,Indian,80
1449,2025-04-24,F15,Ice Cream,Dessert,250
1449,2025-04-24,F08,Miso Soup,Japanese,150
1449,2025-04-24,F03,Soda,Beverages,100
1449,2025-04-24,F06,Garlic Bread,Italian,250
1450,2025-04-19,F10,Chicken Biryani,Indian,550
1450,2025-04-19,F11,Raita,Indian,100
1450,2025-04-19,F12,Naan Bread,Indian,80
1451,2025-02-04,F11,Raita,Indian,100
1451,2025-02-04,F09,Green Tea,Beverages,100
1451,2025-02-04,F15,Ice Cream,Dessert,250
1452,2025-05-06,F10,Chicken Biryani,Indian,550
1452,2025-05-06,F11,Raita,Indian,100
1452,2025-05-06,F12,Naan Bread,Indian,80
1453,2025-02-10,F09,Green Tea,Beverages,100
1453,2025-02-10,F02,French Fries,Fast Food,200
1454,2025-04-18,F01,Beef Burger,Fast Food,450
1454,2025-04-18,F02,French Fries,Fast Food,200
1454,2025-04-18,F03,Soda,Beverages,100
1455,2025-06-22,F01,Beef Burger,Fast Food,450
1455,2025-06-22,F02,French Fries,Fast Food,200
1456,2025-05-04,F05,Margherita Pizza,Italian,900
1456,2025-05-04,F06,Garlic Bread,Italian,250
1457,2025-03-06,F04,Chicken Wings,Fast Food,500
1457,2025-03-06,F02,French Fries,Fast Food,200
1458,2025-06-20,F14,Chocolate Cake,Dessert,300
1458,2025-06-20,F05,Margherita Pizza,Italian,900
1458,2025-06-20,F11,Raita,Indian,100
1459,2025-03-02,F05,Margherita Pizza,Italian,900
1459,2025-03-02,F06,Garlic Bread,Italian,250
1459,2025-03-02,F03,Soda,Beverages,100
1459,2025-03-02,F15,Ice Cream,Dessert,250
1460,2025-05-12,F04,Chicken Wings,Fast Food,500
1460,2025-05-12,F02,French Fries,Fast Food,200
1460,2025-05-12,F14,Chocolate Cake,Dessert,300
1461,2025-01-21,F15,Ice Cream,Dessert,250
1462,2025-06-24,F02,French Fries,Fast Food,200
1462,2025-06-24,F09,Green Tea,Beverages,100
1463,2025-03-10,F08,Miso Soup,Japanese,150
1463,2025-03-10,F04,Chicken Wings,Fast Food,500
1464,2025-06-10,F07,California Roll Sushi,Japanese,700
1464,2025-06-10,F08,Miso Soup,Japanese,150
1464,2025-06-10,F09,Green Tea,Beverages,100
1465,2025-06-09,F14,Chocolate Cake,Dessert,300
1466,2025-01-23,F04,Chicken Wings,Fast Food,500
1466,2025-01-23,F02,French Fries,Fast Food,200
1466,2025-01-23,F15,Ice Cream,Dessert,250
1467,2025-04-13,F10,Chicken Biryani,Indian,550
1467,2025-04-13,F11,Raita,Indian,100
1467,2025-04-13,F12,Naan Bread,Indian,80
1468,2025-04-19,F04,Chicken Wings,Fast Food,500
1468,2025-04-19,F02,French Fries,Fast Food,200
1469,2025-01-28,F05,Margherita Pizza,Italian,900
1469,2025-01-28,F06,Garlic Bread,Italian,250
1470,2025-04-05,F05,Margherita Pizza,Italian,900
1471,2025-03-29,F01,Beef Burger,Fast Food,450
1471,2025-03-29,F02,French Fries,Fast Food,200
1471,2025-03-29,F03,Soda,Beverages,100
1472,2025-06-17,F05,Margherita Pizza,Italian,900
1472,2025-06-17,F06,Garlic Bread,Italian,250
1473,2025-06-21,F11,Raita,Indian,100
1473,2025-06-21,F08,Miso Soup,Japanese,150
1474,2025-02-25,F03,Soda,Beverages,100
1475,2025-03-18,F10,Chicken Biryani,Indian,550
1476,2025-01-31,F04,Chicken Wings,Fast Food,500
1476,2025-01-31,F02,French Fries,Fast Food,200
1476,2025-01-31,F07,California Roll Sushi,Japanese,700
1477,2025-06-27,F12,Naan Bread,Indian,80
1477,2025-06-27,F15,Ice Cream,Dessert,250
1477,2025-06-27,F07,California Roll Sushi,Japanese,700
1478,2025-02-17,F06,Garlic Bread,Italian,250
1478,2025-02-17,F11,Raita,Indian,100
1478,2025-02-17,F14,Chocolate Cake,Dessert,300
1478,2025-02-17,F07,California Roll Sushi,Japanese,700
1479,2025-01-30,F10,Chicken Biryani,Indian,550
1479,2025-01-30,F11,Raita,Indian,100
1479,2025-01-30,F12,Naan Bread,Indian,80
1480,2025-04-06,F10,Chicken Biryani,Indian,550
1480,2025-04-06,F11,Raita,Indian,100
1480,2025-04-06,F12,Naan Bread,Indian,80
1481,2025-02-06,F07,California Roll Sushi,Japanese,700
1481,2025-02-06,F08,Miso Soup,Japanese,150
1481,2025-02-06,F10,Chicken Biryani,Indian,550
1482,2025-05-17,F10,Chicken Biryani,Indian,550
1482,2025-05-17,F11,Raita,Indian,100
1482,2025-05-17,F12,Naan Bread,Indian,80
1482,2025-05-17,F14,Chocolate Cake,Dessert,300
1483,2025-03-18,F12,Naan Bread,Indian,80
1483,2025-03-18,F04,Chicken Wings,Fast Food,500
1483,2025-03-18,F02,French Fries,Fast Food,200
1483,2025-03-18,F07,California Roll Sushi,Japanese,700
1484,2025-01-12,F09,Green Tea,Beverages,100
1484,2025-01-12,F13,Chapati,Local,50
1484,2025-01-12,F14,Chocolate Cake,Dessert,300
1485,2025-04-30,F04,Chicken Wings,Fast Food,500
1486,2025-06-04,F13,Chapati,Local,50
1487,2025-01-11,F13,Chapati,Local,50
1487,2025-01-11,F15,Ice Cream,Dessert,250
1487,2025-01-11,F05,Margherita Pizza,Italian,900
1487,2025-01-11,F11,Raita,Indian,100
1488,2025-01-22,F14,Chocolate Cake,Dessert,300
1488,2025-01-22,F06,Garlic Bread,Italian,250
1488,2025-01-22,F05,Margherita Pizza,Italian,900
1488,2025-01-22,F04,Chicken Wings,Fast Food,500
1488,2025-01-22,F15,Ice Cream,Dessert,250
1489,2025-06-21,F07,California Roll Sushi,Japanese,700
1489,2025-06-21,F08,Miso Soup,Japanese,150
1489,2025-06-21,F01,Beef Burger,Fast Food,450
1490,2025-04-07,F10,Chicken Biryani,Indian,550
1490,2025-04-07,F11,Raita,Indian,100
1490,2025-04-07,F12,Naan Bread,Indian,80
1490,2025-04-07,F15,Ice Cream,Dessert,250
1491,2025-04-21,F03,Soda,Beverages,100
1491,2025-04-21,F08,Miso Soup,Japanese,150
1491,2025-04-21,F05,Margherita Pizza,Italian,900
1491,2025-04-21,F13,Chapati,Local,50
1492,2025-05-08,F09,Green Tea,Beverages,100
1492,2025-05-08,F14,Chocolate Cake,Dessert,300
1493,2025-02-11,F05,Margherita Pizza,Italian,900
1493,2025-02-11,F06,Garlic Bread,Italian,250
1493,2025-02-11,F03,Soda,Beverages,100
1494,2025-04-08,F05,Margherita Pizza,Italian,900
1494,2025-04-08,F06,Garlic Bread,Italian,250
1495,2025-03-25,F04,Chicken Wings,Fast Food,500
1495,2025-03-25,F02,French Fries,Fast Food,200
1495,2025-03-25,F03,Soda,Beverages,100
1496,2025-05-11,F08,Miso Soup,Japanese,150
1496,2025-05-11,F15,Ice Cream,Dessert,250
1496,2025-05-11,F06,Garlic Bread,Italian,250
1497,2025-03-16,F05,Margherita Pizza,Italian,900
1497,2025-03-16,F06,Garlic Bread,Italian,250
1497,2025-03-16,F14,Chocolate Cake,Dessert,300
1498,2025-02-14,F05,Margherita Pizza,Italian,900
1498,2025-02-14,F06,Garlic Bread,Italian,250
1498,2025-02-14,F03,Soda,Beverages,100
1499,2025-01-14,F10,Chicken Biryani,Indian,550
1499,2025-01-14,F14,Chocolate Cake,Dessert,300
1500,2025-03-04,F10,Chicken Biryani,Indian,550
1500,2025-03-04,F11,Raita,Indian,100
1500,2025-03-04,F12,Naan Bread,Indian,80
1501,2025-01-28,F10,Chicken Biryani,Indian,550
1501,2025-01-28,F11,Raita,Indian,100
1501,2025-01-28,F12,Naan Bread,Indian,80
1502,2025-03-24,F11,Raita,Indian,100
1502,2025-03-24,F06,Garlic Bread,Italian,250
1502,2025-03-24,F08,Miso Soup,Japanese,150
1502,2025-03-24,F12,Naan Bread,Indian,80
1503,2025-06-15,F14,Chocolate Cake,Dessert,300
1503,2025-06-15,F13,Chapati,Local,50
1503,2025-06-15,F11,Raita,Indian,100
1504,2025-01-02,F10,Chicken Biryani,Indian,550
1504,2025-01-02,F11,Raita,Indian,100
1504,2025-01-02,F12,Naan Bread,Indian,80
1504,2025-01-02,F06,Garlic Bread,Italian,250
1505,2025-06-23,F10,Chicken Biryani,Indian,550
1505,2025-06-23,F11,Raita,Indian,100
1505,2025-06-23,F12,Naan Bread,Indian,80
1506,2025-02-13,F09,Green Tea,Beverages,100
1507,2025-06-07,F02,French Fries,Fast Food,200
1508,2025-04-28,F05,Margherita Pizza,Italian,900
1508,2025-04-28,F06,Garlic Bread,Italian,250
1508,2025-04-28,F03,Soda,Beverages,100
1509,2025-03-29,F09,Green Tea,Beverages,100
1510,2025-02-04,F04,Chicken Wings,Fast Food,500
1510,2025-02-04,F02,French Fries,Fast Food,200
1511,2025-06-09,F05,Margherita Pizza,Italian,900
1511,2025-06-09,F06,Garlic Bread,Italian,250
1511,2025-06-09,F14,Chocolate Cake,Dessert,300
1512,2025-02-13,F02,French Fries,Fast Food,200
1512,2025-02-13,F11,Raita,Indian,100
1513,2025-06-04,F15,Ice Cream,Dessert,250
1513,2025-06-04,F06,Garlic Bread,Italian,250
1514,2025-05-31,F05,Margherita Pizza,Italian,900
1514,2025-05-31,F06,Garlic Bread,Italian,250
1514,2025-05-31,F13,Chapati,Local,50
1515,2025-03-17,F01,Beef Burger,Fast Food,450
1515,2025-03-17,F02,French Fries,Fast Food,200
1515,2025-03-17,F03,Soda,Beverages,100
1516,2025-05-10,F10,Chicken Biryani,Indian,550
1516,2025-05-10,F11,Raita,Indian,100
1516,2025-05-10,F12,Naan Bread,Indian,80
1517,2025-01-22,F10,Chicken Biryani,Indian,550
1517,2025-01-22,F11,Raita,Indian,100
1517,2025-01-22,F12,Naan Bread,Indian,80
1518,2025-05-23,F04,Chicken Wings,Fast Food,500
1519,2025-04-02,F05,Margherita Pizza,Italian,900
1519,2025-04-02,F11,Raita,Indian,100
1519,2025-04-02,F03,Soda,Beverages,100
1519,2025-04-02,F12,Naan Bread,Indian,80
1520,2025-02-13,F05,Margherita Pizza,Italian,900
1520,2025-02-13,F06,Garlic Bread,Italian,250
1520,2025-02-13,F03,Soda,Beverages,100
1521,2025-01-30,F10,Chicken Biryani,Indian,550
1522,2025-05-10,F13,Chapati,Local,50
1522,2025-05-10,F07,California Roll Sushi,Japanese,700
1522,2025-05-10,F01,Beef Burger,Fast Food,450
1522,2025-05-10,F10,Chicken Biryani,Indian,550
1522,2025-05-10,F14,Chocolate Cake,Dessert,300
1523,2025-04-07,F07,California Roll Sushi,Japanese,700
1523,2025-04-07,F14,Chocolate Cake,Dessert,300
1524,2025-02-03,F01,Beef Burger,Fast Food,450
1524,2025-02-03,F02,French Fries,Fast Food,200
1524,2025-02-03,F03,Soda,Beverages,100
1525,2025-06-11,F04,Chicken Wings,Fast Food,500
1525,2025-06-11,F02,French Fries,Fast Food,200
1526,2025-01-14,F01,Beef Burger,Fast Food,450
1526,2025-01-14,F02,French Fries,Fast Food,200
1526,2025-01-14,F03,Soda,Beverages,100
1527,2025-03-02,F05,Margherita Pizza,Italian,900
1527,2025-03-02,F06,Garlic Bread,Italian,250
1527,2025-03-02,F03,Soda,Beverages,100
1528,2025-02-28,F02,French Fries,Fast Food,200
1528,2025-02-28,F03,Soda,Beverages,100
1528,2025-02-28,F15,Ice Cream,Dessert,250
1528,2025-02-28,F13,Chapati,Local,50
1529,2025-03-31,F10,Chicken Biryani,Indian,550
1529,2025-03-31,F11,Raita,Indian,100
1529,2025-03-31,F12,Naan Bread,Indian,80
1530,2025-01-12,F07,California Roll Sushi,Japanese,700
1530,2025-01-12,F08,Miso Soup,Japanese,150
1531,2025-01-17,F10,Chicken Biryani,Indian,550
1531,2025-01-17,F08,Miso Soup,Japanese,150
1531,2025-01-17,F14,Chocolate Cake,Dessert,300
1532,2025-03-07,F04,Chicken Wings,Fast Food,500
1532,2025-03-07,F02,French Fries,Fast Food,200
1533,2025-04-28,F14,Chocolate Cake,Dessert,300
1533,2025-04-28,F12,Naan Bread,Indian,80
1533,2025-04-28,F05,Margherita Pizza,Italian,900
1533,2025-04-28,F08,Miso Soup,Japanese,150
1534,2025-06-14,F10,Chicken Biryani,Indian,550
1535,2025-01-18,F07,California Roll Sushi,Japanese,700
1535,2025-01-18,F13,Chapati,Local,50
1535,2025-01-18,F06,Garlic Bread,Italian,250
1535,2025-01-18,F14,Chocolate Cake,Dessert,300
1536,2025-06-15,F05,Margherita Pizza,Italian,900
1536,2025-06-15,F06,Garlic Bread,Italian,250
1536,2025-06-15,F03,Soda,Beverages,100
1536,2025-06-15,F14,Chocolate Cake,Dessert,300
1537,2025-04-08,F04,Chicken Wings,Fast Food,500
1537,2025-04-08,F02,French Fries,Fast Food,200
1537,2025-04-08,F14,Chocolate Cake,Dessert,300
1538,2025-06-20,F05,Margherita Pizza,Italian,900
1538,2025-06-20,F06,Garlic Bread,Italian,250
1538,2025-06-20,F15,Ice Cream,Dessert,250
1539,2025-03-10,F01,Beef Burger,Fast Food,450
1539,2025-03-10,F08,Miso Soup,Japanese,150
1539,2025-03-10,F14,Chocolate Cake,Dessert,300
1540,2025-06-02,F07,California Roll Sushi,Japanese,700
1540,2025-06-02,F08,Miso Soup,Japanese,150
1541,2025-06-25,F08,Miso Soup,Japanese,150
1541,2025-06-25,F07,California Roll Sushi,Japanese,700
1541,2025-06-25,F01,Beef Burger,Fast Food,450
1542,2025-05-23,F08,Miso Soup,Japanese,150
1542,2025-05-23,F09,Green Tea,Beverages,100
1542,2025-05-23,F15,Ice Cream,Dessert,250
1542,2025-05-23,F06,Garlic Bread,Italian,250
1543,2025-02-05,F04,Chicken Wings,Fast Food,500
1543,2025-02-05,F02,French Fries,Fast Food,200
1543,2025-02-05,F03,Soda,Beverages,100
1544,2025-01-19,F10,Chicken Biryani,Indian,550
1544,2025-01-19,F11,Raita,Indian,100
1544,2025-01-19,F12,Naan Bread,Indian,80
1545,2025-05-24,F05,Margherita Pizza,Italian,900
1545,2025-05-24,F06,Garlic Bread,Italian,250
1545,2025-05-24,F03,Soda,Beverages,100
1545,2025-05-24,F15,Ice Cream,Dessert,250
1546,2025-06-07,F05,Margherita Pizza,Italian,900
1546,2025-06-07,F06,Garlic Bread,Italian,250
1546,2025-06-07,F15,Ice Cream,Dessert,250
1547,2025-04-27,F08,Miso Soup,Japanese,150
1547,2025-04-27,F02,French Fries,Fast Food,200
1547,2025-04-27,F14,Chocolate Cake,Dessert,300
1548,2025-01-02,F11,Raita,Indian,100
1548,2025-01-02,F03,Soda,Beverages,100
1548,2025-01-02,F13,Chapati,Local,50
1548,2025-01-02,F04,Chicken Wings,Fast Food,500
1549,2025-06-22,F04,Chicken Wings,Fast Food,500
1549,2025-06-22,F02,French Fries,Fast Food,200
1549,2025-06-22,F15,Ice Cream,Dessert,250
1550,2025-06-01,F01,Beef Burger,Fast Food,450
1550,2025-06-01,F15,Ice Cream,Dessert,250
1551,2025-01-19,F05,Margherita Pizza,Italian,900
1551,2025-01-19,F06,Garlic Bread,Italian,250
1552,2025-02-24,F09,Green Tea,Beverages,100
1553,2025-03-23,F04,Chicken Wings,Fast Food,500
1553,2025-03-23,F10,Chicken Biryani,Indian,550
1554,2025-01-27,F05,Margherita Pizza,Italian,900
1554,2025-01-27,F06,Garlic Bread,Italian,250
1554,2025-01-27,F03,Soda,Beverages,100
1555,2025-01-10,F15,Ice Cream,Dessert,250
1555,2025-01-10,F14,Chocolate Cake,Dessert,300
1556,2025-02-11,F11,Raita,Indian,100
1556,2025-02-11,F09,Green Tea,Beverages,100
1557,2025-04-01,F07,California Roll Sushi,Japanese,700
1557,2025-04-01,F08,Miso Soup,Japanese,150
1558,2025-06-18,F05,Margherita Pizza,Italian,900
1558,2025-06-18,F06,Garlic Bread,Italian,250
1558,2025-06-18,F03,Soda,Beverages,100
1559,2025-03-29,F04,Chicken Wings,Fast Food,500
1559,2025-03-29,F02,French Fries,Fast Food,200
1559,2025-03-29,F03,Soda,Beverages,100
1559,2025-03-29,F14,Chocolate Cake,Dessert,300
1560,2025-04-29,F09,Green Tea,Beverages,100
1560,2025-04-29,F07,California Roll Sushi,Japanese,700
1561,2025-02-22,F03,Soda,Beverages,100
1561,2025-02-22,F11,Raita,Indian,100
1561,2025-02-22,F14,Chocolate Cake,Dessert,300
1562,2025-05-29,F09,Green Tea,Beverages,100
1562,2025-05-29,F01,Beef Burger,Fast Food,450
1562,2025-05-29,F05,Margherita Pizza,Italian,900
1562,2025-05-29,F14,Chocolate Cake,Dessert,300
1563,2025-06-15,F06,Garlic Bread,Italian,250
1563,2025-06-15,F14,Chocolate Cake,Dessert,300
1563,2025-06-15,F07,California Roll Sushi,Japanese,700
1564,2025-06-02,F13,Chapati,Local,50
1565,2025-01-31,F07,California Roll Sushi,Japanese,700
1565,2025-01-31,F11,Raita,Indian,100
1565,2025-01-31,F12,Naan Bread,Indian,80
1566,2025-05-01,F01,Beef Burger,Fast Food,450
1566,2025-05-01,F02,French Fries,Fast Food,200
1566,2025-05-01,F03,Soda,Beverages,100
1567,2025-02-02,F11,Raita,Indian,100
1567,2025-02-02,F09,Green Tea,Beverages,100
1568,2025-01-07,F06,Garlic Bread,Italian,250
1569,2025-02-23,F04,Chicken Wings,Fast Food,500
1569,2025-02-23,F07,California Roll Sushi,Japanese,700
1570,2025-06-25,F05,Margherita Pizza,Italian,900
1570,2025-06-25,F06,Garlic Bread,Italian,250
1570,2025-06-25,F14,Chocolate Cake,Dessert,300
1571,2025-02-09,F06,Garlic Bread,Italian,250
1571,2025-02-09,F09,Green Tea,Beverages,100
1572,2025-05-02,F01,Beef Burger,Fast Food,450
1572,2025-05-02,F02,French Fries,Fast Food,200
1572,2025-05-02,F03,Soda,Beverages,100
1573,2025-05-28,F05,Margherita Pizza,Italian,900
1573,2025-05-28,F06,Garlic Bread,Italian,250
1573,2025-05-28,F03,Soda,Beverages,100
1574,2025-02-25,F07,California Roll Sushi,Japanese,700
1574,2025-02-25,F08,Miso Soup,Japanese,150
1574,2025-02-25,F03,Soda,Beverages,100
1575,2025-05-02,F05,Margherita Pizza,Italian,900
1575,2025-05-02,F06,Garlic Bread,Italian,250
1576,2025-01-15,F04,Chicken Wings,Fast Food,500
1576,2025-01-15,F02,French Fries,Fast Food,200
1576,2025-01-15,F03,Soda,Beverages,100
1577,2025-06-22,F10,Chicken Biryani,Indian,550
1577,2025-06-22,F11,Raita,Indian,100
1577,2025-06-22,F12,Naan Bread,Indian,80
1578,2025-04-18,F14,Chocolate Cake,Dessert,300
1578,2025-04-18,F10,Chicken Biryani,Indian,550
1578,2025-04-18,F06,Garlic Bread,Italian,250
1578,2025-04-18,F01,Beef Burger,Fast Food,450
1579,2025-02-24,F14,Chocolate Cake,Dessert,300
1580,2025-03-22,F13,Chapati,Local,50
1580,2025-03-22,F08,Miso Soup,Japanese,150
1580,2025-03-22,F01,Beef Burger,Fast Food,450
1580,2025-03-22,F07,California Roll Sushi,Japanese,700
1581,2025-03-31,F11,Raita,Indian,100
1582,2025-05-10,F10,Chicken Biryani,Indian,550
1582,2025-05-10,F11,Raita,Indian,100
1582,2025-05-10,F12,Naan Bread,Indian,80
1583,2025-01-11,F07,California Roll Sushi,Japanese,700
1583,2025-01-11,F08,Miso Soup,Japanese,150
1583,2025-01-11,F06,Garlic Bread,Italian,250
1584,2025-05-26,F05,Margherita Pizza,Italian,900
1584,2025-05-26,F06,Garlic Bread,Italian,250
1585,2025-01-12,F05,Margherita Pizza,Italian,900
1585,2025-01-12,F01,Beef Burger,Fast Food,450
1585,2025-01-12,F12,Naan Bread,Indian,80
1586,2025-03-18,F11,Raita,Indian,100
1587,2025-02-18,F05,Margherita Pizza,Italian,900
1587,2025-02-18,F06,Garlic Bread,Italian,250
1587,2025-02-18,F03,Soda,Beverages,100
1588,2025-03-01,F05,Margherita Pizza,Italian,900
1588,2025-03-01,F06,Garlic Bread,Italian,250
1588,2025-03-01,F03,Soda,Beverages,100
1588,2025-03-01,F08,Miso Soup,Japanese,150
1589,2025-03-05,F04,Chicken Wings,Fast Food,500
1589,2025-03-05,F02,French Fries,Fast Food,200
1589,2025-03-05,F03,Soda,Beverages,100
1590,2025-06-19,F10,Chicken Biryani,Indian,550
1590,2025-06-19,F15,Ice Cream,Dessert,250
1590,2025-06-19,F03,Soda,Beverages,100
1590,2025-06-19,F11,Raita,Indian,100
1591,2025-01-22,F04,Chicken Wings,Fast Food,500
1591,2025-01-22,F02,French Fries,Fast Food,200
1591,2025-01-22,F03,Soda,Beverages,100
1592,2025-05-08,F05,Margherita Pizza,Italian,900
1592,2025-05-08,F06,Garlic Bread,Italian,250
1593,2025-04-18,F07,California Roll Sushi,Japanese,700
1593,2025-04-18,F08,Miso Soup,Japanese,150
1594,2025-01-31,F04,Chicken Wings,Fast Food,500
1594,2025-01-31,F02,French Fries,Fast Food,200
1595,2025-01-14,F01,Beef Burger,Fast Food,450
1595,2025-01-14,F04,Chicken Wings,Fast Food,500
1595,2025-01-14,F15,Ice Cream,Dessert,250
1595,2025-01-14,F12,Naan Bread,Indian,80
1596,2025-05-03,F01,Beef Burger,Fast Food,450
1596,2025-05-03,F02,French Fries,Fast Food,200
1597,2025-03-15,F07,California Roll Sushi,Japanese,700
1597,2025-03-15,F08,Miso Soup,Japanese,150
1598,2025-02-23,F11,Raita,Indian,100
1598,2025-02-23,F07,California Roll Sushi,Japanese,700
1598,2025-02-23,F06,Garlic Bread,Italian,250
1598,2025-02-23,F08,Miso Soup,Japanese,150
1599,2025-05-21,F12,Naan Bread,Indian,80
1599,2025-05-21,F11,Raita,Indian,100
1600,2025-02-22,F01,Beef Burger,Fast Food,450
1600,2025-02-22,F02,French Fries,Fast Food,200
1600,2025-02-22,F03,Soda,Beverages,100
1601,2025-05-25,F10,Chicken Biryani,Indian,550
1601,2025-05-25,F06,Garlic Bread,Italian,250
1602,2025-01-13,F08,Miso Soup,Japanese,150
1603,2025-03-06,F04,Chicken Wings,Fast Food,500
1603,2025-03-06,F02,French Fries,Fast Food,200
1604,2025-06-19,F15,Ice Cream,Dessert,250
1604,2025-06-19,F03,Soda,Beverages,100
1604,2025-06-19,F14,Chocolate Cake,Dessert,300
1604,2025-06-19,F01,Beef Burger,Fast Food,450
1605,2025-05-24,F10,Chicken Biryani,Indian,550
1605,2025-05-24,F11,Raita,Indian,100
1605,2025-05-24,F12,Naan Bread,Indian,80
1606,2025-05-10,F07,California Roll Sushi,Japanese,700
1606,2025-05-10,F08,Miso Soup,Japanese,150
1606,2025-05-10,F09,Green Tea,Beverages,100
1607,2025-03-15,F01,Beef Burger,Fast Food,450
1607,2025-03-15,F02,French Fries,Fast Food,200
1608,2025-02-16,F04,Chicken Wings,Fast Food,500
1609,2025-04-14,F13,Chapati,Local,50
1609,2025-04-14,F14,Chocolate Cake,Dessert,300
1609,2025-04-14,F15,Ice Cream,Dessert,250
1609,2025-04-14,F01,Beef Burger,Fast Food,450
1610,2025-05-28,F05,Margherita Pizza,Italian,900
1610,2025-05-28,F09,Green Tea,Beverages,100
1611,2025-05-05,F05,Margherita Pizza,Italian,900
1611,2025-05-05,F06,Garlic Bread,Italian,250
1611,2025-05-05,F03,Soda,Beverages,100
1612,2025-01-30,F10,Chicken Biryani,Indian,550
1612,2025-01-30,F11,Raita,Indian,100
1612,2025-01-30,F12,Naan Bread,Indian,80
1613,2025-01-04,F01,Beef Burger,Fast Food,450
1613,2025-01-04,F12,Naan Bread,Indian,80
1614,2025-02-12,F10,Chicken Biryani,Indian,550
1614,2025-02-12,F11,Raita,Indian,100
1614,2025-02-12,F12,Naan Bread,Indian,80
1615,2025-02-01,F14,Chocolate Cake,Dessert,300
1615,2025-02-01,F10,Chicken Biryani,Indian,550
1615,2025-02-01,F12,Naan Bread,Indian,80
1615,2025-02-01,F06,Garlic Bread,Italian,250
1616,2025-06-29,F01,Beef Burger,Fast Food,450
1616,2025-06-29,F02,French Fries,Fast Food,200
1616,2025-06-29,F03,Soda,Beverages,100
1617,2025-03-19,F06,Garlic Bread,Italian,250
1617,2025-03-19,F15,Ice Cream,Dessert,250
1618,2025-02-20,F01,Beef Burger,Fast Food,450
1618,2025-02-20,F02,French Fries,Fast Food,200
1618,2025-02-20,F03,Soda,Beverages,100
1619,2025-01-04,F04,Chicken Wings,Fast Food,500
1619,2025-01-04,F02,French Fries,Fast Food,200
1619,2025-01-04,F14,Chocolate Cake,Dessert,300
1620,2025-02-11,F05,Margherita Pizza,Italian,900
1620,2025-02-11,F06,Garlic Bread,Italian,250
1620,2025-02-11,F03,Soda,Beverages,100
1620,2025-02-11,F14,Chocolate Cake,Dessert,300
1621,2025-02-05,F10,Chicken Biryani,Indian,550
1621,2025-02-05,F11,Raita,Indian,100
1621,2025-02-05,F12,Naan Bread,Indian,80
1622,2025-06-06,F03,Soda,Beverages,100
1622,2025-06-06,F07,California Roll Sushi,Japanese,700
1622,2025-06-06,F02,French Fries,Fast Food,200
1623,2025-02-28,F10,Chicken Biryani,Indian,550
1623,2025-02-28,F11,Raita,Indian,100
1623,2025-02-28,F12,Naan Bread,Indian,80
1624,2025-01-04,F01,Beef Burger,Fast Food,450
1624,2025-01-04,F07,California Roll Sushi,Japanese,700
1624,2025-01-04,F15,Ice Cream,Dessert,250
1625,2025-06-12,F05,Margherita Pizza,Italian,900
1625,2025-06-12,F06,Garlic Bread,Italian,250
1625,2025-06-12,F02,French Fries,Fast Food,200
1625,2025-06-12,F15,Ice Cream,Dessert,250
1626,2025-05-17,F08,Miso Soup,Japanese,150
1627,2025-01-20,F14,Chocolate Cake,Dessert,300
1627,2025-01-20,F15,Ice Cream,Dessert,250
1628,2025-05-11,F05,Margherita Pizza,Italian,900
1628,2025-05-11,F06,Garlic Bread,Italian,250
1629,2025-02-13,F10,Chicken Biryani,Indian,550
1629,2025-02-13,F11,Raita,Indian,100
1629,2025-02-13,F12,Naan Bread,Indian,80
1630,2025-03-08,F15,Ice Cream,Dessert,250
1631,2025-06-19,F02,French Fries,Fast Food,200
1632,2025-01-29,F07,California Roll Sushi,Japanese,700
1632,2025-01-29,F14,Chocolate Cake,Dessert,300
1633,2025-03-01,F15,Ice Cream,Dessert,250
1633,2025-03-01,F01,Beef Burger,Fast Food,450
1633,2025-03-01,F12,Naan Bread,Indian,80
1633,2025-03-01,F04,Chicken Wings,Fast Food,500
1634,2025-01-05,F07,California Roll Sushi,Japanese,700
1635,2025-04-22,F10,Chicken Biryani,Indian,550
1635,2025-04-22,F11,Raita,Indian,100
1635,2025-04-22,F12,Naan Bread,Indian,80
1636,2025-04-27,F11,Raita,Indian,100
1636,2025-04-27,F09,Green Tea,Beverages,100
1636,2025-04-27,F02,French Fries,Fast Food,200
1637,2025-03-06,F07,California Roll Sushi,Japanese,700
1638,2025-02-10,F07,California Roll Sushi,Japanese,700
1638,2025-02-10,F08,Miso Soup,Japanese,150
1638,2025-02-10,F15,Ice Cream,Dessert,250
1639,2025-03-29,F12,Naan Bread,Indian,80
1640,2025-06-21,F07,California Roll Sushi,Japanese,700
1641,2025-02-03,F01,Beef Burger,Fast Food,450
1641,2025-02-03,F02,French Fries,Fast Food,200
1641,2025-02-03,F03,Soda,Beverages,100
1642,2025-02-19,F10,Chicken Biryani,Indian,550
1642,2025-02-19,F11,Raita,Indian,100
1642,2025-02-19,F12,Naan Bread,Indian,80
1643,2025-01-03,F07,California Roll Sushi,Japanese,700
1643,2025-01-03,F08,Miso Soup,Japanese,150
1644,2025-01-23,F05,Margherita Pizza,Italian,900
1644,2025-01-23,F06,Garlic Bread,Italian,250
1645,2025-05-15,F14,Chocolate Cake,Dessert,300
1646,2025-02-10,F07,California Roll Sushi,Japanese,700
1646,2025-02-10,F13,Chapati,Local,50
1646,2025-02-10,F02,French Fries,Fast Food,200
1646,2025-02-10,F06,Garlic Bread,Italian,250
1647,2025-05-11,F04,Chicken Wings,Fast Food,500
1647,2025-05-11,F02,French Fries,Fast Food,200
1648,2025-06-16,F14,Chocolate Cake,Dessert,300
1649,2025-01-13,F10,Chicken Biryani,Indian,550
1649,2025-01-13,F11,Raita,Indian,100
1649,2025-01-13,F12,Naan Bread,Indian,80
1650,2025-01-28,F07,California Roll Sushi,Japanese,700
1650,2025-01-28,F08,Miso Soup,Japanese,150
1650,2025-01-28,F09,Green Tea,Beverages,100
1650,2025-01-28,F14,Chocolate Cake,Dessert,300
1651,2025-01-12,F05,Margherita Pizza,Italian,900
1651,2025-01-12,F06,Garlic Bread,Italian,250
1652,2025-03-17,F14,Chocolate Cake,Dessert,300
1652,2025-03-17,F07,California Roll Sushi,Japanese,700
1652,2025-03-17,F15,Ice Cream,Dessert,250
1652,2025-03-17,F01,Beef Burger,Fast Food,450
1653,2025-01-02,F09,Green Tea,Beverages,100
1653,2025-01-02,F15,Ice Cream,Dessert,250
1654,2025-06-29,F04,Chicken Wings,Fast Food,500
1654,2025-06-29,F02,French Fries,Fast Food,200
1655,2025-03-13,F14,Chocolate Cake,Dessert,300
1655,2025-03-13,F03,Soda,Beverages,100
1656,2025-03-19,F05,Margherita Pizza,Italian,900
1656,2025-03-19,F06,Garlic Bread,Italian,250
1657,2025-04-19,F05,Margherita Pizza,Italian,900
1657,2025-04-19,F06,Garlic Bread,Italian,250
1658,2025-06-25,F07,California Roll Sushi,Japanese,700
1658,2025-06-25,F08,Miso Soup,Japanese,150
1659,2025-01-17,F02,French Fries,Fast Food,200
1660,2025-02-19,F11,Raita,Indian,100
1661,2025-02-14,F15,Ice Cream,Dessert,250
1661,2025-02-14,F14,Chocolate Cake,Dessert,300
1662,2025-05-30,F04,Chicken Wings,Fast Food,500
1662,2025-05-30,F02,French Fries,Fast Food,200
1663,2025-05-09,F05,Margherita Pizza,Italian,900
1663,2025-05-09,F06,Garlic Bread,Italian,250
1664,2025-03-27,F01,Beef Burger,Fast Food,450
1664,2025-03-27,F08,Miso Soup,Japanese,150
1664,2025-03-27,F02,French Fries,Fast Food,200
1664,2025-03-27,F03,Soda,Beverages,100
1665,2025-04-17,F10,Chicken Biryani,Indian,550
1665,2025-04-17,F11,Raita,Indian,100
1665,2025-04-17,F12,Naan Bread,Indian,80
1666,2025-01-15,F14,Chocolate Cake,Dessert,300
1666,2025-01-15,F01,Beef Burger,Fast Food,450
1666,2025-01-15,F10,Chicken Biryani,Indian,550
1667,2025-05-02,F04,Chicken Wings,Fast Food,500
1668,2025-01-21,F10,Chicken Biryani,Indian,550
1668,2025-01-21,F11,Raita,Indian,100
1668,2025-01-21,F12,Naan Bread,Indian,80
1669,2025-05-03,F04,Chicken Wings,Fast Food,500
1669,2025-05-03,F02,French Fries,Fast Food,200
1669,2025-05-03,F03,Soda,Beverages,100
1669,2025-05-03,F13,Chapati,Local,50
1670,2025-06-29,F01,Beef Burger,Fast Food,450
1670,2025-06-29,F02,French Fries,Fast Food,200
1670,2025-06-29,F03,Soda,Beverages,100
1671,2025-06-01,F05,Margherita Pizza,Italian,900
1671,2025-06-01,F06,Garlic Bread,Italian,250
1671,2025-06-01,F03,Soda,Beverages,100
1672,2025-02-18,F01,Beef Burger,Fast Food,450
1672,2025-02-18,F06,Garlic Bread,Italian,250
1672,2025-02-18,F05,Margherita Pizza,Italian,900
1672,2025-02-18,F13,Chapati,Local,50
1673,2025-02-06,F07,California Roll Sushi,Japanese,700
1673,2025-02-06,F04,Chicken Wings,Fast Food,500
1673,2025-02-06,F03,Soda,Beverages,100
1673,2025-02-06,F14,Chocolate Cake,Dessert,300
1674,2025-05-29,F06,Garlic Bread,Italian,250
1674,2025-05-29,F05,Margherita Pizza,Italian,900
1674,2025-05-29,F14,Chocolate Cake,Dessert,300
1675,2025-06-21,F11,Raita,Indian,100
1675,2025-06-21,F12,Naan Bread,Indian,80
1675,2025-06-21,F06,Garlic Bread,Italian,250
1675,2025-06-21,F04,Chicken Wings,Fast Food,500
1676,2025-01-05,F07,California Roll Sushi,Japanese,700
1676,2025-01-05,F06,Garlic Bread,Italian,250
1676,2025-01-05,F04,Chicken Wings,Fast Food,500
1677,2025-05-03,F15,Ice Cream,Dessert,250
1677,2025-05-03,F07,California Roll Sushi,Japanese,700
1677,2025-05-03,F06,Garlic Bread,Italian,250
1677,2025-05-03,F14,Chocolate Cake,Dessert,300
1678,2025-05-10,F09,Green Tea,Beverages,100
1678,2025-05-10,F15,Ice Cream,Dessert,250
1678,2025-05-10,F11,Raita,Indian,100
1679,2025-06-07,F05,Margherita Pizza,Italian,900
1679,2025-06-07,F06,Garlic Bread,Italian,250
1680,2025-06-03,F10,Chicken Biryani,Indian,550
1680,2025-06-03,F11,Raita,Indian,100
1680,2025-06-03,F12,Naan Bread,Indian,80
1681,2025-03-17,F14,Chocolate Cake,Dessert,300
1681,2025-03-17,F06,Garlic Bread,Italian,250
1681,2025-03-17,F15,Ice Cream,Dessert,250
1681,2025-03-17,F05,Margherita Pizza,Italian,900
1682,2025-02-07,F06,Garlic Bread,Italian,250
1682,2025-02-07,F13,Chapati,Local,50
1682,2025-02-07,F09,Green Tea,Beverages,100
1682,2025-02-07,F02,French Fries,Fast Food,200
1683,2025-05-16,F10,Chicken Biryani,Indian,550
1683,2025-05-16,F04,Chicken Wings,Fast Food,500
1684,2025-06-13,F02,French Fries,Fast Food,200
1685,2025-01-04,F10,Chicken Biryani,Indian,550
1685,2025-01-04,F11,Raita,Indian,100
1685,2025-01-04,F12,Naan Bread,Indian,80
1685,2025-01-04,F08,Miso Soup,Japanese,150
1685,2025-01-04,F15,Ice Cream,Dessert,250
1686,2025-06-17,F10,Chicken Biryani,Indian,550
1686,2025-06-17,F11,Raita,Indian,100
1686,2025-06-17,F12,Naan Bread,Indian,80
1686,2025-06-17,F15,Ice Cream,Dessert,250
1687,2025-02-23,F07,California Roll Sushi,Japanese,700
1687,2025-02-23,F08,Miso Soup,Japanese,150
1688,2025-05-08,F10,Chicken Biryani,Indian,550
1688,2025-05-08,F11,Raita,Indian,100
1688,2025-05-08,F12,Naan Bread,Indian,80
1689,2025-01-16,F04,Chicken Wings,Fast Food,500
1689,2025-01-16,F02,French Fries,Fast Food,200
1690,2025-06-28,F04,Chicken Wings,Fast Food,500
1690,2025-06-28,F13,Chapati,Local,50
1691,2025-01-24,F10,Chicken Biryani,Indian,550
1691,2025-01-24,F11,Raita,Indian,100
1691,2025-01-24,F12,Naan Bread,Indian,80
1692,2025-05-24,F14,Chocolate Cake,Dessert,300
1692,2025-05-24,F13,Chapati,Local,50
1692,2025-05-24,F04,Chicken Wings,Fast Food,500
1693,2025-03-05,F06,Garlic Bread,Italian,250
1693,2025-03-05,F14,Chocolate Cake,Dessert,300
1694,2025-06-09,F10,Chicken Biryani,Indian,550
1694,2025-06-09,F11,Raita,Indian,100
1694,2025-06-09,F12,Naan Bread,Indian,80
1695,2025-01-16,F10,Chicken Biryani,Indian,550
1695,2025-01-16,F11,Raita,Indian,100
1695,2025-01-16,F12,Naan Bread,Indian,80
1696,2025-02-22,F10,Chicken Biryani,Indian,550
1697,2025-02-13,F04,Chicken Wings,Fast Food,500
1698,2025-06-04,F05,Margherita Pizza,Italian,900
1698,2025-06-04,F06,Garlic Bread,Italian,250
1698,2025-06-04,F07,California Roll Sushi,Japanese,700
1699,2025-02-13,F13,Chapati,Local,50
1699,2025-02-13,F12,Naan Bread,Indian,80
1699,2025-02-13,F07,California Roll Sushi,Japanese,700
1700,2025-06-17,F15,Ice Cream,Dessert,250
1701,2025-05-05,F04,Chicken Wings,Fast Food,500
1701,2025-05-05,F02,French Fries,Fast Food,200
1702,2025-02-05,F07,California Roll Sushi,Japanese,700
1702,2025-02-05,F08,Miso Soup,Japanese,150
1702,2025-02-05,F09,Green Tea,Beverages,100
1703,2025-03-21,F05,Margherita Pizza,Italian,900
1703,2025-03-21,F06,Garlic Bread,Italian,250
1704,2025-03-23,F07,California Roll Sushi,Japanese,700
1704,2025-03-23,F08,Miso Soup,Japanese,150
1704,2025-03-23,F09,Green Tea,Beverages,100
1704,2025-03-23,F14,Chocolate Cake,Dessert,300
1705,2025-04-22,F04,Chicken Wings,Fast Food,500
1705,2025-04-22,F02,French Fries,Fast Food,200
1706,2025-05-14,F07,California Roll Sushi,Japanese,700
1706,2025-05-14,F08,Miso Soup,Japanese,150
1707,2025-02-20,F10,Chicken Biryani,Indian,550
1707,2025-02-20,F11,Raita,Indian,100
1707,2025-02-20,F12,Naan Bread,Indian,80
1708,2025-03-06,F07,California Roll Sushi,Japanese,700
1708,2025-03-06,F01,Beef Burger,Fast Food,450
1709,2025-01-27,F10,Chicken Biryani,Indian,550
1709,2025-01-27,F11,Raita,Indian,100
1709,2025-01-27,F12,Naan Bread,Indian,80
1709,2025-01-27,F14,Chocolate Cake,Dessert,300
1710,2025-03-08,F10,Chicken Biryani,Indian,550
1710,2025-03-08,F14,Chocolate Cake,Dessert,300
1711,2025-04-22,F04,Chicken Wings,Fast Food,500
1711,2025-04-22,F02,French Fries,Fast Food,200
1711,2025-04-22,F07,California Roll Sushi,Japanese,700
1712,2025-04-12,F04,Chicken Wings,Fast Food,500
1712,2025-04-12,F02,French Fries,Fast Food,200
1712,2025-04-12,F03,Soda,Beverages,100
1713,2025-04-09,F07,California Roll Sushi,Japanese,700
1713,2025-04-09,F05,Margherita Pizza,Italian,900
1713,2025-04-09,F06,Garlic Bread,Italian,250
1713,2025-04-09,F13,Chapati,Local,50
1714,2025-03-22,F10,Chicken Biryani,Indian,550
1714,2025-03-22,F06,Garlic Bread,Italian,250
1714,2025-03-22,F04,Chicken Wings,Fast Food,500
1714,2025-03-22,F15,Ice Cream,Dessert,250
1715,2025-05-01,F05,Margherita Pizza,Italian,900
1715,2025-05-01,F06,Garlic Bread,Italian,250
1715,2025-05-01,F14,Chocolate Cake,Dessert,300
1716,2025-01-29,F06,Garlic Bread,Italian,250
1716,2025-01-29,F14,Chocolate Cake,Dessert,300
1716,2025-01-29,F15,Ice Cream,Dessert,250
1717,2025-04-26,F01,Beef Burger,Fast Food,450
1717,2025-04-26,F02,French Fries,Fast Food,200
1718,2025-04-26,F15,Ice Cream,Dessert,250
1718,2025-04-26,F06,Garlic Bread,Italian,250
1718,2025-04-26,F05,Margherita Pizza,Italian,900
1719,2025-02-03,F02,French Fries,Fast Food,200
1719,2025-02-03,F01,Beef Burger,Fast Food,450
1719,2025-02-03,F05,Margherita Pizza,Italian,900
1720,2025-01-19,F06,Garlic Bread,Italian,250
1721,2025-02-07,F10,Chicken Biryani,Indian,550
1721,2025-02-07,F11,Raita,Indian,100
1721,2025-02-07,F12,Naan Bread,Indian,80
1722,2025-02-18,F11,Raita,Indian,100
1722,2025-02-18,F08,Miso Soup,Japanese,150
1722,2025-02-18,F15,Ice Cream,Dessert,250
1723,2025-02-07,F10,Chicken Biryani,Indian,550
1723,2025-02-07,F11,Raita,Indian,100
1723,2025-02-07,F12,Naan Bread,Indian,80
1724,2025-06-03,F01,Beef Burger,Fast Food,450
1724,2025-06-03,F02,French Fries,Fast Food,200
1725,2025-01-04,F04,Chicken Wings,Fast Food,500
1725,2025-01-04,F02,French Fries,Fast Food,200
1726,2025-03-15,F12,Naan Bread,Indian,80
1726,2025-03-15,F08,Miso Soup,Japanese,150
1726,2025-03-15,F06,Garlic Bread,Italian,250
1726,2025-03-15,F10,Chicken Biryani,Indian,550
1726,2025-03-15,F14,Chocolate Cake,Dessert,300
1727,2025-03-05,F04,Chicken Wings,Fast Food,500
1727,2025-03-05,F02,French Fries,Fast Food,200
1728,2025-05-29,F10,Chicken Biryani,Indian,550
1729,2025-05-03,F04,Chicken Wings,Fast Food,500
1729,2025-05-03,F02,French Fries,Fast Food,200
1729,2025-05-03,F03,Soda,Beverages,100
1730,2025-06-14,F01,Beef Burger,Fast Food,450
1730,2025-06-14,F02,French Fries,Fast Food,200
1731,2025-01-01,F10,Chicken Biryani,Indian,550
1731,2025-01-01,F12,Naan Bread,Indian,80
1731,2025-01-01,F03,Soda,Beverages,100
1731,2025-01-01,F01,Beef Burger,Fast Food,450
1731,2025-01-01,F14,Chocolate Cake,Dessert,300
1732,2025-02-06,F08,Miso Soup,Japanese,150
1733,2025-04-17,F10,Chicken Biryani,Indian,550
1734,2025-05-12,F07,California Roll Sushi,Japanese,700
1734,2025-05-12,F08,Miso Soup,Japanese,150
1735,2025-01-09,F04,Chicken Wings,Fast Food,500
1735,2025-01-09,F02,French Fries,Fast Food,200
1735,2025-01-09,F03,Soda,Beverages,100
1736,2025-03-23,F05,Margherita Pizza,Italian,900
1736,2025-03-23,F06,Garlic Bread,Italian,250
1736,2025-03-23,F14,Chocolate Cake,Dessert,300
1737,2025-03-15,F10,Chicken Biryani,Indian,550
1737,2025-03-15,F11,Raita,Indian,100
1737,2025-03-15,F12,Naan Bread,Indian,80
1738,2025-06-01,F04,Chicken Wings,Fast Food,500
1739,2025-02-19,F13,Chapati,Local,50
1739,2025-02-19,F05,Margherita Pizza,Italian,900
1739,2025-02-19,F03,Soda,Beverages,100
1740,2025-06-04,F07,California Roll Sushi,Japanese,700
1740,2025-06-04,F08,Miso Soup,Japanese,150
1740,2025-06-04,F09,Green Tea,Beverages,100
1741,2025-05-20,F08,Miso Soup,Japanese,150
1741,2025-05-20,F06,Garlic Bread,Italian,250
1741,2025-05-20,F07,California Roll Sushi,Japanese,700
1741,2025-05-20,F03,Soda,Beverages,100
1742,2025-02-18,F03,Soda,Beverages,100
1742,2025-02-18,F09,Green Tea,Beverages,100
1742,2025-02-18,F10,Chicken Biryani,Indian,550
1742,2025-02-18,F05,Margherita Pizza,Italian,900
1742,2025-02-18,F15,Ice Cream,Dessert,250
1743,2025-05-15,F03,Soda,Beverages,100
1743,2025-05-15,F05,Margherita Pizza,Italian,900
1743,2025-05-15,F10,Chicken Biryani,Indian,550
1744,2025-01-05,F10,Chicken Biryani,Indian,550
1744,2025-01-05,F11,Raita,Indian,100
1744,2025-01-05,F12,Naan Bread,Indian,80
1745,2025-05-09,F05,Margherita Pizza,Italian,900
1745,2025-05-09,F06,Garlic Bread,Italian,250
1746,2025-03-20,F10,Chicken Biryani,Indian,550
1746,2025-03-20,F11,Raita,Indian,100
1746,2025-03-20,F12,Naan Bread,Indian,80
1747,2025-06-09,F04,Chicken Wings,Fast Food,500
1747,2025-06-09,F02,French Fries,Fast Food,200
1747,2025-06-09,F14,Chocolate Cake,Dessert,300
1748,2025-02-06,F07,California Roll Sushi,Japanese,700
1748,2025-02-06,F13,Chapati,Local,50
1748,2025-02-06,F02,French Fries,Fast Food,200
1748,2025-02-06,F03,Soda,Beverages,100
1749,2025-02-19,F01,Beef Burger,Fast Food,450
1749,2025-02-19,F02,French Fries,Fast Food,200
1750,2025-03-07,F07,California Roll Sushi,Japanese,700
1750,2025-03-07,F02,French Fries,Fast Food,200
1750,2025-03-07,F05,Margherita Pizza,Italian,900
1751,2025-02-14,F08,Miso Soup,Japanese,150
1751,2025-02-14,F07,California Roll Sushi,Japanese,700
1751,2025-02-14,F15,Ice Cream,Dessert,250
1751,2025-02-14,F14,Chocolate Cake,Dessert,300
1752,2025-04-09,F07,California Roll Sushi,Japanese,700
1752,2025-04-09,F08,Miso Soup,Japanese,150
1753,2025-05-13,F07,California Roll Sushi,Japanese,700
1753,2025-05-13,F08,Miso Soup,Japanese,150
1754,2025-05-25,F06,Garlic Bread,Italian,250
1754,2025-05-25,F10,Chicken Biryani,Indian,550
1754,2025-05-25,F02,French Fries,Fast Food,200
1755,2025-02-21,F07,California Roll Sushi,Japanese,700
1755,2025-02-21,F08,Miso Soup,Japanese,150
1755,2025-02-21,F14,Chocolate Cake,Dessert,300
1756,2025-03-25,F12,Naan Bread,Indian,80
1756,2025-03-25,F08,Miso Soup,Japanese,150
1756,2025-03-25,F09,Green Tea,Beverages,100
1756,2025-03-25,F15,Ice Cream,Dessert,250
1757,2025-03-26,F01,Beef Burger,Fast Food,450
1757,2025-03-26,F02,French Fries,Fast Food,200
1758,2025-04-07,F07,California Roll Sushi,Japanese,700
1758,2025-04-07,F08,Miso Soup,Japanese,150
1758,2025-04-07,F09,Green Tea,Beverages,100
1758,2025-04-07,F05,Margherita Pizza,Italian,900
1759,2025-04-16,F07,California Roll Sushi,Japanese,700
1759,2025-04-16,F08,Miso Soup,Japanese,150
1760,2025-03-04,F01,Beef Burger,Fast Food,450
1760,2025-03-04,F02,French Fries,Fast Food,200
1761,2025-05-28,F07,California Roll Sushi,Japanese,700
1761,2025-05-28,F08,Miso Soup,Japanese,150
1761,2025-05-28,F09,Green Tea,Beverages,100
1762,2025-02-06,F01,Beef Burger,Fast Food,450
1762,2025-02-06,F02,French Fries,Fast Food,200
1763,2025-04-17,F04,Chicken Wings,Fast Food,500
1763,2025-04-17,F02,French Fries,Fast Food,200
1763,2025-04-17,F03,Soda,Beverages,100
1764,2025-03-22,F15,Ice Cream,Dessert,250
1764,2025-03-22,F14,Chocolate Cake,Dessert,300
1765,2025-05-15,F04,Chicken Wings,Fast Food,500
1765,2025-05-15,F02,French Fries,Fast Food,200
1766,2025-02-14,F10,Chicken Biryani,Indian,550
1766,2025-02-14,F11,Raita,Indian,100
1766,2025-02-14,F12,Naan Bread,Indian,80
1767,2025-06-16,F01,Beef Burger,Fast Food,450
1767,2025-06-16,F02,French Fries,Fast Food,200
1767,2025-06-16,F03,Soda,Beverages,100
1768,2025-01-20,F03,Soda,Beverages,100
1768,2025-01-20,F04,Chicken Wings,Fast Food,500
1769,2025-01-18,F02,French Fries,Fast Food,200
1769,2025-01-18,F08,Miso Soup,Japanese,150
1770,2025-02-28,F11,Raita,Indian,100
1771,2025-01-09,F10,Chicken Biryani,Indian,550
1771,2025-01-09,F11,Raita,Indian,100
1771,2025-01-09,F12,Naan Bread,Indian,80
1772,2025-02-28,F10,Chicken Biryani,Indian,550
1772,2025-02-28,F07,California Roll Sushi,Japanese,700
1772,2025-02-28,F15,Ice Cream,Dessert,250
1773,2025-04-15,F01,Beef Burger,Fast Food,450
1773,2025-04-15,F14,Chocolate Cake,Dessert,300
1774,2025-04-01,F14,Chocolate Cake,Dessert,300
1775,2025-02-27,F07,California Roll Sushi,Japanese,700
1775,2025-02-27,F08,Miso Soup,Japanese,150
1776,2025-01-01,F11,Raita,Indian,100
1777,2025-02-22,F10,Chicken Biryani,Indian,550
1777,2025-02-22,F11,Raita,Indian,100
1777,2025-02-22,F12,Naan Bread,Indian,80
1777,2025-02-22,F14,Chocolate Cake,Dessert,300
1778,2025-04-14,F07,California Roll Sushi,Japanese,700
1778,2025-04-14,F14,Chocolate Cake,Dessert,300
1779,2025-01-24,F11,Raita,Indian,100
1780,2025-02-19,F13,Chapati,Local,50
1780,2025-02-19,F12,Naan Bread,Indian,80
1780,2025-02-19,F14,Chocolate Cake,Dessert,300
1780,2025-02-19,F04,Chicken Wings,Fast Food,500
1781,2025-04-13,F12,Naan Bread,Indian,80
1782,2025-05-11,F10,Chicken Biryani,Indian,550
1782,2025-05-11,F08,Miso Soup,Japanese,150
1782,2025-05-11,F11,Raita,Indian,100
1782,2025-05-11,F03,Soda,Beverages,100
1782,2025-05-11,F15,Ice Cream,Dessert,250
1783,2025-03-14,F09,Green Tea,Beverages,100
1783,2025-03-14,F08,Miso Soup,Japanese,150
1784,2025-01-27,F10,Chicken Biryani,Indian,550
1784,2025-01-27,F11,Raita,Indian,100
1784,2025-01-27,F12,Naan Bread,Indian,80
1785,2025-04-26,F07,California Roll Sushi,Japanese,700
1785,2025-04-26,F08,Miso Soup,Japanese,150
1786,2025-05-03,F13,Chapati,Local,50
1787,2025-05-02,F05,Margherita Pizza,Italian,900
1787,2025-05-02,F06,Garlic Bread,Italian,250
1788,2025-06-23,F12,Naan Bread,Indian,80
1789,2025-05-02,F01,Beef Burger,Fast Food,450
1790,2025-06-25,F08,Miso Soup,Japanese,150
1790,2025-06-25,F10,Chicken Biryani,Indian,550
1790,2025-06-25,F14,Chocolate Cake,Dessert,300
1791,2025-05-23,F03,Soda,Beverages,100
1791,2025-05-23,F14,Chocolate Cake,Dessert,300
1791,2025-05-23,F02,French Fries,Fast Food,200
1792,2025-03-09,F10,Chicken Biryani,Indian,550
1792,2025-03-09,F11,Raita,Indian,100
1792,2025-03-09,F12,Naan Bread,Indian,80
1793,2025-04-25,F11,Raita,Indian,100
1793,2025-04-25,F06,Garlic Bread,Italian,250
1794,2025-04-22,F07,California Roll Sushi,Japanese,700
1794,2025-04-22,F08,Miso Soup,Japanese,150
1795,2025-06-29,F06,Garlic Bread,Italian,250
1796,2025-03-26,F09,Green Tea,Beverages,100
1797,2025-04-22,F02,French Fries,Fast Food,200
1797,2025-04-22,F07,California Roll Sushi,Japanese,700
1797,2025-04-22,F06,Garlic Bread,Italian,250
1798,2025-06-15,F02,French Fries,Fast Food,200
1798,2025-06-15,F11,Raita,Indian,100
1798,2025-06-15,F07,California Roll Sushi,Japanese,700
1798,2025-06-15,F03,Soda,Beverages,100
1798,2025-06-15,F15,Ice Cream,Dessert,250
1799,2025-05-31,F05,Margherita Pizza,Italian,900
1799,2025-05-31,F06,Garlic Bread,Italian,250
1800,2025-06-24,F04,Chicken Wings,Fast Food,500
1800,2025-06-24,F02,French Fries,Fast Food,200
1801,2025-04-05,F05,Margherita Pizza,Italian,900
1801,2025-04-05,F06,Garlic Bread,Italian,250
1802,2025-02-08,F06,Garlic Bread,Italian,250
1802,2025-02-08,F08,Miso Soup,Japanese,150
1803,2025-04-17,F07,California Roll Sushi,Japanese,700
1803,2025-04-17,F09,Green Tea,Beverages,100
1803,2025-04-17,F03,Soda,Beverages,100
1803,2025-04-17,F14,Chocolate Cake,Dessert,300
1804,2025-01-15,F07,California Roll Sushi,Japanese,700
1804,2025-01-15,F02,French Fries,Fast Food,200
1805,2025-01-09,F05,Margherita Pizza,Italian,900
1806,2025-05-14,F13,Chapati,Local,50
1806,2025-05-14,F02,French Fries,Fast Food,200
1806,2025-05-14,F05,Margherita Pizza,Italian,900
1806,2025-05-14,F07,California Roll Sushi,Japanese,700
1807,2025-04-10,F04,Chicken Wings,Fast Food,500
1807,2025-04-10,F02,French Fries,Fast Food,200
1808,2025-06-12,F07,California Roll Sushi,Japanese,700
1808,2025-06-12,F08,Miso Soup,Japanese,150
1809,2025-03-11,F01,Beef Burger,Fast Food,450
1809,2025-03-11,F02,French Fries,Fast Food,200
1809,2025-03-11,F03,Soda,Beverages,100
1810,2025-02-13,F01,Beef Burger,Fast Food,450
1810,2025-02-13,F02,French Fries,Fast Food,200
1810,2025-02-13,F14,Chocolate Cake,Dessert,300
1811,2025-06-15,F15,Ice Cream,Dessert,250
1812,2025-01-03,F07,California Roll Sushi,Japanese,700
1812,2025-01-03,F08,Miso Soup,Japanese,150
1813,2025-04-17,F10,Chicken Biryani,Indian,550
1813,2025-04-17,F11,Raita,Indian,100
1813,2025-04-17,F12,Naan Bread,Indian,80
1814,2025-04-27,F09,Green Tea,Beverages,100
1814,2025-04-27,F03,Soda,Beverages,100
1814,2025-04-27,F15,Ice Cream,Dessert,250
1815,2025-01-21,F15,Ice Cream,Dessert,250
1815,2025-01-21,F09,Green Tea,Beverages,100
1815,2025-01-21,F03,Soda,Beverages,100
1816,2025-02-08,F04,Chicken Wings,Fast Food,500
1817,2025-01-17,F04,Chicken Wings,Fast Food,500
1817,2025-01-17,F03,Soda,Beverages,100
1818,2025-06-19,F08,Miso Soup,Japanese,150
1819,2025-06-17,F07,California Roll Sushi,Japanese,700
1819,2025-06-17,F08,Miso Soup,Japanese,150
1819,2025-06-17,F09,Green Tea,Beverages,100
1820,2025-03-07,F10,Chicken Biryani,Indian,550
1820,2025-03-07,F11,Raita,Indian,100
1820,2025-03-07,F12,Naan Bread,Indian,80
1820,2025-03-07,F15,Ice Cream,Dessert,250
1821,2025-03-27,F04,Chicken Wings,Fast Food,500
1822,2025-02-08,F10,Chicken Biryani,Indian,550
1822,2025-02-08,F11,Raita,Indian,100
1822,2025-02-08,F12,Naan Bread,Indian,80
1823,2025-06-24,F04,Chicken Wings,Fast Food,500
1823,2025-06-24,F02,French Fries,Fast Food,200
1823,2025-06-24,F14,Chocolate Cake,Dessert,300
1824,2025-06-09,F10,Chicken Biryani,Indian,550
1824,2025-06-09,F11,Raita,Indian,100
1824,2025-06-09,F12,Naan Bread,Indian,80
1824,2025-06-09,F15,Ice Cream,Dessert,250
1825,2025-01-29,F05,Margherita Pizza,Italian,900
1826,2025-05-12,F06,Garlic Bread,Italian,250
1826,2025-05-12,F10,Chicken Biryani,Indian,550
1826,2025-05-12,F15,Ice Cream,Dessert,250
1827,2025-06-09,F07,California Roll Sushi,Japanese,700
1827,2025-06-09,F15,Ice Cream,Dessert,250
1827,2025-06-09,F01,Beef Burger,Fast Food,450
1827,2025-06-09,F02,French Fries,Fast Food,200
1828,2025-06-11,F04,Chicken Wings,Fast Food,500
1828,2025-06-11,F02,French Fries,Fast Food,200
1828,2025-06-11,F03,Soda,Beverages,100
1828,2025-06-11,F15,Ice Cream,Dessert,250
1829,2025-01-06,F06,Garlic Bread,Italian,250
1830,2025-01-05,F10,Chicken Biryani,Indian,550
1830,2025-01-05,F11,Raita,Indian,100
1830,2025-01-05,F12,Naan Bread,Indian,80
1831,2025-03-11,F05,Margherita Pizza,Italian,900
1831,2025-03-11,F07,California Roll Sushi,Japanese,700
1831,2025-03-11,F06,Garlic Bread,Italian,250
1831,2025-03-11,F09,Green Tea,Beverages,100
1832,2025-01-07,F07,California Roll Sushi,Japanese,700
1832,2025-01-07,F08,Miso Soup,Japanese,150
1833,2025-03-18,F10,Chicken Biryani,Indian,550
1833,2025-03-18,F11,Raita,Indian,100
1833,2025-03-18,F12,Naan Bread,Indian,80
1833,2025-03-18,F02,French Fries,Fast Food,200
1834,2025-05-15,F14,Chocolate Cake,Dessert,300
1835,2025-01-11,F04,Chicken Wings,Fast Food,500
1835,2025-01-11,F02,French Fries,Fast Food,200
1835,2025-01-11,F03,Soda,Beverages,100
1836,2025-05-31,F04,Chicken Wings,Fast Food,500
1836,2025-05-31,F02,French Fries,Fast Food,200
1836,2025-05-31,F12,Naan Bread,Indian,80
1837,2025-01-16,F04,Chicken Wings,Fast Food,500
1837,2025-01-16,F02,French Fries,Fast Food,200
1837,2025-01-16,F03,Soda,Beverages,100
1838,2025-06-13,F10,Chicken Biryani,Indian,550
1838,2025-06-13,F11,Raita,Indian,100
1838,2025-06-13,F12,Naan Bread,Indian,80
1839,2025-06-03,F12,Naan Bread,Indian,80
1840,2025-05-05,F09,Green Tea,Beverages,100
1841,2025-04-14,F06,Garlic Bread,Italian,250
1841,2025-04-14,F09,Green Tea,Beverages,100
1841,2025-04-14,F14,Chocolate Cake,Dessert,300
1842,2025-06-25,F10,Chicken Biryani,Indian,550
1842,2025-06-25,F14,Chocolate Cake,Dessert,300
1842,2025-06-25,F11,Raita,Indian,100
1843,2025-03-08,F07,California Roll Sushi,Japanese,700
1843,2025-03-08,F08,Miso Soup,Japanese,150
1843,2025-03-08,F09,Green Tea,Beverages,100
1844,2025-05-01,F03,Soda,Beverages,100
1844,2025-05-01,F10,Chicken Biryani,Indian,550
1844,2025-05-01,F07,California Roll Sushi,Japanese,700
1844,2025-05-01,F12,Naan Bread,Indian,80
1845,2025-05-25,F14,Chocolate Cake,Dessert,300
1845,2025-05-25,F06,Garlic Bread,Italian,250
1845,2025-05-25,F03,Soda,Beverages,100
1846,2025-03-13,F05,Margherita Pizza,Italian,900
1847,2025-04-27,F03,Soda,Beverages,100
1848,2025-03-15,F08,Miso Soup,Japanese,150
1848,2025-03-15,F14,Chocolate Cake,Dessert,300
1849,2025-01-03,F01,Beef Burger,Fast Food,450
1849,2025-01-03,F02,French Fries,Fast Food,200
1849,2025-01-03,F03,Soda,Beverages,100
1850,2025-05-21,F10,Chicken Biryani,Indian,550
1851,2025-06-30,F02,French Fries,Fast Food,200
1851,2025-06-30,F07,California Roll Sushi,Japanese,700
1852,2025-01-22,F15,Ice Cream,Dessert,250
1852,2025-01-22,F11,Raita,Indian,100
1852,2025-01-22,F07,California Roll Sushi,Japanese,700
1853,2025-03-08,F03,Soda,Beverages,100
1854,2025-01-15,F04,Chicken Wings,Fast Food,500
1854,2025-01-15,F02,French Fries,Fast Food,200
1854,2025-01-15,F10,Chicken Biryani,Indian,550
1855,2025-05-28,F11,Raita,Indian,100
1855,2025-05-28,F08,Miso Soup,Japanese,150
1855,2025-05-28,F04,Chicken Wings,Fast Food,500
1856,2025-06-17,F07,California Roll Sushi,Japanese,700
1857,2025-05-31,F04,Chicken Wings,Fast Food,500
1857,2025-05-31,F02,French Fries,Fast Food,200
1857,2025-05-31,F03,Soda,Beverages,100
1858,2025-02-15,F05,Margherita Pizza,Italian,900
1858,2025-02-15,F06,Garlic Bread,Italian,250
1859,2025-04-23,F08,Miso Soup,Japanese,150
1859,2025-04-23,F14,Chocolate Cake,Dessert,300
1860,2025-03-22,F06,Garlic Bread,Italian,250
1860,2025-03-22,F15,Ice Cream,Dessert,250
1861,2025-02-13,F11,Raita,Indian,100
1862,2025-02-27,F07,California Roll Sushi,Japanese,700
1862,2025-02-27,F04,Chicken Wings,Fast Food,500
1863,2025-02-19,F09,Green Tea,Beverages,100
1863,2025-02-19,F02,French Fries,Fast Food,200
1863,2025-02-19,F10,Chicken Biryani,Indian,550
1864,2025-01-24,F07,California Roll Sushi,Japanese,700
1864,2025-01-24,F08,Miso Soup,Japanese,150
1864,2025-01-24,F15,Ice Cream,Dessert,250
1865,2025-03-18,F01,Beef Burger,Fast Food,450
1865,2025-03-18,F10,Chicken Biryani,Indian,550
1865,2025-03-18,F14,Chocolate Cake,Dessert,300
1866,2025-04-21,F02,French Fries,Fast Food,200
1866,2025-04-21,F14,Chocolate Cake,Dessert,300
1867,2025-03-31,F07,California Roll Sushi,Japanese,700
1867,2025-03-31,F08,Miso Soup,Japanese,150
1867,2025-03-31,F09,Green Tea,Beverages,100
1868,2025-04-03,F10,Chicken Biryani,Indian,550
1868,2025-04-03,F11,Raita,Indian,100
1868,2025-04-03,F12,Naan Bread,Indian,80
1869,2025-01-13,F09,Green Tea,Beverages,100
1869,2025-01-13,F04,Chicken Wings,Fast Food,500
1869,2025-01-13,F05,Margherita Pizza,Italian,900
1870,2025-03-30,F01,Beef Burger,Fast Food,450
1870,2025-03-30,F02,French Fries,Fast Food,200
1870,2025-03-30,F03,Soda,Beverages,100
1871,2025-03-29,F01,Beef Burger,Fast Food,450
1871,2025-03-29,F02,French Fries,Fast Food,200
1871,2025-03-29,F03,Soda,Beverages,100
1871,2025-03-29,F14,Chocolate Cake,Dessert,300
1872,2025-05-13,F04,Chicken Wings,Fast Food,500
1873,2025-05-06,F01,Beef Burger,Fast Food,450
1873,2025-05-06,F04,Chicken Wings,Fast Food,500
1873,2025-05-06,F12,Naan Bread,Indian,80
1873,2025-05-06,F03,Soda,Beverages,100
1874,2025-01-12,F05,Margherita Pizza,Italian,900
1874,2025-01-12,F06,Garlic Bread,Italian,250
1874,2025-01-12,F15,Ice Cream,Dessert,250
1875,2025-05-03,F01,Beef Burger,Fast Food,450
1875,2025-05-03,F02,French Fries,Fast Food,200
1875,2025-05-03,F03,Soda,Beverages,100
1876,2025-03-28,F10,Chicken Biryani,Indian,550
1876,2025-03-28,F11,Raita,Indian,100
1876,2025-03-28,F12,Naan Bread,Indian,80
1876,2025-03-28,F15,Ice Cream,Dessert,250
1877,2025-06-08,F10,Chicken Biryani,Indian,550
1877,2025-06-08,F03,Soda,Beverages,100
1878,2025-05-26,F14,Chocolate Cake,Dessert,300
1878,2025-05-26,F13,Chapati,Local,50
1878,2025-05-26,F02,French Fries,Fast Food,200
1878,2025-05-26,F10,Chicken Biryani,Indian,550
1879,2025-06-19,F03,Soda,Beverages,100
1879,2025-06-19,F11,Raita,Indian,100
1880,2025-02-09,F05,Margherita Pizza,Italian,900
1880,2025-02-09,F06,Garlic Bread,Italian,250
1880,2025-02-09,F03,Soda,Beverages,100
1881,2025-06-29,F04,Chicken Wings,Fast Food,500
1881,2025-06-29,F02,French Fries,Fast Food,200
1881,2025-06-29,F03,Soda,Beverages,100
1882,2025-03-23,F06,Garlic Bread,Italian,250
1883,2025-02-01,F05,Margherita Pizza,Italian,900
1883,2025-02-01,F06,Garlic Bread,Italian,250
1883,2025-02-01,F03,Soda,Beverages,100
1884,2025-06-18,F04,Chicken Wings,Fast Food,500
1884,2025-06-18,F02,French Fries,Fast Food,200
1884,2025-06-18,F03,Soda,Beverages,100
1884,2025-06-18,F07,California Roll Sushi,Japanese,700
1885,2025-01-20,F11,Raita,Indian,100
1885,2025-01-20,F04,Chicken Wings,Fast Food,500
1885,2025-01-20,F07,California Roll Sushi,Japanese,700
1886,2025-04-07,F15,Ice Cream,Dessert,250
1887,2025-03-25,F07,California Roll Sushi,Japanese,700
1887,2025-03-25,F08,Miso Soup,Japanese,150
1887,2025-03-25,F15,Ice Cream,Dessert,250
1888,2025-04-05,F08,Miso Soup,Japanese,150
1888,2025-04-05,F15,Ice Cream,Dessert,250
1889,2025-02-07,F07,California Roll Sushi,Japanese,700
1889,2025-02-07,F08,Miso Soup,Japanese,150
1889,2025-02-07,F09,Green Tea,Beverages,100
1890,2025-04-29,F08,Miso Soup,Japanese,150
1890,2025-04-29,F04,Chicken Wings,Fast Food,500
1890,2025-04-29,F03,Soda,Beverages,100
1890,2025-04-29,F10,Chicken Biryani,Indian,550
1891,2025-01-08,F07,California Roll Sushi,Japanese,700
1891,2025-01-08,F08,Miso Soup,Japanese,150
1891,2025-01-08,F14,Chocolate Cake,Dessert,300
1892,2025-03-25,F04,Chicken Wings,Fast Food,500
1892,2025-03-25,F13,Chapati,Local,50
1893,2025-06-08,F11,Raita,Indian,100
1893,2025-06-08,F12,Naan Bread,Indian,80
1893,2025-06-08,F10,Chicken Biryani,Indian,550
1893,2025-06-08,F01,Beef Burger,Fast Food,450
1894,2025-05-04,F03,Soda,Beverages,100
1894,2025-05-04,F11,Raita,Indian,100
1894,2025-05-04,F12,Naan Bread,Indian,80
1894,2025-05-04,F07,California Roll Sushi,Japanese,700
1895,2025-06-16,F14,Chocolate Cake,Dessert,300
1895,2025-06-16,F09,Green Tea,Beverages,100
1895,2025-06-16,F15,Ice Cream,Dessert,250
1896,2025-04-05,F10,Chicken Biryani,Indian,550
1896,2025-04-05,F11,Raita,Indian,100
1896,2025-04-05,F12,Naan Bread,Indian,80
1897,2025-03-26,F07,California Roll Sushi,Japanese,700
1897,2025-03-26,F08,Miso Soup,Japanese,150
1897,2025-03-26,F09,Green Tea,Beverages,100
1898,2025-05-14,F07,California Roll Sushi,Japanese,700
1898,2025-05-14,F05,Margherita Pizza,Italian,900
1899,2025-02-03,F04,Chicken Wings,Fast Food,500
1899,2025-02-03,F02,French Fries,Fast Food,200
1900,2025-05-04,F01,Beef Burger,Fast Food,450
1900,2025-05-04,F02,French Fries,Fast Food,200
1901,2025-04-08,F04,Chicken Wings,Fast Food,500
1901,2025-04-08,F02,French Fries,Fast Food,200
1902,2025-03-24,F14,Chocolate Cake,Dessert,300
1902,2025-03-24,F10,Chicken Biryani,Indian,550
1902,2025-03-24,F01,Beef Burger,Fast Food,450
1903,2025-03-24,F10,Chicken Biryani,Indian,550
1903,2025-03-24,F01,Beef Burger,Fast Food,450
1903,2025-03-24,F04,Chicken Wings,Fast Food,500
1903,2025-03-24,F11,Raita,Indian,100
1903,2025-03-24,F14,Chocolate Cake,Dessert,300
1904,2025-01-10,F01,Beef Burger,Fast Food,450
1905,2025-02-02,F07,California Roll Sushi,Japanese,700
1905,2025-02-02,F08,Miso Soup,Japanese,150
1906,2025-01-31,F15,Ice Cream,Dessert,250
1907,2025-02-06,F09,Green Tea,Beverages,100
1907,2025-02-06,F15,Ice Cream,Dessert,250
1907,2025-02-06,F11,Raita,Indian,100
1907,2025-02-06,F06,Garlic Bread,Italian,250
1908,2025-04-07,F04,Chicken Wings,Fast Food,500
1908,2025-04-07,F02,French Fries,Fast Food,200
1908,2025-04-07,F03,Soda,Beverages,100
1909,2025-01-12,F09,Green Tea,Beverages,100
1909,2025-01-12,F06,Garlic Bread,Italian,250
1909,2025-01-12,F10,Chicken Biryani,Indian,550
1910,2025-06-15,F15,Ice Cream,Dessert,250
1911,2025-05-15,F04,Chicken Wings,Fast Food,500
1911,2025-05-15,F02,French Fries,Fast Food,200
1912,2025-02-04,F05,Margherita Pizza,Italian,900
1913,2025-02-25,F10,Chicken Biryani,Indian,550
1913,2025-02-25,F11,Raita,Indian,100
1913,2025-02-25,F12,Naan Bread,Indian,80
1913,2025-02-25,F15,Ice Cream,Dessert,250
1914,2025-05-04,F04,Chicken Wings,Fast Food,500
1914,2025-05-04,F02,French Fries,Fast Food,200
1914,2025-05-04,F14,Chocolate Cake,Dessert,300
1915,2025-04-20,F05,Margherita Pizza,Italian,900
1916,2025-04-18,F06,Garlic Bread,Italian,250
1917,2025-04-09,F02,French Fries,Fast Food,200
1917,2025-04-09,F10,Chicken Biryani,Indian,550
1918,2025-04-06,F04,Chicken Wings,Fast Food,500
1918,2025-04-06,F06,Garlic Bread,Italian,250
1918,2025-04-06,F15,Ice Cream,Dessert,250
1919,2025-01-06,F15,Ice Cream,Dessert,250
1920,2025-01-23,F02,French Fries,Fast Food,200
1920,2025-01-23,F10,Chicken Biryani,Indian,550
1920,2025-01-23,F04,Chicken Wings,Fast Food,500
1920,2025-01-23,F08,Miso Soup,Japanese,150
1921,2025-04-30,F05,Margherita Pizza,Italian,900
1921,2025-04-30,F12,Naan Bread,Indian,80
1921,2025-04-30,F10,Chicken Biryani,Indian,550
1922,2025-01-28,F01,Beef Burger,Fast Food,450
1922,2025-01-28,F08,Miso Soup,Japanese,150
1923,2025-02-16,F12,Naan Bread,Indian,80
1923,2025-02-16,F10,Chicken Biryani,Indian,550
1924,2025-04-23,F07,California Roll Sushi,Japanese,700
1924,2025-04-23,F08,Miso Soup,Japanese,150
1925,2025-03-01,F01,Beef Burger,Fast Food,450
1925,2025-03-01,F02,French Fries,Fast Food,200
1926,2025-06-23,F04,Chicken Wings,Fast Food,500
1926,2025-06-23,F02,French Fries,Fast Food,200
1927,2025-03-17,F06,Garlic Bread,Italian,250
1927,2025-03-17,F12,Naan Bread,Indian,80
1927,2025-03-17,F13,Chapati,Local,50
1927,2025-03-17,F15,Ice Cream,Dessert,250
1928,2025-06-20,F01,Beef Burger,Fast Food,450
1928,2025-06-20,F02,French Fries,Fast Food,200
1928,2025-06-20,F14,Chocolate Cake,Dessert,300
1929,2025-05-01,F07,California Roll Sushi,Japanese,700
1929,2025-05-01,F08,Miso Soup,Japanese,150
1929,2025-05-01,F15,Ice Cream,Dessert,250
1930,2025-03-29,F01,Beef Burger,Fast Food,450
1930,2025-03-29,F02,French Fries,Fast Food,200
1930,2025-03-29,F14,Chocolate Cake,Dessert,300
1931,2025-01-07,F07,California Roll Sushi,Japanese,700
1931,2025-01-07,F08,Miso Soup,Japanese,150
1931,2025-01-07,F09,Green Tea,Beverages,100
1932,2025-06-11,F03,Soda,Beverages,100
1933,2025-01-21,F07,California Roll Sushi,Japanese,700
1933,2025-01-21,F08,Miso Soup,Japanese,150
1934,2025-05-31,F02,French Fries,Fast Food,200
1935,2025-06-15,F10,Chicken Biryani,Indian,550
1935,2025-06-15,F11,Raita,Indian,100
1935,2025-06-15,F12,Naan Bread,Indian,80
1935,2025-06-15,F14,Chocolate Cake,Dessert,300
1936,2025-02-26,F04,Chicken Wings,Fast Food,500
1936,2025-02-26,F02,French Fries,Fast Food,200
1937,2025-03-22,F02,French Fries,Fast Food,200
1937,2025-03-22,F09,Green Tea,Beverages,100
1937,2025-03-22,F07,California Roll Sushi,Japanese,700
1938,2025-03-16,F01,Beef Burger,Fast Food,450
1938,2025-03-16,F02,French Fries,Fast Food,200
1939,2025-03-05,F06,Garlic Bread,Italian,250
1940,2025-05-05,F01,Beef Burger,Fast Food,450
1940,2025-05-05,F09,Green Tea,Beverages,100
1940,2025-05-05,F02,French Fries,Fast Food,200
1941,2025-02-25,F04,Chicken Wings,Fast Food,500
1941,2025-02-25,F02,French Fries,Fast Food,200
1941,2025-02-25,F14,Chocolate Cake,Dessert,300
1942,2025-06-15,F07,California Roll Sushi,Japanese,700
1942,2025-06-15,F08,Miso Soup,Japanese,150
1943,2025-05-27,F04,Chicken Wings,Fast Food,500
1943,2025-05-27,F02,French Fries,Fast Food,200
1943,2025-05-27,F03,Soda,Beverages,100
1944,2025-06-27,F01,Beef Burger,Fast Food,450
1944,2025-06-27,F02,French Fries,Fast Food,200
1945,2025-02-14,F10,Chicken Biryani,Indian,550
1945,2025-02-14,F11,Raita,Indian,100
1945,2025-02-14,F12,Naan Bread,Indian,80
1945,2025-02-14,F01,Beef Burger,Fast Food,450
1946,2025-02-09,F05,Margherita Pizza,Italian,900
1946,2025-02-09,F06,Garlic Bread,Italian,250
1947,2025-02-01,F01,Beef Burger,Fast Food,450
1947,2025-02-01,F02,French Fries,Fast Food,200
1948,2025-04-27,F01,Beef Burger,Fast Food,450
1948,2025-04-27,F02,French Fries,Fast Food,200
1948,2025-04-27,F15,Ice Cream,Dessert,250
1949,2025-05-15,F04,Chicken Wings,Fast Food,500
1949,2025-05-15,F14,Chocolate Cake,Dessert,300
1949,2025-05-15,F12,Naan Bread,Indian,80
1950,2025-01-14,F10,Chicken Biryani,Indian,550
1950,2025-01-14,F11,Raita,Indian,100
1950,2025-01-14,F12,Naan Bread,Indian,80
1951,2025-06-11,F12,Naan Bread,Indian,80
1951,2025-06-11,F05,Margherita Pizza,Italian,900
1951,2025-06-11,F02,French Fries,Fast Food,200
1952,2025-03-12,F10,Chicken Biryani,Indian,550
1952,2025-03-12,F14,Chocolate Cake,Dessert,300
1953,2025-03-08,F11,Raita,Indian,100
1954,2025-04-11,F10,Chicken Biryani,Indian,550
1954,2025-04-11,F11,Raita,Indian,100
1954,2025-04-11,F12,Naan Bread,Indian,80
1955,2025-02-23,F01,Beef Burger,Fast Food,450
1955,2025-02-23,F09,Green Tea,Beverages,100
1956,2025-05-07,F12,Naan Bread,Indian,80
1957,2025-02-20,F07,California Roll Sushi,Japanese,700
1957,2025-02-20,F08,Miso Soup,Japanese,150
1958,2025-05-14,F10,Chicken Biryani,Indian,550
1959,2025-02-20,F07,California Roll Sushi,Japanese,700
1959,2025-02-20,F08,Miso Soup,Japanese,150
1959,2025-02-20,F14,Chocolate Cake,Dessert,300
1960,2025-06-17,F15,Ice Cream,Dessert,250
1960,2025-06-17,F08,Miso Soup,Japanese,150
1960,2025-06-17,F07,California Roll Sushi,Japanese,700
1961,2025-04-01,F01,Beef Burger,Fast Food,450
1961,2025-04-01,F02,French Fries,Fast Food,200
1961,2025-04-01,F03,Soda,Beverages,100
1961,2025-04-01,F15,Ice Cream,Dessert,250
1962,2025-02-13,F07,California Roll Sushi,Japanese,700
1962,2025-02-13,F08,Miso Soup,Japanese,150
1962,2025-02-13,F09,Green Tea,Beverages,100
1963,2025-01-02,F02,French Fries,Fast Food,200
1964,2025-04-01,F04,Chicken Wings,Fast Food,500
1964,2025-04-01,F02,French Fries,Fast Food,200
1965,2025-05-09,F07,California Roll Sushi,Japanese,700
1965,2025-05-09,F08,Miso Soup,Japanese,150
1966,2025-01-28,F06,Garlic Bread,Italian,250
1967,2025-02-01,F05,Margherita Pizza,Italian,900
1967,2025-02-01,F03,Soda,Beverages,100
1967,2025-02-01,F01,Beef Burger,Fast Food,450
1968,2025-03-22,F05,Margherita Pizza,Italian,900
1968,2025-03-22,F11,Raita,Indian,100
1968,2025-03-22,F15,Ice Cream,Dessert,250
1968,2025-03-22,F10,Chicken Biryani,Indian,550
1969,2025-05-23,F10,Chicken Biryani,Indian,550
1969,2025-05-23,F11,Raita,Indian,100
1969,2025-05-23,F12,Naan Bread,Indian,80
1969,2025-05-23,F15,Ice Cream,Dessert,250
1970,2025-03-29,F10,Chicken Biryani,Indian,550
1970,2025-03-29,F11,Raita,Indian,100
1970,2025-03-29,F12,Naan Bread,Indian,80
1970,2025-03-29,F15,Ice Cream,Dessert,250
1971,2025-06-05,F07,California Roll Sushi,Japanese,700
1971,2025-06-05,F08,Miso Soup,Japanese,150
1971,2025-06-05,F09,Green Tea,Beverages,100
1972,2025-03-01,F01,Beef Burger,Fast Food,450
1972,2025-03-01,F02,French Fries,Fast Food,200
1972,2025-03-01,F04,Chicken Wings,Fast Food,500
1973,2025-04-28,F04,Chicken Wings,Fast Food,500
1973,2025-04-28,F05,Margherita Pizza,Italian,900
1974,2025-06-30,F01,Beef Burger,Fast Food,450
1974,2025-06-30,F02,French Fries,Fast Food,200
1974,2025-06-30,F03,Soda,Beverages,100
1975,2025-04-04,F12,Naan Bread,Indian,80
1975,2025-04-04,F07,California Roll Sushi,Japanese,700
1975,2025-04-04,F15,Ice Cream,Dessert,250
1976,2025-04-22,F13,Chapati,Local,50
1976,2025-04-22,F09,Green Tea,Beverages,100
1976,2025-04-22,F12,Naan Bread,Indian,80
1977,2025-03-18,F10,Chicken Biryani,Indian,550
1977,2025-03-18,F11,Raita,Indian,100
1977,2025-03-18,F12,Naan Bread,Indian,80
1978,2025-03-03,F05,Margherita Pizza,Italian,900
1978,2025-03-03,F06,Garlic Bread,Italian,250
1979,2025-01-10,F01,Beef Burger,Fast Food,450
1979,2025-01-10,F02,French Fries,Fast Food,200
1979,2025-01-10,F03,Soda,Beverages,100
1980,2025-04-10,F10,Chicken Biryani,Indian,550
1980,2025-04-10,F01,Beef Burger,Fast Food,450
1980,2025-04-10,F02,French Fries,Fast Food,200
1980,2025-04-10,F12,Naan Bread,Indian,80
1981,2025-02-03,F04,Chicken Wings,Fast Food,500
1981,2025-02-03,F02,French Fries,Fast Food,200
1982,2025-05-10,F08,Miso Soup,Japanese,150
1982,2025-05-10,F04,Chicken Wings,Fast Food,500
1982,2025-05-10,F05,Margherita Pizza,Italian,900
1983,2025-04-05,F03,Soda,Beverages,100
1983,2025-04-05,F07,California Roll Sushi,Japanese,700
1984,2025-02-02,F10,Chicken Biryani,Indian,550
1985,2025-01-23,F05,Margherita Pizza,Italian,900
1985,2025-01-23,F06,Garlic Bread,Italian,250
1986,2025-04-30,F04,Chicken Wings,Fast Food,500
1986,2025-04-30,F02,French Fries,Fast Food,200
1986,2025-04-30,F03,Soda,Beverages,100
1987,2025-02-13,F05,Margherita Pizza,Italian,900
1987,2025-02-13,F10,Chicken Biryani,Indian,550
1988,2025-04-25,F12,Naan Bread,Indian,80
1988,2025-04-25,F08,Miso Soup,Japanese,150
1988,2025-04-25,F06,Garlic Bread,Italian,250
1988,2025-04-25,F13,Chapati,Local,50
1989,2025-05-08,F07,California Roll Sushi,Japanese,700
1989,2025-05-08,F08,Miso Soup,Japanese,150
1989,2025-05-08,F03,Soda,Beverages,100
1990,2025-04-02,F10,Chicken Biryani,Indian,550
1990,2025-04-02,F11,Raita,Indian,100
1990,2025-04-02,F12,Naan Bread,Indian,80
1990,2025-04-02,F05,Margherita Pizza,Italian,900
1991,2025-06-21,F07,California Roll Sushi,Japanese,700
1991,2025-06-21,F08,Miso Soup,Japanese,150
1992,2025-02-05,F08,Miso Soup,Japanese,150
1993,2025-04-13,F08,Miso Soup,Japanese,150
1994,2025-05-11,F08,Miso Soup,Japanese,150
1994,2025-05-11,F02,French Fries,Fast Food,200
1995,2025-05-12,F04,Chicken Wings,Fast Food,500
1995,2025-05-12,F02,French Fries,Fast Food,200
1996,2025-02-20,F06,Garlic Bread,Italian,250
1996,2025-02-20,F11,Raita,Indian,100
1996,2025-02-20,F13,Chapati,Local,50
1997,2025-01-11,F01,Beef Burger,Fast Food,450
1997,2025-01-11,F02,French Fries,Fast Food,200
1998,2025-05-20,F13,Chapati,Local,50
1998,2025-05-20,F06,Garlic Bread,Italian,250
1998,2025-05-20,F02,French Fries,Fast Food,200
1998,2025-05-20,F12,Naan Bread,Indian,80
1998,2025-05-20,F15,Ice Cream,Dessert,250
1999,2025-01-08,F07,California Roll Sushi,Japanese,700
1999,2025-01-08,F08,Miso Soup,Japanese,150
2000,2025-01-01,F05,Margherita Pizza,Italian,900
2000,2025-01-01,F06,Garlic Bread,Italian,250
2001,2025-06-18,F10,Chicken Biryani,Indian,550
2001,2025-06-18,F11,Raita,Indian,100
2001,2025-06-18,F12,Naan Bread,Indian,80
2002,2025-05-11,F09,Green Tea,Beverages,100
2002,2025-05-11,F10,Chicken Biryani,Indian,550
2002,2025-05-11,F02,French Fries,Fast Food,200
2003,2025-02-18,F14,Chocolate Cake,Dessert,300
2003,2025-02-18,F01,Beef Burger,Fast Food,450
2004,2025-01-23,F10,Chicken Biryani,Indian,550
2004,2025-01-23,F11,Raita,Indian,100
2004,2025-01-23,F12,Naan Bread,Indian,80
2005,2025-04-20,F01,Beef Burger,Fast Food,450
2005,2025-04-20,F15,Ice Cream,Dessert,250
2006,2025-02-09,F04,Chicken Wings,Fast Food,500
2006,2025-02-09,F02,French Fries,Fast Food,200
2006,2025-02-09,F03,Soda,Beverages,100
2006,2025-02-09,F15,Ice Cream,Dessert,250
2007,2025-06-29,F04,Chicken Wings,Fast Food,500
2007,2025-06-29,F02,French Fries,Fast Food,200
2007,2025-06-29,F03,Soda,Beverages,100
2008,2025-06-02,F04,Chicken Wings,Fast Food,500
2008,2025-06-02,F02,French Fries,Fast Food,200
2009,2025-05-19,F01,Beef Burger,Fast Food,450
2009,2025-05-19,F02,French Fries,Fast Food,200
2010,2025-04-21,F01,Beef Burger,Fast Food,450
2010,2025-04-21,F02,French Fries,Fast Food,200
2010,2025-04-21,F03,Soda,Beverages,100
2010,2025-04-21,F14,Chocolate Cake,Dessert,300
2011,2025-05-14,F14,Chocolate Cake,Dessert,300
2011,2025-05-14,F12,Naan Bread,Indian,80
2011,2025-05-14,F04,Chicken Wings,Fast Food,500
2012,2025-01-03,F14,Chocolate Cake,Dessert,300
2012,2025-01-03,F05,Margherita Pizza,Italian,900
2012,2025-01-03,F03,Soda,Beverages,100
2012,2025-01-03,F13,Chapati,Local,50
2012,2025-01-03,F15,Ice Cream,Dessert,250
2013,2025-04-01,F04,Chicken Wings,Fast Food,500
2013,2025-04-01,F02,French Fries,Fast Food,200
2014,2025-03-02,F11,Raita,Indian,100
2015,2025-02-26,F03,Soda,Beverages,100
2015,2025-02-26,F15,Ice Cream,Dessert,250
2015,2025-02-26,F11,Raita,Indian,100
2016,2025-01-14,F01,Beef Burger,Fast Food,450
2016,2025-01-14,F02,French Fries,Fast Food,200
2017,2025-04-01,F10,Chicken Biryani,Indian,550
2017,2025-04-01,F11,Raita,Indian,100
2017,2025-04-01,F12,Naan Bread,Indian,80
2018,2025-01-21,F02,French Fries,Fast Food,200
2019,2025-04-26,F08,Miso Soup,Japanese,150
2020,2025-06-24,F01,Beef Burger,Fast Food,450
2020,2025-06-24,F02,French Fries,Fast Food,200
2021,2025-02-27,F10,Chicken Biryani,Indian,550
2021,2025-02-27,F11,Raita,Indian,100
2021,2025-02-27,F12,Naan Bread,Indian,80
2022,2025-05-26,F12,Naan Bread,Indian,80
2022,2025-05-26,F02,French Fries,Fast Food,200
2022,2025-05-26,F09,Green Tea,Beverages,100
2023,2025-05-12,F08,Miso Soup,Japanese,150
2023,2025-05-12,F04,Chicken Wings,Fast Food,500
2023,2025-05-12,F09,Green Tea,Beverages,100
2024,2025-06-24,F02,French Fries,Fast Food,200
2024,2025-06-24,F05,Margherita Pizza,Italian,900
2025,2025-06-25,F01,Beef Burger,Fast Food,450
2025,2025-06-25,F02,French Fries,Fast Food,200
2025,2025-06-25,F03,Soda,Beverages,100
2026,2025-05-08,F01,Beef Burger,Fast Food,450
2026,2025-05-08,F02,French Fries,Fast Food,200
2027,2025-05-27,F07,California Roll Sushi,Japanese,700
2027,2025-05-27,F14,Chocolate Cake,Dessert,300
2027,2025-05-27,F11,Raita,Indian,100
2028,2025-05-25,F07,California Roll Sushi,Japanese,700
2028,2025-05-25,F08,Miso Soup,Japanese,150
2028,2025-05-25,F15,Ice Cream,Dessert,250
2029,2025-02-21,F01,Beef Burger,Fast Food,450
2029,2025-02-21,F14,Chocolate Cake,Dessert,300
2030,2025-01-18,F10,Chicken Biryani,Indian,550
2030,2025-01-18,F11,Raita,Indian,100
2030,2025-01-18,F12,Naan Bread,Indian,80
2030,2025-01-18,F14,Chocolate Cake,Dessert,300
2031,2025-05-31,F03,Soda,Beverages,100
2032,2025-01-06,F04,Chicken Wings,Fast Food,500
2032,2025-01-06,F02,French Fries,Fast Food,200
2032,2025-01-06,F03,Soda,Beverages,100
2033,2025-02-16,F07,California Roll Sushi,Japanese,700
2033,2025-02-16,F08,Miso Soup,Japanese,150
2033,2025-02-16,F15,Ice Cream,Dessert,250
2034,2025-06-10,F07,California Roll Sushi,Japanese,700
2034,2025-06-10,F08,Miso Soup,Japanese,150
2034,2025-06-10,F03,Soda,Beverages,100
2035,2025-05-21,F10,Chicken Biryani,Indian,550
2035,2025-05-21,F04,Chicken Wings,Fast Food,500
2035,2025-05-21,F01,Beef Burger,Fast Food,450
2036,2025-01-14,F05,Margherita Pizza,Italian,900
2036,2025-01-14,F06,Garlic Bread,Italian,250
2037,2025-03-06,F11,Raita,Indian,100
2037,2025-03-06,F03,Soda,Beverages,100
2038,2025-04-03,F05,Margherita Pizza,Italian,900
2038,2025-04-03,F06,Garlic Bread,Italian,250
2038,2025-04-03,F03,Soda,Beverages,100
2038,2025-04-03,F04,Chicken Wings,Fast Food,500
2039,2025-01-15,F07,California Roll Sushi,Japanese,700
2039,2025-01-15,F08,Miso Soup,Japanese,150
2040,2025-03-09,F13,Chapati,Local,50
2041,2025-06-01,F04,Chicken Wings,Fast Food,500
2041,2025-06-01,F02,French Fries,Fast Food,200
2041,2025-06-01,F03,Soda,Beverages,100
2042,2025-02-11,F13,Chapati,Local,50
2042,2025-02-11,F04,Chicken Wings,Fast Food,500
2042,2025-02-11,F15,Ice Cream,Dessert,250
2043,2025-03-10,F10,Chicken Biryani,Indian,550
2043,2025-03-10,F11,Raita,Indian,100
2043,2025-03-10,F12,Naan Bread,Indian,80
2044,2025-03-05,F10,Chicken Biryani,Indian,550
2044,2025-03-05,F11,Raita,Indian,100
2044,2025-03-05,F12,Naan Bread,Indian,80
2044,2025-03-05,F15,Ice Cream,Dessert,250
2045,2025-05-19,F05,Margherita Pizza,Italian,900
2045,2025-05-19,F06,Garlic Bread,Italian,250
2045,2025-05-19,F15,Ice Cream,Dessert,250
2046,2025-05-08,F12,Naan Bread,Indian,80
2046,2025-05-08,F07,California Roll Sushi,Japanese,700
2046,2025-05-08,F02,French Fries,Fast Food,200
2046,2025-05-08,F09,Green Tea,Beverages,100
2047,2025-02-18,F07,California Roll Sushi,Japanese,700
2047,2025-02-18,F08,Miso Soup,Japanese,150
2048,2025-06-01,F04,Chicken Wings,Fast Food,500
2048,2025-06-01,F02,French Fries,Fast Food,200
2048,2025-06-01,F14,Chocolate Cake,Dessert,300
2049,2025-04-16,F01,Beef Burger,Fast Food,450
2049,2025-04-16,F02,French Fries,Fast Food,200
2050,2025-03-30,F07,California Roll Sushi,Japanese,700
2050,2025-03-30,F08,Miso Soup,Japanese,150
2050,2025-03-30,F09,Green Tea,Beverages,100
2051,2025-04-26,F07,California Roll Sushi,Japanese,700
2051,2025-04-26,F08,Miso Soup,Japanese,150
2051,2025-04-26,F09,Green Tea,Beverages,100
2051,2025-04-26,F13,Chapati,Local,50
2051,2025-04-26,F15,Ice Cream,Dessert,250
2052,2025-01-26,F07,California Roll Sushi,Japanese,700
2052,2025-01-26,F08,Miso Soup,Japanese,150
2052,2025-01-26,F09,Green Tea,Beverages,100
2052,2025-01-26,F14,Chocolate Cake,Dessert,300
2053,2025-06-06,F10,Chicken Biryani,Indian,550
2053,2025-06-06,F09,Green Tea,Beverages,100
2054,2025-02-14,F07,California Roll Sushi,Japanese,700
2054,2025-02-14,F08,Miso Soup,Japanese,150
2054,2025-02-14,F09,Green Tea,Beverages,100
2054,2025-02-14,F03,Soda,Beverages,100
2055,2025-04-30,F14,Chocolate Cake,Dessert,300
2055,2025-04-30,F01,Beef Burger,Fast Food,450
2055,2025-04-30,F03,Soda,Beverages,100
2055,2025-04-30,F13,Chapati,Local,50
2056,2025-06-16,F01,Beef Burger,Fast Food,450
2056,2025-06-16,F02,French Fries,Fast Food,200
2056,2025-06-16,F03,Soda,Beverages,100
2056,2025-06-16,F09,Green Tea,Beverages,100
2057,2025-05-31,F10,Chicken Biryani,Indian,550
2057,2025-05-31,F11,Raita,Indian,100
2057,2025-05-31,F12,Naan Bread,Indian,80
2057,2025-05-31,F14,Chocolate Cake,Dessert,300
2058,2025-05-27,F01,Beef Burger,Fast Food,450
2059,2025-04-30,F13,Chapati,Local,50
2059,2025-04-30,F15,Ice Cream,Dessert,250
2060,2025-04-02,F01,Beef Burger,Fast Food,450
2060,2025-04-02,F02,French Fries,Fast Food,200
2060,2025-04-02,F03,Soda,Beverages,100
2061,2025-02-08,F10,Chicken Biryani,Indian,550
2061,2025-02-08,F11,Raita,Indian,100
2061,2025-02-08,F12,Naan Bread,Indian,80
2062,2025-06-11,F13,Chapati,Local,50
2063,2025-04-30,F11,Raita,Indian,100
2064,2025-02-22,F08,Miso Soup,Japanese,150
2065,2025-02-18,F04,Chicken Wings,Fast Food,500
2065,2025-02-18,F02,French Fries,Fast Food,200
2065,2025-02-18,F15,Ice Cream,Dessert,250
2066,2025-02-16,F07,California Roll Sushi,Japanese,700
2067,2025-01-10,F01,Beef Burger,Fast Food,450
2067,2025-01-10,F14,Chocolate Cake,Dessert,300
2067,2025-01-10,F02,French Fries,Fast Food,200
2068,2025-01-20,F01,Beef Burger,Fast Food,450
2068,2025-01-20,F02,French Fries,Fast Food,200
2068,2025-01-20,F13,Chapati,Local,50
2068,2025-01-20,F15,Ice Cream,Dessert,250
2069,2025-04-06,F04,Chicken Wings,Fast Food,500
2069,2025-04-06,F02,French Fries,Fast Food,200
2070,2025-05-16,F10,Chicken Biryani,Indian,550
2070,2025-05-16,F08,Miso Soup,Japanese,150
2070,2025-05-16,F01,Beef Burger,Fast Food,450
2070,2025-05-16,F05,Margherita Pizza,Italian,900
2071,2025-05-21,F07,California Roll Sushi,Japanese,700
2071,2025-05-21,F08,Miso Soup,Japanese,150
2072,2025-03-24,F07,California Roll Sushi,Japanese,700
2072,2025-03-24,F14,Chocolate Cake,Dessert,300
2072,2025-03-24,F08,Miso Soup,Japanese,150
2072,2025-03-24,F06,Garlic Bread,Italian,250
2073,2025-01-04,F06,Garlic Bread,Italian,250
2074,2025-03-06,F05,Margherita Pizza,Italian,900
2075,2025-05-02,F07,California Roll Sushi,Japanese,700
2075,2025-05-02,F08,Miso Soup,Japanese,150
2075,2025-05-02,F09,Green Tea,Beverages,100
2076,2025-03-28,F11,Raita,Indian,100
2076,2025-03-28,F13,Chapati,Local,50
2077,2025-04-28,F02,French Fries,Fast Food,200
2077,2025-04-28,F03,Soda,Beverages,100
2077,2025-04-28,F01,Beef Burger,Fast Food,450
2077,2025-04-28,F05,Margherita Pizza,Italian,900
2078,2025-02-03,F12,Naan Bread,Indian,80
2078,2025-02-03,F07,California Roll Sushi,Japanese,700
2078,2025-02-03,F14,Chocolate Cake,Dessert,300
2079,2025-02-15,F01,Beef Burger,Fast Food,450
2079,2025-02-15,F02,French Fries,Fast Food,200
2079,2025-02-15,F03,Soda,Beverages,100
2080,2025-03-18,F01,Beef Burger,Fast Food,450
2080,2025-03-18,F02,French Fries,Fast Food,200
2081,2025-05-16,F03,Soda,Beverages,100
2082,2025-06-28,F01,Beef Burger,Fast Food,450
2082,2025-06-28,F15,Ice Cream,Dessert,250
2082,2025-06-28,F05,Margherita Pizza,Italian,900
2083,2025-06-17,F05,Margherita Pizza,Italian,900
2083,2025-06-17,F06,Garlic Bread,Italian,250
2084,2025-04-10,F09,Green Tea,Beverages,100
2084,2025-04-10,F10,Chicken Biryani,Indian,550
2084,2025-04-10,F01,Beef Burger,Fast Food,450
2085,2025-01-15,F13,Chapati,Local,50
2085,2025-01-15,F08,Miso Soup,Japanese,150
2086,2025-05-14,F02,French Fries,Fast Food,200
2087,2025-02-23,F04,Chicken Wings,Fast Food,500
2087,2025-02-23,F02,French Fries,Fast Food,200
2087,2025-02-23,F09,Green Tea,Beverages,100
2088,2025-02-18,F02,French Fries,Fast Food,200
2088,2025-02-18,F15,Ice Cream,Dessert,250
2089,2025-05-29,F07,California Roll Sushi,Japanese,700
2089,2025-05-29,F08,Miso Soup,Japanese,150
2090,2025-01-16,F04,Chicken Wings,Fast Food,500
2090,2025-01-16,F02,French Fries,Fast Food,200
2090,2025-01-16,F03,Soda,Beverages,100
2091,2025-06-26,F01,Beef Burger,Fast Food,450
2091,2025-06-26,F02,French Fries,Fast Food,200
2091,2025-06-26,F03,Soda,Beverages,100
2092,2025-02-05,F08,Miso Soup,Japanese,150
2093,2025-04-19,F04,Chicken Wings,Fast Food,500
2094,2025-06-02,F07,California Roll Sushi,Japanese,700
2094,2025-06-02,F08,Miso Soup,Japanese,150
2095,2025-06-16,F02,French Fries,Fast Food,200
2095,2025-06-16,F08,Miso Soup,Japanese,150
2095,2025-06-16,F15,Ice Cream,Dessert,250
2096,2025-06-07,F09,Green Tea,Beverages,100
2097,2025-01-10,F02,French Fries,Fast Food,200
2097,2025-01-10,F12,Naan Bread,Indian,80
2097,2025-01-10,F05,Margherita Pizza,Italian,900
2097,2025-01-10,F14,Chocolate Cake,Dessert,300
2098,2025-04-22,F04,Chicken Wings,Fast Food,500
2098,2025-04-22,F02,French Fries,Fast Food,200
2099,2025-01-21,F07,California Roll Sushi,Japanese,700
2099,2025-01-21,F08,Miso Soup,Japanese,150
2100,2025-06-17,F10,Chicken Biryani,Indian,550
2100,2025-06-17,F11,Raita,Indian,100
2100,2025-06-17,F12,Naan Bread,Indian,80
2101,2025-03-26,F13,Chapati,Local,50
2101,2025-03-26,F06,Garlic Bread,Italian,250
2101,2025-03-26,F10,Chicken Biryani,Indian,550
2101,2025-03-26,F04,Chicken Wings,Fast Food,500
2102,2025-06-24,F06,Garlic Bread,Italian,250
2103,2025-02-26,F05,Margherita Pizza,Italian,900
2103,2025-02-26,F06,Garlic Bread,Italian,250
2103,2025-02-26,F03,Soda,Beverages,100
2103,2025-02-26,F15,Ice Cream,Dessert,250
2104,2025-05-10,F10,Chicken Biryani,Indian,550
2104,2025-05-10,F11,Raita,Indian,100
2104,2025-05-10,F12,Naan Bread,Indian,80
2105,2025-03-03,F05,Margherita Pizza,Italian,900
2105,2025-03-03,F11,Raita,Indian,100
2105,2025-03-03,F08,Miso Soup,Japanese,150
2106,2025-03-29,F07,California Roll Sushi,Japanese,700
2106,2025-03-29,F01,Beef Burger,Fast Food,450
2107,2025-06-02,F09,Green Tea,Beverages,100
2107,2025-06-02,F07,California Roll Sushi,Japanese,700
2107,2025-06-02,F04,Chicken Wings,Fast Food,500
2108,2025-04-09,F05,Margherita Pizza,Italian,900
2108,2025-04-09,F02,French Fries,Fast Food,200
2109,2025-01-23,F15,Ice Cream,Dessert,250
2109,2025-01-23,F02,French Fries,Fast Food,200
2110,2025-03-22,F10,Chicken Biryani,Indian,550
2110,2025-03-22,F03,Soda,Beverages,100
2110,2025-03-22,F14,Chocolate Cake,Dessert,300
2110,2025-03-22,F08,Miso Soup,Japanese,150
2111,2025-03-12,F06,Garlic Bread,Italian,250
2111,2025-03-12,F15,Ice Cream,Dessert,250
2112,2025-02-27,F01,Beef Burger,Fast Food,450
2112,2025-02-27,F02,French Fries,Fast Food,200
2112,2025-02-27,F03,Soda,Beverages,100
2112,2025-02-27,F14,Chocolate Cake,Dessert,300
2113,2025-01-19,F07,California Roll Sushi,Japanese,700
2114,2025-05-03,F06,Garlic Bread,Italian,250
2114,2025-05-03,F10,Chicken Biryani,Indian,550
2114,2025-05-03,F13,Chapati,Local,50
2115,2025-04-16,F04,Chicken Wings,Fast Food,500
2115,2025-04-16,F02,French Fries,Fast Food,200
2116,2025-02-14,F05,Margherita Pizza,Italian,900
2116,2025-02-14,F06,Garlic Bread,Italian,250
2116,2025-02-14,F03,Soda,Beverages,100
2116,2025-02-14,F14,Chocolate Cake,Dessert,300
2117,2025-06-28,F10,Chicken Biryani,Indian,550
2117,2025-06-28,F11,Raita,Indian,100
2117,2025-06-28,F12,Naan Bread,Indian,80
2118,2025-04-06,F06,Garlic Bread,Italian,250
2119,2025-04-19,F01,Beef Burger,Fast Food,450
2119,2025-04-19,F02,French Fries,Fast Food,200
2120,2025-04-11,F06,Garlic Bread,Italian,250
2120,2025-04-11,F15,Ice Cream,Dessert,250
2120,2025-04-11,F14,Chocolate Cake,Dessert,300
2121,2025-05-25,F04,Chicken Wings,Fast Food,500
2122,2025-06-24,F01,Beef Burger,Fast Food,450
2122,2025-06-24,F07,California Roll Sushi,Japanese,700
2123,2025-02-18,F04,Chicken Wings,Fast Food,500
2123,2025-02-18,F02,French Fries,Fast Food,200
2123,2025-02-18,F03,Soda,Beverages,100
2124,2025-06-08,F07,California Roll Sushi,Japanese,700
2125,2025-01-21,F10,Chicken Biryani,Indian,550
2125,2025-01-21,F11,Raita,Indian,100
2125,2025-01-21,F12,Naan Bread,Indian,80
2126,2025-06-23,F05,Margherita Pizza,Italian,900
2126,2025-06-23,F06,Garlic Bread,Italian,250
2127,2025-03-01,F10,Chicken Biryani,Indian,550
2127,2025-03-01,F11,Raita,Indian,100
2127,2025-03-01,F12,Naan Bread,Indian,80
2127,2025-03-01,F14,Chocolate Cake,Dessert,300
2128,2025-06-27,F08,Miso Soup,Japanese,150
2129,2025-05-11,F01,Beef Burger,Fast Food,450
2129,2025-05-11,F02,French Fries,Fast Food,200
2129,2025-05-11,F03,Soda,Beverages,100
2130,2025-06-11,F02,French Fries,Fast Food,200
2130,2025-06-11,F08,Miso Soup,Japanese,150
2130,2025-06-11,F10,Chicken Biryani,Indian,550
2131,2025-01-21,F10,Chicken Biryani,Indian,550
2131,2025-01-21,F11,Raita,Indian,100
2131,2025-01-21,F12,Naan Bread,Indian,80
2132,2025-04-23,F01,Beef Burger,Fast Food,450
2133,2025-05-21,F12,Naan Bread,Indian,80
2133,2025-05-21,F14,Chocolate Cake,Dessert,300
2133,2025-05-21,F10,Chicken Biryani,Indian,550
2134,2025-01-15,F11,Raita,Indian,100
2134,2025-01-15,F15,Ice Cream,Dessert,250
2135,2025-06-08,F05,Margherita Pizza,Italian,900
2135,2025-06-08,F04,Chicken Wings,Fast Food,500
2135,2025-06-08,F08,Miso Soup,Japanese,150
2136,2025-05-03,F02,French Fries,Fast Food,200
2137,2025-03-13,F10,Chicken Biryani,Indian,550
2137,2025-03-13,F11,Raita,Indian,100
2137,2025-03-13,F12,Naan Bread,Indian,80
2138,2025-02-24,F03,Soda,Beverages,100
2139,2025-04-09,F07,California Roll Sushi,Japanese,700
2139,2025-04-09,F08,Miso Soup,Japanese,150
2139,2025-04-09,F09,Green Tea,Beverages,100
2139,2025-04-09,F15,Ice Cream,Dessert,250
2140,2025-05-25,F07,California Roll Sushi,Japanese,700
2140,2025-05-25,F08,Miso Soup,Japanese,150
2141,2025-02-26,F09,Green Tea,Beverages,100
2141,2025-02-26,F02,French Fries,Fast Food,200
2142,2025-04-22,F01,Beef Burger,Fast Food,450
2142,2025-04-22,F02,French Fries,Fast Food,200
2142,2025-04-22,F03,Soda,Beverages,100
2142,2025-04-22,F10,Chicken Biryani,Indian,550
2143,2025-06-21,F10,Chicken Biryani,Indian,550
2144,2025-05-02,F07,California Roll Sushi,Japanese,700
2144,2025-05-02,F08,Miso Soup,Japanese,150
2145,2025-03-19,F02,French Fries,Fast Food,200
2145,2025-03-19,F01,Beef Burger,Fast Food,450
2145,2025-03-19,F11,Raita,Indian,100
2145,2025-03-19,F13,Chapati,Local,50
2146,2025-03-19,F05,Margherita Pizza,Italian,900
2146,2025-03-19,F06,Garlic Bread,Italian,250
2147,2025-05-09,F04,Chicken Wings,Fast Food,500
2147,2025-05-09,F02,French Fries,Fast Food,200
2147,2025-05-09,F03,Soda,Beverages,100
2147,2025-05-09,F15,Ice Cream,Dessert,250
2148,2025-01-24,F01,Beef Burger,Fast Food,450
2149,2025-03-15,F12,Naan Bread,Indian,80
2149,2025-03-15,F08,Miso Soup,Japanese,150
2149,2025-03-15,F01,Beef Burger,Fast Food,450
2149,2025-03-15,F04,Chicken Wings,Fast Food,500
2150,2025-04-18,F04,Chicken Wings,Fast Food,500
2151,2025-02-11,F10,Chicken Biryani,Indian,550
2151,2025-02-11,F11,Raita,Indian,100
2151,2025-02-11,F12,Naan Bread,Indian,80
2152,2025-04-01,F04,Chicken Wings,Fast Food,500
2152,2025-04-01,F02,French Fries,Fast Food,200
2152,2025-04-01,F03,Soda,Beverages,100
2152,2025-04-01,F09,Green Tea,Beverages,100
2152,2025-04-01,F14,Chocolate Cake,Dessert,300
2153,2025-03-09,F07,California Roll Sushi,Japanese,700
2153,2025-03-09,F06,Garlic Bread,Italian,250
2153,2025-03-09,F02,French Fries,Fast Food,200
2153,2025-03-09,F11,Raita,Indian,100
2154,2025-06-25,F05,Margherita Pizza,Italian,900
2154,2025-06-25,F06,Garlic Bread,Italian,250
2154,2025-06-25,F03,Soda,Beverages,100
2154,2025-06-25,F14,Chocolate Cake,Dessert,300
2155,2025-05-09,F07,California Roll Sushi,Japanese,700
2155,2025-05-09,F10,Chicken Biryani,Indian,550
2155,2025-05-09,F02,French Fries,Fast Food,200
2155,2025-05-09,F15,Ice Cream,Dessert,250
2156,2025-03-02,F04,Chicken Wings,Fast Food,500
2156,2025-03-02,F02,French Fries,Fast Food,200
2156,2025-03-02,F03,Soda,Beverages,100
2156,2025-03-02,F14,Chocolate Cake,Dessert,300
2157,2025-04-28,F13,Chapati,Local,50
2157,2025-04-28,F07,California Roll Sushi,Japanese,700
2157,2025-04-28,F14,Chocolate Cake,Dessert,300
2158,2025-03-17,F03,Soda,Beverages,100
2159,2025-04-19,F07,California Roll Sushi,Japanese,700
2159,2025-04-19,F08,Miso Soup,Japanese,150
2160,2025-03-20,F05,Margherita Pizza,Italian,900
2160,2025-03-20,F11,Raita,Indian,100
2161,2025-04-08,F10,Chicken Biryani,Indian,550
2161,2025-04-08,F11,Raita,Indian,100
2161,2025-04-08,F12,Naan Bread,Indian,80
2162,2025-03-15,F04,Chicken Wings,Fast Food,500
2162,2025-03-15,F02,French Fries,Fast Food,200
2163,2025-04-10,F05,Margherita Pizza,Italian,900
2163,2025-04-10,F06,Garlic Bread,Italian,250
2163,2025-04-10,F03,Soda,Beverages,100
2163,2025-04-10,F14,Chocolate Cake,Dessert,300
2164,2025-06-26,F09,Green Tea,Beverages,100
2165,2025-05-24,F10,Chicken Biryani,Indian,550
2165,2025-05-24,F11,Raita,Indian,100
2165,2025-05-24,F12,Naan Bread,Indian,80
2166,2025-05-03,F08,Miso Soup,Japanese,150
2167,2025-03-26,F04,Chicken Wings,Fast Food,500
2167,2025-03-26,F02,French Fries,Fast Food,200
2167,2025-03-26,F03,Soda,Beverages,100
2168,2025-04-29,F02,French Fries,Fast Food,200
2168,2025-04-29,F14,Chocolate Cake,Dessert,300
2169,2025-05-20,F05,Margherita Pizza,Italian,900
2169,2025-05-20,F06,Garlic Bread,Italian,250
2169,2025-05-20,F03,Soda,Beverages,100
2169,2025-05-20,F15,Ice Cream,Dessert,250
2170,2025-02-09,F09,Green Tea,Beverages,100
2170,2025-02-09,F13,Chapati,Local,50
2170,2025-02-09,F11,Raita,Indian,100
2170,2025-02-09,F03,Soda,Beverages,100
2171,2025-05-07,F01,Beef Burger,Fast Food,450
2171,2025-05-07,F02,French Fries,Fast Food,200
2171,2025-05-07,F03,Soda,Beverages,100
2172,2025-06-11,F07,California Roll Sushi,Japanese,700
2172,2025-06-11,F08,Miso Soup,Japanese,150
2172,2025-06-11,F09,Green Tea,Beverages,100
2173,2025-04-28,F05,Margherita Pizza,Italian,900
2173,2025-04-28,F02,French Fries,Fast Food,200
2173,2025-04-28,F13,Chapati,Local,50
2174,2025-01-06,F09,Green Tea,Beverages,100
2174,2025-01-06,F11,Raita,Indian,100
2174,2025-01-06,F15,Ice Cream,Dessert,250
2175,2025-01-19,F04,Chicken Wings,Fast Food,500
2175,2025-01-19,F02,French Fries,Fast Food,200
2175,2025-01-19,F15,Ice Cream,Dessert,250
2176,2025-04-06,F07,California Roll Sushi,Japanese,700
2176,2025-04-06,F08,Miso Soup,Japanese,150
2176,2025-04-06,F09,Green Tea,Beverages,100
2177,2025-04-09,F07,California Roll Sushi,Japanese,700
2177,2025-04-09,F11,Raita,Indian,100
2178,2025-02-13,F07,California Roll Sushi,Japanese,700
2178,2025-02-13,F08,Miso Soup,Japanese,150
2178,2025-02-13,F09,Green Tea,Beverages,100
2179,2025-06-12,F06,Garlic Bread,Italian,250
2179,2025-06-12,F11,Raita,Indian,100
2179,2025-06-12,F09,Green Tea,Beverages,100
2180,2025-04-27,F01,Beef Burger,Fast Food,450
2180,2025-04-27,F02,French Fries,Fast Food,200
2180,2025-04-27,F03,Soda,Beverages,100
2181,2025-02-06,F08,Miso Soup,Japanese,150
2181,2025-02-06,F06,Garlic Bread,Italian,250
2181,2025-02-06,F13,Chapati,Local,50
2181,2025-02-06,F15,Ice Cream,Dessert,250
2182,2025-04-28,F10,Chicken Biryani,Indian,550
2182,2025-04-28,F11,Raita,Indian,100
2182,2025-04-28,F12,Naan Bread,Indian,80
2183,2025-01-09,F07,California Roll Sushi,Japanese,700
2183,2025-01-09,F08,Miso Soup,Japanese,150
2184,2025-01-16,F07,California Roll Sushi,Japanese,700
2184,2025-01-16,F13,Chapati,Local,50
2184,2025-01-16,F12,Naan Bread,Indian,80
2184,2025-01-16,F14,Chocolate Cake,Dessert,300
2185,2025-05-08,F12,Naan Bread,Indian,80
2185,2025-05-08,F01,Beef Burger,Fast Food,450
2185,2025-05-08,F04,Chicken Wings,Fast Food,500
2186,2025-02-03,F07,California Roll Sushi,Japanese,700
2186,2025-02-03,F08,Miso Soup,Japanese,150
2187,2025-01-07,F07,California Roll Sushi,Japanese,700
2187,2025-01-07,F08,Miso Soup,Japanese,150
2188,2025-04-13,F15,Ice Cream,Dessert,250
2189,2025-03-30,F10,Chicken Biryani,Indian,550
2189,2025-03-30,F05,Margherita Pizza,Italian,900
2189,2025-03-30,F03,Soda,Beverages,100
2189,2025-03-30,F13,Chapati,Local,50
2190,2025-05-24,F10,Chicken Biryani,Indian,550
2190,2025-05-24,F14,Chocolate Cake,Dessert,300
2191,2025-04-12,F10,Chicken Biryani,Indian,550
2191,2025-04-12,F11,Raita,Indian,100
2191,2025-04-12,F12,Naan Bread,Indian,80
2192,2025-01-13,F09,Green Tea,Beverages,100
2192,2025-01-13,F01,Beef Burger,Fast Food,450
2193,2025-02-22,F10,Chicken Biryani,Indian,550
2193,2025-02-22,F01,Beef Burger,Fast Food,450
2194,2025-04-07,F08,Miso Soup,Japanese,150
2195,2025-05-22,F05,Margherita Pizza,Italian,900
2195,2025-05-22,F07,California Roll Sushi,Japanese,700
2196,2025-06-02,F10,Chicken Biryani,Indian,550
2196,2025-06-02,F11,Raita,Indian,100
2196,2025-06-02,F12,Naan Bread,Indian,80
2197,2025-03-22,F04,Chicken Wings,Fast Food,500
2197,2025-03-22,F02,French Fries,Fast Food,200
2198,2025-06-19,F05,Margherita Pizza,Italian,900
2198,2025-06-19,F06,Garlic Bread,Italian,250
2198,2025-06-19,F03,Soda,Beverages,100
2199,2025-03-23,F07,California Roll Sushi,Japanese,700
2199,2025-03-23,F08,Miso Soup,Japanese,150
2199,2025-03-23,F09,Green Tea,Beverages,100
2199,2025-03-23,F15,Ice Cream,Dessert,250
2200,2025-04-01,F01,Beef Burger,Fast Food,450
2201,2025-01-09,F06,Garlic Bread,Italian,250
2201,2025-01-09,F15,Ice Cream,Dessert,250
2202,2025-01-08,F05,Margherita Pizza,Italian,900
2202,2025-01-08,F06,Garlic Bread,Italian,250
2202,2025-01-08,F07,California Roll Sushi,Japanese,700
2203,2025-02-06,F01,Beef Burger,Fast Food,450
2203,2025-02-06,F02,French Fries,Fast Food,200
2204,2025-03-22,F10,Chicken Biryani,Indian,550
2204,2025-03-22,F11,Raita,Indian,100
2204,2025-03-22,F12,Naan Bread,Indian,80
2205,2025-02-19,F06,Garlic Bread,Italian,250
2205,2025-02-19,F04,Chicken Wings,Fast Food,500
2205,2025-02-19,F15,Ice Cream,Dessert,250
2205,2025-02-19,F07,California Roll Sushi,Japanese,700
2206,2025-05-17,F01,Beef Burger,Fast Food,450
2207,2025-04-28,F08,Miso Soup,Japanese,150
2207,2025-04-28,F13,Chapati,Local,50
2208,2025-05-16,F10,Chicken Biryani,Indian,550
2208,2025-05-16,F11,Raita,Indian,100
2208,2025-05-16,F12,Naan Bread,Indian,80
2208,2025-05-16,F09,Green Tea,Beverages,100
2209,2025-04-26,F13,Chapati,Local,50
2209,2025-04-26,F11,Raita,Indian,100
2210,2025-04-27,F02,French Fries,Fast Food,200
2210,2025-04-27,F09,Green Tea,Beverages,100
2211,2025-04-19,F13,Chapati,Local,50
2211,2025-04-19,F02,French Fries,Fast Food,200
2212,2025-02-01,F05,Margherita Pizza,Italian,900
2212,2025-02-01,F06,Garlic Bread,Italian,250
2212,2025-02-01,F03,Soda,Beverages,100
2213,2025-04-26,F10,Chicken Biryani,Indian,550
2213,2025-04-26,F01,Beef Burger,Fast Food,450
2213,2025-04-26,F03,Soda,Beverages,100
2213,2025-04-26,F14,Chocolate Cake,Dessert,300
2214,2025-04-02,F01,Beef Burger,Fast Food,450
2214,2025-04-02,F02,French Fries,Fast Food,200
2214,2025-04-02,F03,Soda,Beverages,100
2215,2025-06-21,F14,Chocolate Cake,Dessert,300
2215,2025-06-21,F13,Chapati,Local,50
2216,2025-05-08,F12,Naan Bread,Indian,80
2216,2025-05-08,F01,Beef Burger,Fast Food,450
2216,2025-05-08,F15,Ice Cream,Dessert,250
2217,2025-05-22,F11,Raita,Indian,100
2217,2025-05-22,F06,Garlic Bread,Italian,250
2217,2025-05-22,F12,Naan Bread,Indian,80
2218,2025-06-08,F06,Garlic Bread,Italian,250
2218,2025-06-08,F03,Soda,Beverages,100
2218,2025-06-08,F15,Ice Cream,Dessert,250
2219,2025-02-22,F01,Beef Burger,Fast Food,450
2219,2025-02-22,F02,French Fries,Fast Food,200
2220,2025-03-24,F10,Chicken Biryani,Indian,550
2220,2025-03-24,F11,Raita,Indian,100
2220,2025-03-24,F12,Naan Bread,Indian,80
2221,2025-04-14,F07,California Roll Sushi,Japanese,700
2221,2025-04-14,F08,Miso Soup,Japanese,150
2221,2025-04-14,F09,Green Tea,Beverages,100
2222,2025-02-14,F04,Chicken Wings,Fast Food,500
2222,2025-02-14,F02,French Fries,Fast Food,200
2222,2025-02-14,F03,Soda,Beverages,100
2223,2025-06-19,F04,Chicken Wings,Fast Food,500
2223,2025-06-19,F02,French Fries,Fast Food,200
2223,2025-06-19,F14,Chocolate Cake,Dessert,300
2224,2025-02-09,F08,Miso Soup,Japanese,150
2224,2025-02-09,F07,California Roll Sushi,Japanese,700
2224,2025-02-09,F05,Margherita Pizza,Italian,900
2224,2025-02-09,F01,Beef Burger,Fast Food,450
2225,2025-01-21,F07,California Roll Sushi,Japanese,700
2225,2025-01-21,F08,Miso Soup,Japanese,150
2225,2025-01-21,F09,Green Tea,Beverages,100
2225,2025-01-21,F15,Ice Cream,Dessert,250
2226,2025-01-30,F05,Margherita Pizza,Italian,900
2227,2025-06-17,F01,Beef Burger,Fast Food,450
2227,2025-06-17,F15,Ice Cream,Dessert,250
2228,2025-04-23,F07,California Roll Sushi,Japanese,700
2228,2025-04-23,F15,Ice Cream,Dessert,250
2228,2025-04-23,F06,Garlic Bread,Italian,250
2229,2025-03-01,F04,Chicken Wings,Fast Food,500
2229,2025-03-01,F02,French Fries,Fast Food,200
2230,2025-06-10,F07,California Roll Sushi,Japanese,700
2230,2025-06-10,F08,Miso Soup,Japanese,150
2231,2025-03-03,F04,Chicken Wings,Fast Food,500
2231,2025-03-03,F02,French Fries,Fast Food,200
2232,2025-01-20,F02,French Fries,Fast Food,200
2232,2025-01-20,F08,Miso Soup,Japanese,150
2232,2025-01-20,F12,Naan Bread,Indian,80
2232,2025-01-20,F15,Ice Cream,Dessert,250
2233,2025-03-11,F09,Green Tea,Beverages,100
2233,2025-03-11,F15,Ice Cream,Dessert,250
2234,2025-02-19,F05,Margherita Pizza,Italian,900
2234,2025-02-19,F06,Garlic Bread,Italian,250
2235,2025-01-05,F01,Beef Burger,Fast Food,450
2235,2025-01-05,F02,French Fries,Fast Food,200
2235,2025-01-05,F03,Soda,Beverages,100
2236,2025-01-15,F02,French Fries,Fast Food,200
2236,2025-01-15,F03,Soda,Beverages,100
2236,2025-01-15,F13,Chapati,Local,50
2236,2025-01-15,F15,Ice Cream,Dessert,250
2237,2025-03-24,F06,Garlic Bread,Italian,250
2237,2025-03-24,F15,Ice Cream,Dessert,250
2238,2025-05-27,F05,Margherita Pizza,Italian,900
2238,2025-05-27,F06,Garlic Bread,Italian,250
2238,2025-05-27,F08,Miso Soup,Japanese,150
2239,2025-05-09,F07,California Roll Sushi,Japanese,700
2239,2025-05-09,F08,Miso Soup,Japanese,150
2239,2025-05-09,F09,Green Tea,Beverages,100
2240,2025-05-23,F10,Chicken Biryani,Indian,550
2240,2025-05-23,F11,Raita,Indian,100
2240,2025-05-23,F12,Naan Bread,Indian,80
2241,2025-02-23,F10,Chicken Biryani,Indian,550
2241,2025-02-23,F11,Raita,Indian,100
2241,2025-02-23,F12,Naan Bread,Indian,80
2242,2025-06-22,F04,Chicken Wings,Fast Food,500
2242,2025-06-22,F14,Chocolate Cake,Dessert,300
2243,2025-02-14,F05,Margherita Pizza,Italian,900
2243,2025-02-14,F06,Garlic Bread,Italian,250
2244,2025-01-17,F07,California Roll Sushi,Japanese,700
2244,2025-01-17,F08,Miso Soup,Japanese,150
2245,2025-06-13,F01,Beef Burger,Fast Food,450
2245,2025-06-13,F12,Naan Bread,Indian,80
2245,2025-06-13,F14,Chocolate Cake,Dessert,300
2245,2025-06-13,F08,Miso Soup,Japanese,150
2246,2025-04-07,F01,Beef Burger,Fast Food,450
2246,2025-04-07,F02,French Fries,Fast Food,200
2247,2025-02-24,F01,Beef Burger,Fast Food,450
2247,2025-02-24,F02,French Fries,Fast Food,200
2248,2025-04-05,F04,Chicken Wings,Fast Food,500
2248,2025-04-05,F02,French Fries,Fast Food,200
2248,2025-04-05,F15,Ice Cream,Dessert,250
2249,2025-02-26,F04,Chicken Wings,Fast Food,500
2249,2025-02-26,F02,French Fries,Fast Food,200
2249,2025-02-26,F15,Ice Cream,Dessert,250
2250,2025-06-27,F10,Chicken Biryani,Indian,550
2250,2025-06-27,F11,Raita,Indian,100
2250,2025-06-27,F12,Naan Bread,Indian,80
2251,2025-06-11,F10,Chicken Biryani,Indian,550
2251,2025-06-11,F04,Chicken Wings,Fast Food,500
2251,2025-06-11,F14,Chocolate Cake,Dessert,300
2252,2025-05-15,F10,Chicken Biryani,Indian,550
2252,2025-05-15,F11,Raita,Indian,100
2252,2025-05-15,F12,Naan Bread,Indian,80
2252,2025-05-15,F15,Ice Cream,Dessert,250
2253,2025-06-07,F04,Chicken Wings,Fast Food,500
2253,2025-06-07,F02,French Fries,Fast Food,200
2253,2025-06-07,F14,Chocolate Cake,Dessert,300
2254,2025-04-07,F07,California Roll Sushi,Japanese,700
2254,2025-04-07,F08,Miso Soup,Japanese,150
2255,2025-03-18,F10,Chicken Biryani,Indian,550
2255,2025-03-18,F02,French Fries,Fast Food,200
2256,2025-06-22,F07,California Roll Sushi,Japanese,700
2256,2025-06-22,F03,Soda,Beverages,100
2256,2025-06-22,F15,Ice Cream,Dessert,250
2256,2025-06-22,F08,Miso Soup,Japanese,150
2257,2025-01-18,F15,Ice Cream,Dessert,250
2257,2025-01-18,F01,Beef Burger,Fast Food,450
2257,2025-01-18,F05,Margherita Pizza,Italian,900
2258,2025-04-03,F01,Beef Burger,Fast Food,450
2258,2025-04-03,F02,French Fries,Fast Food,200
2259,2025-02-26,F07,California Roll Sushi,Japanese,700
2259,2025-02-26,F08,Miso Soup,Japanese,150
2259,2025-02-26,F11,Raita,Indian,100
2260,2025-02-03,F04,Chicken Wings,Fast Food,500
2260,2025-02-03,F02,French Fries,Fast Food,200
2260,2025-02-03,F03,Soda,Beverages,100
2260,2025-02-03,F12,Naan Bread,Indian,80
2261,2025-05-12,F02,French Fries,Fast Food,200
2261,2025-05-12,F12,Naan Bread,Indian,80
2261,2025-05-12,F03,Soda,Beverages,100
2262,2025-05-17,F07,California Roll Sushi,Japanese,700
2262,2025-05-17,F08,Miso Soup,Japanese,150
2262,2025-05-17,F09,Green Tea,Beverages,100
2263,2025-05-05,F04,Chicken Wings,Fast Food,500
2264,2025-03-26,F10,Chicken Biryani,Indian,550
2264,2025-03-26,F11,Raita,Indian,100
2264,2025-03-26,F12,Naan Bread,Indian,80
2265,2025-04-03,F01,Beef Burger,Fast Food,450
2265,2025-04-03,F02,French Fries,Fast Food,200
2266,2025-03-15,F04,Chicken Wings,Fast Food,500
2266,2025-03-15,F02,French Fries,Fast Food,200
2266,2025-03-15,F03,Soda,Beverages,100
2267,2025-02-13,F03,Soda,Beverages,100
2267,2025-02-13,F13,Chapati,Local,50
2267,2025-02-13,F15,Ice Cream,Dessert,250
2268,2025-01-20,F14,Chocolate Cake,Dessert,300
2268,2025-01-20,F15,Ice Cream,Dessert,250
2269,2025-03-01,F01,Beef Burger,Fast Food,450
2270,2025-04-27,F01,Beef Burger,Fast Food,450
2270,2025-04-27,F02,French Fries,Fast Food,200
2271,2025-01-13,F10,Chicken Biryani,Indian,550
2271,2025-01-13,F06,Garlic Bread,Italian,250
2272,2025-05-13,F12,Naan Bread,Indian,80
2273,2025-04-27,F08,Miso Soup,Japanese,150
2273,2025-04-27,F12,Naan Bread,Indian,80
2273,2025-04-27,F03,Soda,Beverages,100
2274,2025-06-27,F01,Beef Burger,Fast Food,450
2274,2025-06-27,F02,French Fries,Fast Food,200
2275,2025-04-07,F08,Miso Soup,Japanese,150
2275,2025-04-07,F07,California Roll Sushi,Japanese,700
2275,2025-04-07,F14,Chocolate Cake,Dessert,300
2276,2025-01-31,F07,California Roll Sushi,Japanese,700
2276,2025-01-31,F08,Miso Soup,Japanese,150
2276,2025-01-31,F09,Green Tea,Beverages,100
2276,2025-01-31,F14,Chocolate Cake,Dessert,300
2277,2025-03-17,F12,Naan Bread,Indian,80
2278,2025-01-25,F01,Beef Burger,Fast Food,450
2278,2025-01-25,F02,French Fries,Fast Food,200
2278,2025-01-25,F14,Chocolate Cake,Dessert,300
2279,2025-05-05,F02,French Fries,Fast Food,200
2280,2025-04-27,F11,Raita,Indian,100
2280,2025-04-27,F05,Margherita Pizza,Italian,900
2280,2025-04-27,F07,California Roll Sushi,Japanese,700
2281,2025-05-21,F04,Chicken Wings,Fast Food,500
2281,2025-05-21,F02,French Fries,Fast Food,200
2282,2025-06-09,F07,California Roll Sushi,Japanese,700
2283,2025-02-27,F14,Chocolate Cake,Dessert,300
2284,2025-03-15,F07,California Roll Sushi,Japanese,700
2284,2025-03-15,F08,Miso Soup,Japanese,150
2285,2025-01-14,F15,Ice Cream,Dessert,250
2285,2025-01-14,F14,Chocolate Cake,Dessert,300
2286,2025-05-24,F10,Chicken Biryani,Indian,550
2287,2025-02-23,F07,California Roll Sushi,Japanese,700
2287,2025-02-23,F08,Miso Soup,Japanese,150
2287,2025-02-23,F09,Green Tea,Beverages,100
2288,2025-02-07,F07,California Roll Sushi,Japanese,700
2288,2025-02-07,F03,Soda,Beverages,100
2288,2025-02-07,F05,Margherita Pizza,Italian,900
2288,2025-02-07,F11,Raita,Indian,100
2289,2025-04-19,F04,Chicken Wings,Fast Food,500
2289,2025-04-19,F02,French Fries,Fast Food,200
2290,2025-01-15,F01,Beef Burger,Fast Food,450
2290,2025-01-15,F02,French Fries,Fast Food,200
2290,2025-01-15,F15,Ice Cream,Dessert,250
2291,2025-06-03,F11,Raita,Indian,100
2291,2025-06-03,F07,California Roll Sushi,Japanese,700
2291,2025-06-03,F02,French Fries,Fast Food,200
2291,2025-06-03,F14,Chocolate Cake,Dessert,300
2292,2025-05-19,F10,Chicken Biryani,Indian,550
2292,2025-05-19,F11,Raita,Indian,100
2292,2025-05-19,F12,Naan Bread,Indian,80
2292,2025-05-19,F14,Chocolate Cake,Dessert,300
2293,2025-02-11,F01,Beef Burger,Fast Food,450
2293,2025-02-11,F02,French Fries,Fast Food,200
2293,2025-02-11,F14,Chocolate Cake,Dessert,300
2294,2025-03-16,F10,Chicken Biryani,Indian,550
2294,2025-03-16,F14,Chocolate Cake,Dessert,300
2295,2025-03-30,F05,Margherita Pizza,Italian,900
2295,2025-03-30,F06,Garlic Bread,Italian,250
2296,2025-03-11,F05,Margherita Pizza,Italian,900
2296,2025-03-11,F06,Garlic Bread,Italian,250
2296,2025-03-11,F02,French Fries,Fast Food,200
2297,2025-05-12,F01,Beef Burger,Fast Food,450
2297,2025-05-12,F02,French Fries,Fast Food,200
2298,2025-03-25,F04,Chicken Wings,Fast Food,500
2298,2025-03-25,F02,French Fries,Fast Food,200
2299,2025-03-10,F07,California Roll Sushi,Japanese,700
2299,2025-03-10,F08,Miso Soup,Japanese,150
2300,2025-01-22,F14,Chocolate Cake,Dessert,300
2300,2025-01-22,F07,California Roll Sushi,Japanese,700
2300,2025-01-22,F08,Miso Soup,Japanese,150
2301,2025-01-30,F02,French Fries,Fast Food,200
2301,2025-01-30,F14,Chocolate Cake,Dessert,300
2301,2025-01-30,F08,Miso Soup,Japanese,150
2301,2025-01-30,F12,Naan Bread,Indian,80
2302,2025-05-12,F05,Margherita Pizza,Italian,900
2302,2025-05-12,F06,Garlic Bread,Italian,250
2302,2025-05-12,F03,Soda,Beverages,100
2303,2025-02-21,F04,Chicken Wings,Fast Food,500
2303,2025-02-21,F02,French Fries,Fast Food,200
2303,2025-02-21,F03,Soda,Beverages,100
2304,2025-03-04,F08,Miso Soup,Japanese,150
2304,2025-03-04,F02,French Fries,Fast Food,200
2304,2025-03-04,F14,Chocolate Cake,Dessert,300
2305,2025-02-12,F12,Naan Bread,Indian,80
2305,2025-02-12,F14,Chocolate Cake,Dessert,300
2306,2025-04-19,F07,California Roll Sushi,Japanese,700
2306,2025-04-19,F08,Miso Soup,Japanese,150
2306,2025-04-19,F09,Green Tea,Beverages,100
2306,2025-04-19,F05,Margherita Pizza,Italian,900
2307,2025-01-15,F03,Soda,Beverages,100
2308,2025-03-07,F10,Chicken Biryani,Indian,550
2308,2025-03-07,F15,Ice Cream,Dessert,250
2309,2025-04-22,F01,Beef Burger,Fast Food,450
2309,2025-04-22,F02,French Fries,Fast Food,200
2309,2025-04-22,F03,Soda,Beverages,100
2310,2025-03-29,F01,Beef Burger,Fast Food,450
2310,2025-03-29,F03,Soda,Beverages,100
2310,2025-03-29,F11,Raita,Indian,100
2310,2025-03-29,F13,Chapati,Local,50
2311,2025-04-28,F13,Chapati,Local,50
2311,2025-04-28,F14,Chocolate Cake,Dessert,300
2312,2025-06-18,F01,Beef Burger,Fast Food,450
2312,2025-06-18,F02,French Fries,Fast Food,200
2312,2025-06-18,F03,Soda,Beverages,100
2313,2025-04-14,F05,Margherita Pizza,Italian,900
2313,2025-04-14,F06,Garlic Bread,Italian,250
2313,2025-04-14,F03,Soda,Beverages,100
2314,2025-02-13,F10,Chicken Biryani,Indian,550
2314,2025-02-13,F11,Raita,Indian,100
2314,2025-02-13,F12,Naan Bread,Indian,80
2315,2025-01-08,F08,Miso Soup,Japanese,150
2315,2025-01-08,F13,Chapati,Local,50
2315,2025-01-08,F06,Garlic Bread,Italian,250
2316,2025-03-17,F10,Chicken Biryani,Indian,550
2316,2025-03-17,F11,Raita,Indian,100
2316,2025-03-17,F12,Naan Bread,Indian,80
2317,2025-03-26,F01,Beef Burger,Fast Food,450
2317,2025-03-26,F02,French Fries,Fast Food,200
2318,2025-01-13,F06,Garlic Bread,Italian,250
2319,2025-04-17,F07,California Roll Sushi,Japanese,700
2319,2025-04-17,F08,Miso Soup,Japanese,150
2320,2025-02-15,F05,Margherita Pizza,Italian,900
2320,2025-02-15,F06,Garlic Bread,Italian,250
2321,2025-04-27,F02,French Fries,Fast Food,200
2321,2025-04-27,F03,Soda,Beverages,100
2322,2025-06-12,F06,Garlic Bread,Italian,250
2322,2025-06-12,F15,Ice Cream,Dessert,250
2322,2025-06-12,F05,Margherita Pizza,Italian,900
2323,2025-02-26,F04,Chicken Wings,Fast Food,500
2323,2025-02-26,F02,French Fries,Fast Food,200
2323,2025-02-26,F03,Soda,Beverages,100
2324,2025-02-05,F15,Ice Cream,Dessert,250
2324,2025-02-05,F05,Margherita Pizza,Italian,900
2325,2025-06-26,F15,Ice Cream,Dessert,250
2325,2025-06-26,F01,Beef Burger,Fast Food,450
2326,2025-06-03,F06,Garlic Bread,Italian,250
2327,2025-02-07,F05,Margherita Pizza,Italian,900
2327,2025-02-07,F06,Garlic Bread,Italian,250
2328,2025-03-03,F03,Soda,Beverages,100
2328,2025-03-03,F12,Naan Bread,Indian,80
2328,2025-03-03,F04,Chicken Wings,Fast Food,500
2328,2025-03-03,F14,Chocolate Cake,Dessert,300
2329,2025-03-31,F10,Chicken Biryani,Indian,550
2329,2025-03-31,F11,Raita,Indian,100
2329,2025-03-31,F12,Naan Bread,Indian,80
2330,2025-01-09,F01,Beef Burger,Fast Food,450
2330,2025-01-09,F02,French Fries,Fast Food,200
2330,2025-01-09,F03,Soda,Beverages,100
2331,2025-05-24,F05,Margherita Pizza,Italian,900
2331,2025-05-24,F06,Garlic Bread,Italian,250
2332,2025-01-16,F04,Chicken Wings,Fast Food,500
2332,2025-01-16,F02,French Fries,Fast Food,200
2332,2025-01-16,F03,Soda,Beverages,100
2333,2025-04-11,F01,Beef Burger,Fast Food,450
2333,2025-04-11,F02,French Fries,Fast Food,200
2333,2025-04-11,F03,Soda,Beverages,100
2334,2025-03-21,F15,Ice Cream,Dessert,250
2334,2025-03-21,F13,Chapati,Local,50
2335,2025-05-20,F05,Margherita Pizza,Italian,900
2335,2025-05-20,F06,Garlic Bread,Italian,250
2336,2025-03-31,F05,Margherita Pizza,Italian,900
2336,2025-03-31,F06,Garlic Bread,Italian,250
2336,2025-03-31,F14,Chocolate Cake,Dessert,300
2337,2025-04-24,F06,Garlic Bread,Italian,250
2338,2025-04-10,F05,Margherita Pizza,Italian,900
2338,2025-04-10,F06,Garlic Bread,Italian,250
2338,2025-04-10,F15,Ice Cream,Dessert,250
2339,2025-04-17,F10,Chicken Biryani,Indian,550
2339,2025-04-17,F11,Raita,Indian,100
2339,2025-04-17,F12,Naan Bread,Indian,80
2340,2025-03-30,F04,Chicken Wings,Fast Food,500
2340,2025-03-30,F02,French Fries,Fast Food,200
2341,2025-02-09,F04,Chicken Wings,Fast Food,500
2341,2025-02-09,F02,French Fries,Fast Food,200
2342,2025-03-16,F10,Chicken Biryani,Indian,550
2343,2025-05-19,F06,Garlic Bread,Italian,250
2344,2025-05-08,F15,Ice Cream,Dessert,250
2344,2025-05-08,F05,Margherita Pizza,Italian,900
2345,2025-01-02,F01,Beef Burger,Fast Food,450
2345,2025-01-02,F02,French Fries,Fast Food,200
2345,2025-01-02,F08,Miso Soup,Japanese,150
2346,2025-05-05,F04,Chicken Wings,Fast Food,500
2346,2025-05-05,F02,French Fries,Fast Food,200
2347,2025-04-27,F07,California Roll Sushi,Japanese,700
2347,2025-04-27,F08,Miso Soup,Japanese,150
2347,2025-04-27,F14,Chocolate Cake,Dessert,300
2348,2025-02-01,F10,Chicken Biryani,Indian,550
2348,2025-02-01,F11,Raita,Indian,100
2348,2025-02-01,F12,Naan Bread,Indian,80
2349,2025-06-11,F10,Chicken Biryani,Indian,550
2350,2025-02-07,F05,Margherita Pizza,Italian,900
2350,2025-02-07,F06,Garlic Bread,Italian,250
2351,2025-06-27,F12,Naan Bread,Indian,80
2351,2025-06-27,F04,Chicken Wings,Fast Food,500
2351,2025-06-27,F11,Raita,Indian,100
2351,2025-06-27,F14,Chocolate Cake,Dessert,300
2352,2025-02-14,F07,California Roll Sushi,Japanese,700
2352,2025-02-14,F08,Miso Soup,Japanese,150
2352,2025-02-14,F02,French Fries,Fast Food,200
2353,2025-04-16,F07,California Roll Sushi,Japanese,700
2353,2025-04-16,F08,Miso Soup,Japanese,150
2353,2025-04-16,F09,Green Tea,Beverages,100
2353,2025-04-16,F01,Beef Burger,Fast Food,450
2354,2025-06-29,F10,Chicken Biryani,Indian,550
2354,2025-06-29,F11,Raita,Indian,100
2354,2025-06-29,F12,Naan Bread,Indian,80
2355,2025-01-17,F09,Green Tea,Beverages,100
2355,2025-01-17,F07,California Roll Sushi,Japanese,700
2356,2025-05-20,F01,Beef Burger,Fast Food,450
2356,2025-05-20,F02,French Fries,Fast Food,200
2357,2025-02-14,F13,Chapati,Local,50
2357,2025-02-14,F04,Chicken Wings,Fast Food,500
2358,2025-02-18,F12,Naan Bread,Indian,80
2358,2025-02-18,F07,California Roll Sushi,Japanese,700
2358,2025-02-18,F05,Margherita Pizza,Italian,900
2359,2025-06-29,F13,Chapati,Local,50
2359,2025-06-29,F10,Chicken Biryani,Indian,550
2359,2025-06-29,F09,Green Tea,Beverages,100
2360,2025-04-20,F11,Raita,Indian,100
2360,2025-04-20,F12,Naan Bread,Indian,80
2360,2025-04-20,F13,Chapati,Local,50
2360,2025-04-20,F02,French Fries,Fast Food,200
2361,2025-01-31,F05,Margherita Pizza,Italian,900
2361,2025-01-31,F06,Garlic Bread,Italian,250
2362,2025-06-13,F10,Chicken Biryani,Indian,550
2362,2025-06-13,F06,Garlic Bread,Italian,250
2363,2025-02-09,F04,Chicken Wings,Fast Food,500
2363,2025-02-09,F02,French Fries,Fast Food,200
2364,2025-01-22,F07,California Roll Sushi,Japanese,700
2364,2025-01-22,F08,Miso Soup,Japanese,150
2364,2025-01-22,F14,Chocolate Cake,Dessert,300
2365,2025-06-06,F01,Beef Burger,Fast Food,450
2365,2025-06-06,F08,Miso Soup,Japanese,150
2365,2025-06-06,F12,Naan Bread,Indian,80
2365,2025-06-06,F10,Chicken Biryani,Indian,550
2366,2025-04-05,F01,Beef Burger,Fast Food,450
2366,2025-04-05,F02,French Fries,Fast Food,200
2366,2025-04-05,F03,Soda,Beverages,100
2366,2025-04-05,F12,Naan Bread,Indian,80
2367,2025-06-13,F15,Ice Cream,Dessert,250
2367,2025-06-13,F14,Chocolate Cake,Dessert,300
2368,2025-01-27,F03,Soda,Beverages,100
2368,2025-01-27,F15,Ice Cream,Dessert,250
2368,2025-01-27,F10,Chicken Biryani,Indian,550
2368,2025-01-27,F06,Garlic Bread,Italian,250
2369,2025-02-20,F07,California Roll Sushi,Japanese,700
2369,2025-02-20,F08,Miso Soup,Japanese,150
2369,2025-02-20,F09,Green Tea,Beverages,100
2369,2025-02-20,F15,Ice Cream,Dessert,250
2370,2025-01-02,F03,Soda,Beverages,100
2371,2025-06-10,F11,Raita,Indian,100
2372,2025-05-02,F11,Raita,Indian,100
2372,2025-05-02,F02,French Fries,Fast Food,200
2372,2025-05-02,F01,Beef Burger,Fast Food,450
2373,2025-04-23,F08,Miso Soup,Japanese,150
2373,2025-04-23,F03,Soda,Beverages,100
2374,2025-04-16,F07,California Roll Sushi,Japanese,700
2374,2025-04-16,F08,Miso Soup,Japanese,150
2374,2025-04-16,F09,Green Tea,Beverages,100
2375,2025-05-27,F03,Soda,Beverages,100
2375,2025-05-27,F13,Chapati,Local,50
2375,2025-05-27,F15,Ice Cream,Dessert,250
2376,2025-02-11,F11,Raita,Indian,100
2376,2025-02-11,F05,Margherita Pizza,Italian,900
2376,2025-02-11,F10,Chicken Biryani,Indian,550
2376,2025-02-11,F14,Chocolate Cake,Dessert,300
2377,2025-04-13,F09,Green Tea,Beverages,100
2377,2025-04-13,F15,Ice Cream,Dessert,250
2378,2025-03-10,F03,Soda,Beverages,100
2378,2025-03-10,F07,California Roll Sushi,Japanese,700
2378,2025-03-10,F01,Beef Burger,Fast Food,450
2378,2025-03-10,F09,Green Tea,Beverages,100
2379,2025-04-16,F01,Beef Burger,Fast Food,450
2379,2025-04-16,F02,French Fries,Fast Food,200
2379,2025-04-16,F15,Ice Cream,Dessert,250
2380,2025-06-02,F08,Miso Soup,Japanese,150
2380,2025-06-02,F03,Soda,Beverages,100
2380,2025-06-02,F14,Chocolate Cake,Dessert,300
2381,2025-02-26,F10,Chicken Biryani,Indian,550
2381,2025-02-26,F11,Raita,Indian,100
2381,2025-02-26,F12,Naan Bread,Indian,80
2382,2025-06-09,F10,Chicken Biryani,Indian,550
2382,2025-06-09,F11,Raita,Indian,100
2382,2025-06-09,F12,Naan Bread,Indian,80
2382,2025-06-09,F04,Chicken Wings,Fast Food,500
2382,2025-06-09,F14,Chocolate Cake,Dessert,300
2383,2025-01-25,F06,Garlic Bread,Italian,250
2384,2025-01-16,F02,French Fries,Fast Food,200
2384,2025-01-16,F15,Ice Cream,Dessert,250
2384,2025-01-16,F12,Naan Bread,Indian,80
2384,2025-01-16,F11,Raita,Indian,100
2385,2025-04-30,F14,Chocolate Cake,Dessert,300
2385,2025-04-30,F09,Green Tea,Beverages,100
2385,2025-04-30,F11,Raita,Indian,100
2385,2025-04-30,F12,Naan Bread,Indian,80
2386,2025-04-05,F07,California Roll Sushi,Japanese,700
2386,2025-04-05,F15,Ice Cream,Dessert,250
2387,2025-02-28,F10,Chicken Biryani,Indian,550
2387,2025-02-28,F11,Raita,Indian,100
2387,2025-02-28,F12,Naan Bread,Indian,80
2387,2025-02-28,F14,Chocolate Cake,Dessert,300
2388,2025-03-22,F01,Beef Burger,Fast Food,450
2388,2025-03-22,F02,French Fries,Fast Food,200
2388,2025-03-22,F03,Soda,Beverages,100
2388,2025-03-22,F14,Chocolate Cake,Dessert,300
2389,2025-04-20,F04,Chicken Wings,Fast Food,500
2389,2025-04-20,F02,French Fries,Fast Food,200
2390,2025-03-16,F10,Chicken Biryani,Indian,550
2390,2025-03-16,F11,Raita,Indian,100
2390,2025-03-16,F12,Naan Bread,Indian,80
2391,2025-06-01,F04,Chicken Wings,Fast Food,500
2391,2025-06-01,F02,French Fries,Fast Food,200
2391,2025-06-01,F03,Soda,Beverages,100
2392,2025-06-08,F03,Soda,Beverages,100
2393,2025-03-07,F04,Chicken Wings,Fast Food,500
2393,2025-03-07,F02,French Fries,Fast Food,200
2394,2025-04-10,F05,Margherita Pizza,Italian,900
2394,2025-04-10,F06,Garlic Bread,Italian,250
2395,2025-02-10,F07,California Roll Sushi,Japanese,700
2395,2025-02-10,F10,Chicken Biryani,Indian,550
2395,2025-02-10,F09,Green Tea,Beverages,100
2395,2025-02-10,F05,Margherita Pizza,Italian,900
2396,2025-02-08,F10,Chicken Biryani,Indian,550
2397,2025-06-28,F01,Beef Burger,Fast Food,450
2397,2025-06-28,F02,French Fries,Fast Food,200
2397,2025-06-28,F03,Soda,Beverages,100
2398,2025-06-25,F01,Beef Burger,Fast Food,450
2398,2025-06-25,F02,French Fries,Fast Food,200
2398,2025-06-25,F03,Soda,Beverages,100
2399,2025-04-14,F04,Chicken Wings,Fast Food,500
2399,2025-04-14,F02,French Fries,Fast Food,200
2400,2025-02-01,F01,Beef Burger,Fast Food,450
2400,2025-02-01,F02,French Fries,Fast Food,200
2400,2025-02-01,F03,Soda,Beverages,100
2400,2025-02-01,F06,Garlic Bread,Italian,250
2401,2025-02-07,F09,Green Tea,Beverages,100
2402,2025-03-24,F07,California Roll Sushi,Japanese,700
2402,2025-03-24,F08,Miso Soup,Japanese,150
2403,2025-02-26,F01,Beef Burger,Fast Food,450
2403,2025-02-26,F13,Chapati,Local,50
2403,2025-02-26,F12,Naan Bread,Indian,80
2403,2025-02-26,F15,Ice Cream,Dessert,250
2404,2025-06-18,F01,Beef Burger,Fast Food,450
2404,2025-06-18,F02,French Fries,Fast Food,200
2404,2025-06-18,F03,Soda,Beverages,100
2405,2025-01-24,F10,Chicken Biryani,Indian,550
2405,2025-01-24,F02,French Fries,Fast Food,200
2406,2025-01-13,F12,Naan Bread,Indian,80
2406,2025-01-13,F05,Margherita Pizza,Italian,900
2406,2025-01-13,F07,California Roll Sushi,Japanese,700
2407,2025-06-20,F06,Garlic Bread,Italian,250
2407,2025-06-20,F09,Green Tea,Beverages,100
2407,2025-06-20,F03,Soda,Beverages,100
2407,2025-06-20,F15,Ice Cream,Dessert,250
2408,2025-05-12,F07,California Roll Sushi,Japanese,700
2408,2025-05-12,F09,Green Tea,Beverages,100
2409,2025-05-24,F05,Margherita Pizza,Italian,900
2409,2025-05-24,F06,Garlic Bread,Italian,250
2409,2025-05-24,F14,Chocolate Cake,Dessert,300
2410,2025-06-04,F04,Chicken Wings,Fast Food,500
2410,2025-06-04,F02,French Fries,Fast Food,200
2410,2025-06-04,F15,Ice Cream,Dessert,250
2411,2025-05-12,F01,Beef Burger,Fast Food,450
2411,2025-05-12,F02,French Fries,Fast Food,200
2411,2025-05-12,F03,Soda,Beverages,100
2412,2025-01-01,F05,Margherita Pizza,Italian,900
2412,2025-01-01,F06,Garlic Bread,Italian,250
2413,2025-05-15,F05,Margherita Pizza,Italian,900
2413,2025-05-15,F14,Chocolate Cake,Dessert,300
2413,2025-05-15,F04,Chicken Wings,Fast Food,500
2414,2025-01-14,F11,Raita,Indian,100
2414,2025-01-14,F09,Green Tea,Beverages,100
2414,2025-01-14,F13,Chapati,Local,50
2414,2025-01-14,F14,Chocolate Cake,Dessert,300
2415,2025-04-30,F05,Margherita Pizza,Italian,900
2415,2025-04-30,F06,Garlic Bread,Italian,250
2416,2025-02-27,F10,Chicken Biryani,Indian,550
2416,2025-02-27,F11,Raita,Indian,100
2416,2025-02-27,F12,Naan Bread,Indian,80
2417,2025-02-26,F05,Margherita Pizza,Italian,900
2417,2025-02-26,F06,Garlic Bread,Italian,250
2418,2025-02-19,F05,Margherita Pizza,Italian,900
2418,2025-02-19,F06,Garlic Bread,Italian,250
2418,2025-02-19,F03,Soda,Beverages,100
2419,2025-02-08,F04,Chicken Wings,Fast Food,500
2419,2025-02-08,F02,French Fries,Fast Food,200
2420,2025-01-04,F15,Ice Cream,Dessert,250
2420,2025-01-04,F14,Chocolate Cake,Dessert,300
2421,2025-02-21,F04,Chicken Wings,Fast Food,500
2422,2025-03-11,F07,California Roll Sushi,Japanese,700
2423,2025-06-16,F05,Margherita Pizza,Italian,900
2423,2025-06-16,F06,Garlic Bread,Italian,250
2424,2025-01-26,F04,Chicken Wings,Fast Food,500
2424,2025-01-26,F02,French Fries,Fast Food,200
2425,2025-04-03,F07,California Roll Sushi,Japanese,700
2425,2025-04-03,F08,Miso Soup,Japanese,150
2426,2025-05-09,F05,Margherita Pizza,Italian,900
2426,2025-05-09,F06,Garlic Bread,Italian,250
2426,2025-05-09,F07,California Roll Sushi,Japanese,700
2427,2025-03-01,F10,Chicken Biryani,Indian,550
2427,2025-03-01,F11,Raita,Indian,100
2427,2025-03-01,F12,Naan Bread,Indian,80
2427,2025-03-01,F06,Garlic Bread,Italian,250
2427,2025-03-01,F15,Ice Cream,Dessert,250
2428,2025-03-18,F01,Beef Burger,Fast Food,450
2428,2025-03-18,F02,French Fries,Fast Food,200
2429,2025-03-12,F01,Beef Burger,Fast Food,450
2429,2025-03-12,F02,French Fries,Fast Food,200
2429,2025-03-12,F14,Chocolate Cake,Dessert,300
2430,2025-05-29,F10,Chicken Biryani,Indian,550
2430,2025-05-29,F11,Raita,Indian,100
2430,2025-05-29,F12,Naan Bread,Indian,80
2431,2025-03-05,F05,Margherita Pizza,Italian,900
2431,2025-03-05,F06,Garlic Bread,Italian,250
2431,2025-03-05,F03,Soda,Beverages,100
2432,2025-04-12,F11,Raita,Indian,100
2432,2025-04-12,F06,Garlic Bread,Italian,250
2432,2025-04-12,F08,Miso Soup,Japanese,150
2432,2025-04-12,F03,Soda,Beverages,100
2433,2025-04-10,F10,Chicken Biryani,Indian,550
2433,2025-04-10,F11,Raita,Indian,100
2433,2025-04-10,F12,Naan Bread,Indian,80
2433,2025-04-10,F15,Ice Cream,Dessert,250
2434,2025-06-11,F02,French Fries,Fast Food,200
2434,2025-06-11,F15,Ice Cream,Dessert,250
2435,2025-02-22,F01,Beef Burger,Fast Food,450
2435,2025-02-22,F02,French Fries,Fast Food,200
2435,2025-02-22,F03,Soda,Beverages,100
2436,2025-01-14,F07,California Roll Sushi,Japanese,700
2436,2025-01-14,F08,Miso Soup,Japanese,150
2437,2025-05-31,F06,Garlic Bread,Italian,250
2437,2025-05-31,F10,Chicken Biryani,Indian,550
2437,2025-05-31,F07,California Roll Sushi,Japanese,700
2438,2025-04-10,F14,Chocolate Cake,Dessert,300
2438,2025-04-10,F09,Green Tea,Beverages,100
2438,2025-04-10,F15,Ice Cream,Dessert,250
2438,2025-04-10,F06,Garlic Bread,Italian,250
2439,2025-04-27,F06,Garlic Bread,Italian,250
2439,2025-04-27,F08,Miso Soup,Japanese,150
2439,2025-04-27,F01,Beef Burger,Fast Food,450
2439,2025-04-27,F15,Ice Cream,Dessert,250
2440,2025-05-27,F10,Chicken Biryani,Indian,550
2440,2025-05-27,F11,Raita,Indian,100
2440,2025-05-27,F12,Naan Bread,Indian,80
2441,2025-03-30,F07,California Roll Sushi,Japanese,700
2441,2025-03-30,F06,Garlic Bread,Italian,250
2441,2025-03-30,F04,Chicken Wings,Fast Food,500
2441,2025-03-30,F03,Soda,Beverages,100
2442,2025-04-23,F07,California Roll Sushi,Japanese,700
2442,2025-04-23,F09,Green Tea,Beverages,100
2442,2025-04-23,F10,Chicken Biryani,Indian,550
2442,2025-04-23,F15,Ice Cream,Dessert,250
2443,2025-06-30,F01,Beef Burger,Fast Food,450
2443,2025-06-30,F08,Miso Soup,Japanese,150
2444,2025-06-04,F10,Chicken Biryani,Indian,550
2444,2025-06-04,F11,Raita,Indian,100
2444,2025-06-04,F12,Naan Bread,Indian,80
2444,2025-06-04,F15,Ice Cream,Dessert,250
2445,2025-05-16,F01,Beef Burger,Fast Food,450
2445,2025-05-16,F02,French Fries,Fast Food,200
2446,2025-05-07,F13,Chapati,Local,50
2446,2025-05-07,F14,Chocolate Cake,Dessert,300
2446,2025-05-07,F03,Soda,Beverages,100
2447,2025-01-13,F11,Raita,Indian,100
2447,2025-01-13,F04,Chicken Wings,Fast Food,500
2447,2025-01-13,F09,Green Tea,Beverages,100
2448,2025-02-09,F04,Chicken Wings,Fast Food,500
2448,2025-02-09,F02,French Fries,Fast Food,200
2448,2025-02-09,F03,Soda,Beverages,100
2449,2025-02-26,F07,California Roll Sushi,Japanese,700
2449,2025-02-26,F08,Miso Soup,Japanese,150
2449,2025-02-26,F12,Naan Bread,Indian,80
2450,2025-05-17,F07,California Roll Sushi,Japanese,700
2450,2025-05-17,F08,Miso Soup,Japanese,150
2451,2025-05-05,F07,California Roll Sushi,Japanese,700
2451,2025-05-05,F08,Miso Soup,Japanese,150
2452,2025-04-08,F11,Raita,Indian,100
2453,2025-05-04,F04,Chicken Wings,Fast Food,500
2453,2025-05-04,F02,French Fries,Fast Food,200
2454,2025-02-22,F04,Chicken Wings,Fast Food,500
2454,2025-02-22,F02,French Fries,Fast Food,200
2455,2025-04-13,F10,Chicken Biryani,Indian,550
2455,2025-04-13,F11,Raita,Indian,100
2455,2025-04-13,F12,Naan Bread,Indian,80
2456,2025-04-07,F05,Margherita Pizza,Italian,900
2456,2025-04-07,F06,Garlic Bread,Italian,250
2456,2025-04-07,F03,Soda,Beverages,100
2456,2025-04-07,F14,Chocolate Cake,Dessert,300
2457,2025-06-27,F10,Chicken Biryani,Indian,550
2457,2025-06-27,F06,Garlic Bread,Italian,250
2457,2025-06-27,F11,Raita,Indian,100
2457,2025-06-27,F15,Ice Cream,Dessert,250
2458,2025-04-09,F07,California Roll Sushi,Japanese,700
2458,2025-04-09,F08,Miso Soup,Japanese,150
2459,2025-03-04,F13,Chapati,Local,50
2459,2025-03-04,F04,Chicken Wings,Fast Food,500
2459,2025-03-04,F09,Green Tea,Beverages,100
2459,2025-03-04,F05,Margherita Pizza,Italian,900
2460,2025-02-02,F07,California Roll Sushi,Japanese,700
2461,2025-06-30,F11,Raita,Indian,100
2461,2025-06-30,F08,Miso Soup,Japanese,150
2461,2025-06-30,F14,Chocolate Cake,Dessert,300
2462,2025-05-14,F10,Chicken Biryani,Indian,550
2463,2025-06-20,F01,Beef Burger,Fast Food,450
2463,2025-06-20,F05,Margherita Pizza,Italian,900
2463,2025-06-20,F11,Raita,Indian,100
2464,2025-01-28,F12,Naan Bread,Indian,80
2465,2025-02-17,F05,Margherita Pizza,Italian,900
2465,2025-02-17,F06,Garlic Bread,Italian,250
2465,2025-02-17,F03,Soda,Beverages,100
2466,2025-03-25,F05,Margherita Pizza,Italian,900
2466,2025-03-25,F06,Garlic Bread,Italian,250
2466,2025-03-25,F07,California Roll Sushi,Japanese,700
2466,2025-03-25,F15,Ice Cream,Dessert,250
2467,2025-05-03,F13,Chapati,Local,50
2467,2025-05-03,F02,French Fries,Fast Food,200
2468,2025-05-26,F09,Green Tea,Beverages,100
2469,2025-04-23,F06,Garlic Bread,Italian,250
2469,2025-04-23,F14,Chocolate Cake,Dessert,300
2470,2025-05-12,F10,Chicken Biryani,Indian,550
2470,2025-05-12,F11,Raita,Indian,100
2470,2025-05-12,F12,Naan Bread,Indian,80
2471,2025-06-08,F10,Chicken Biryani,Indian,550
2471,2025-06-08,F11,Raita,Indian,100
2471,2025-06-08,F12,Naan Bread,Indian,80
2472,2025-01-08,F13,Chapati,Local,50
2472,2025-01-08,F15,Ice Cream,Dessert,250
2473,2025-01-07,F07,California Roll Sushi,Japanese,700
2473,2025-01-07,F08,Miso Soup,Japanese,150
2473,2025-01-07,F09,Green Tea,Beverages,100
2474,2025-01-01,F04,Chicken Wings,Fast Food,500
2474,2025-01-01,F02,French Fries,Fast Food,200
2475,2025-02-02,F01,Beef Burger,Fast Food,450
2475,2025-02-02,F02,French Fries,Fast Food,200
2475,2025-02-02,F15,Ice Cream,Dessert,250
2476,2025-04-14,F04,Chicken Wings,Fast Food,500
2476,2025-04-14,F02,French Fries,Fast Food,200
2476,2025-04-14,F03,Soda,Beverages,100
2476,2025-04-14,F14,Chocolate Cake,Dessert,300
2477,2025-03-17,F06,Garlic Bread,Italian,250
2477,2025-03-17,F13,Chapati,Local,50
2477,2025-03-17,F10,Chicken Biryani,Indian,550
2478,2025-04-12,F01,Beef Burger,Fast Food,450
2478,2025-04-12,F02,French Fries,Fast Food,200
2479,2025-03-25,F07,California Roll Sushi,Japanese,700
2479,2025-03-25,F08,Miso Soup,Japanese,150
2480,2025-02-01,F05,Margherita Pizza,Italian,900
2480,2025-02-01,F06,Garlic Bread,Italian,250
2481,2025-02-09,F13,Chapati,Local,50
2481,2025-02-09,F15,Ice Cream,Dessert,250
2482,2025-04-01,F10,Chicken Biryani,Indian,550
2482,2025-04-01,F11,Raita,Indian,100
2482,2025-04-01,F12,Naan Bread,Indian,80
2483,2025-02-14,F04,Chicken Wings,Fast Food,500
2483,2025-02-14,F02,French Fries,Fast Food,200
2483,2025-02-14,F03,Soda,Beverages,100
2484,2025-03-06,F07,California Roll Sushi,Japanese,700
2484,2025-03-06,F08,Miso Soup,Japanese,150
2485,2025-04-19,F12,Naan Bread,Indian,80
2485,2025-04-19,F15,Ice Cream,Dessert,250
2486,2025-04-24,F05,Margherita Pizza,Italian,900
2486,2025-04-24,F09,Green Tea,Beverages,100
2486,2025-04-24,F08,Miso Soup,Japanese,150
2487,2025-02-02,F05,Margherita Pizza,Italian,900
2487,2025-02-02,F06,Garlic Bread,Italian,250
2487,2025-02-02,F03,Soda,Beverages,100
2487,2025-02-02,F15,Ice Cream,Dessert,250
2488,2025-01-16,F04,Chicken Wings,Fast Food,500
2489,2025-06-16,F04,Chicken Wings,Fast Food,500
2489,2025-06-16,F02,French Fries,Fast Food,200
2489,2025-06-16,F03,Soda,Beverages,100
2490,2025-03-17,F14,Chocolate Cake,Dessert,300
2491,2025-06-17,F11,Raita,Indian,100
2491,2025-06-17,F04,Chicken Wings,Fast Food,500
2492,2025-05-26,F10,Chicken Biryani,Indian,550
2492,2025-05-26,F14,Chocolate Cake,Dessert,300
2493,2025-03-29,F01,Beef Burger,Fast Food,450
2493,2025-03-29,F02,French Fries,Fast Food,200
2494,2025-04-26,F11,Raita,Indian,100
2495,2025-01-10,F04,Chicken Wings,Fast Food,500
2495,2025-01-10,F02,French Fries,Fast Food,200
2496,2025-01-26,F04,Chicken Wings,Fast Food,500
2496,2025-01-26,F02,French Fries,Fast Food,200
2497,2025-03-15,F10,Chicken Biryani,Indian,550
2497,2025-03-15,F11,Raita,Indian,100
2497,2025-03-15,F12,Naan Bread,Indian,80
2497,2025-03-15,F15,Ice Cream,Dessert,250
2498,2025-01-17,F01,Beef Burger,Fast Food,450
2498,2025-01-17,F02,French Fries,Fast Food,200
2498,2025-01-17,F03,Soda,Beverages,100
2498,2025-01-17,F12,Naan Bread,Indian,80
2499,2025-05-03,F06,Garlic Bread,Italian,250
2499,2025-05-03,F12,Naan Bread,Indian,80
2499,2025-05-03,F15,Ice Cream,Dessert,250
2500,2025-01-09,F01,Beef Burger,Fast Food,450
2500,2025-01-09,F10,Chicken Biryani,Indian,550
2501,2025-06-14,F04,Chicken Wings,Fast Food,500
2501,2025-06-14,F02,French Fries,Fast Food,200
2502,2025-06-14,F05,Margherita Pizza,Italian,900
2502,2025-06-14,F06,Garlic Bread,Italian,250
2503,2025-03-17,F14,Chocolate Cake,Dessert,300
2503,2025-03-17,F04,Chicken Wings,Fast Food,500
2503,2025-03-17,F10,Chicken Biryani,Indian,550
2503,2025-03-17,F03,Soda,Beverages,100
2504,2025-04-03,F03,Soda,Beverages,100
2505,2025-02-11,F05,Margherita Pizza,Italian,900
2505,2025-02-11,F06,Garlic Bread,Italian,250
2505,2025-02-11,F03,Soda,Beverages,100
2505,2025-02-11,F15,Ice Cream,Dessert,250
2506,2025-03-09,F10,Chicken Biryani,Indian,550
2506,2025-03-09,F11,Raita,Indian,100
2506,2025-03-09,F12,Naan Bread,Indian,80
2507,2025-02-03,F10,Chicken Biryani,Indian,550
2508,2025-03-30,F07,California Roll Sushi,Japanese,700
2508,2025-03-30,F12,Naan Bread,Indian,80
2508,2025-03-30,F04,Chicken Wings,Fast Food,500
2509,2025-03-24,F10,Chicken Biryani,Indian,550
2510,2025-04-24,F13,Chapati,Local,50
2510,2025-04-24,F14,Chocolate Cake,Dessert,300
2510,2025-04-24,F12,Naan Bread,Indian,80
2511,2025-06-18,F12,Naan Bread,Indian,80
2511,2025-06-18,F11,Raita,Indian,100
2512,2025-06-22,F09,Green Tea,Beverages,100
2513,2025-04-03,F09,Green Tea,Beverages,100
2513,2025-04-03,F08,Miso Soup,Japanese,150
2513,2025-04-03,F01,Beef Burger,Fast Food,450
2513,2025-04-03,F03,Soda,Beverages,100
2514,2025-04-24,F05,Margherita Pizza,Italian,900
2514,2025-04-24,F06,Garlic Bread,Italian,250
2515,2025-02-09,F04,Chicken Wings,Fast Food,500
2515,2025-02-09,F02,French Fries,Fast Food,200
2515,2025-02-09,F15,Ice Cream,Dessert,250
2516,2025-01-23,F06,Garlic Bread,Italian,250
2517,2025-01-06,F07,California Roll Sushi,Japanese,700
2518,2025-04-12,F07,California Roll Sushi,Japanese,700
2518,2025-04-12,F08,Miso Soup,Japanese,150
2518,2025-04-12,F09,Green Tea,Beverages,100
2519,2025-05-17,F10,Chicken Biryani,Indian,550
2519,2025-05-17,F11,Raita,Indian,100
2519,2025-05-17,F12,Naan Bread,Indian,80
2520,2025-02-05,F10,Chicken Biryani,Indian,550
2520,2025-02-05,F11,Raita,Indian,100
2520,2025-02-05,F12,Naan Bread,Indian,80
2521,2025-02-23,F05,Margherita Pizza,Italian,900
2521,2025-02-23,F06,Garlic Bread,Italian,250
2522,2025-06-29,F01,Beef Burger,Fast Food,450
2522,2025-06-29,F02,French Fries,Fast Food,200
2523,2025-01-15,F07,California Roll Sushi,Japanese,700
2523,2025-01-15,F08,Miso Soup,Japanese,150
2523,2025-01-15,F09,Green Tea,Beverages,100
2524,2025-01-09,F07,California Roll Sushi,Japanese,700
2524,2025-01-09,F02,French Fries,Fast Food,200
2524,2025-01-09,F14,Chocolate Cake,Dessert,300
2524,2025-01-09,F12,Naan Bread,Indian,80
2524,2025-01-09,F15,Ice Cream,Dessert,250
2525,2025-05-24,F07,California Roll Sushi,Japanese,700
2525,2025-05-24,F08,Miso Soup,Japanese,150
2525,2025-05-24,F09,Green Tea,Beverages,100
2526,2025-06-11,F05,Margherita Pizza,Italian,900
2526,2025-06-11,F06,Garlic Bread,Italian,250
2526,2025-06-11,F03,Soda,Beverages,100
2527,2025-06-06,F01,Beef Burger,Fast Food,450
2527,2025-06-06,F06,Garlic Bread,Italian,250
2527,2025-06-06,F08,Miso Soup,Japanese,150
2527,2025-06-06,F15,Ice Cream,Dessert,250
2528,2025-02-05,F05,Margherita Pizza,Italian,900
2528,2025-02-05,F06,Garlic Bread,Italian,250
2529,2025-04-19,F07,California Roll Sushi,Japanese,700
2530,2025-05-17,F09,Green Tea,Beverages,100
2530,2025-05-17,F01,Beef Burger,Fast Food,450
2530,2025-05-17,F15,Ice Cream,Dessert,250
2531,2025-05-20,F07,California Roll Sushi,Japanese,700
2531,2025-05-20,F08,Miso Soup,Japanese,150
2531,2025-05-20,F15,Ice Cream,Dessert,250
2532,2025-01-19,F07,California Roll Sushi,Japanese,700
2532,2025-01-19,F08,Miso Soup,Japanese,150
2532,2025-01-19,F09,Green Tea,Beverages,100
2533,2025-03-06,F10,Chicken Biryani,Indian,550
2533,2025-03-06,F11,Raita,Indian,100
2533,2025-03-06,F12,Naan Bread,Indian,80
2533,2025-03-06,F14,Chocolate Cake,Dessert,300
2534,2025-06-09,F04,Chicken Wings,Fast Food,500
2534,2025-06-09,F02,French Fries,Fast Food,200
2534,2025-06-09,F14,Chocolate Cake,Dessert,300
2535,2025-05-31,F01,Beef Burger,Fast Food,450
2535,2025-05-31,F02,French Fries,Fast Food,200
2535,2025-05-31,F03,Soda,Beverages,100
2535,2025-05-31,F15,Ice Cream,Dessert,250
2536,2025-04-07,F04,Chicken Wings,Fast Food,500
2536,2025-04-07,F02,French Fries,Fast Food,200
2537,2025-03-11,F07,California Roll Sushi,Japanese,700
2537,2025-03-11,F08,Miso Soup,Japanese,150
2537,2025-03-11,F09,Green Tea,Beverages,100
2538,2025-06-27,F11,Raita,Indian,100
2539,2025-02-02,F04,Chicken Wings,Fast Food,500
2539,2025-02-02,F02,French Fries,Fast Food,200
2540,2025-01-28,F14,Chocolate Cake,Dessert,300
2540,2025-01-28,F03,Soda,Beverages,100
2541,2025-01-25,F10,Chicken Biryani,Indian,550
2541,2025-01-25,F11,Raita,Indian,100
2541,2025-01-25,F12,Naan Bread,Indian,80
2542,2025-01-21,F01,Beef Burger,Fast Food,450
2542,2025-01-21,F02,French Fries,Fast Food,200
2543,2025-01-12,F06,Garlic Bread,Italian,250
2543,2025-01-12,F14,Chocolate Cake,Dessert,300
2544,2025-05-12,F09,Green Tea,Beverages,100
2544,2025-05-12,F11,Raita,Indian,100
2544,2025-05-12,F04,Chicken Wings,Fast Food,500
2544,2025-05-12,F12,Naan Bread,Indian,80
2545,2025-01-20,F08,Miso Soup,Japanese,150
2545,2025-01-20,F11,Raita,Indian,100
2546,2025-05-31,F04,Chicken Wings,Fast Food,500
2547,2025-02-18,F04,Chicken Wings,Fast Food,500
2548,2025-02-14,F07,California Roll Sushi,Japanese,700
2548,2025-02-14,F08,Miso Soup,Japanese,150
2549,2025-02-12,F07,California Roll Sushi,Japanese,700
2549,2025-02-12,F08,Miso Soup,Japanese,150
2550,2025-05-26,F06,Garlic Bread,Italian,250
2551,2025-05-29,F07,California Roll Sushi,Japanese,700
2551,2025-05-29,F08,Miso Soup,Japanese,150
2551,2025-05-29,F13,Chapati,Local,50
2552,2025-06-12,F10,Chicken Biryani,Indian,550
2552,2025-06-12,F11,Raita,Indian,100
2552,2025-06-12,F12,Naan Bread,Indian,80
2552,2025-06-12,F14,Chocolate Cake,Dessert,300
2553,2025-06-20,F02,French Fries,Fast Food,200
2553,2025-06-20,F10,Chicken Biryani,Indian,550
2554,2025-03-21,F07,California Roll Sushi,Japanese,700
2555,2025-06-22,F13,Chapati,Local,50
2555,2025-06-22,F10,Chicken Biryani,Indian,550
2555,2025-06-22,F02,French Fries,Fast Food,200
2555,2025-06-22,F05,Margherita Pizza,Italian,900
2555,2025-06-22,F14,Chocolate Cake,Dessert,300
2556,2025-05-06,F10,Chicken Biryani,Indian,550
2556,2025-05-06,F11,Raita,Indian,100
2556,2025-05-06,F12,Naan Bread,Indian,80
2557,2025-06-26,F05,Margherita Pizza,Italian,900
2557,2025-06-26,F06,Garlic Bread,Italian,250
2558,2025-04-29,F04,Chicken Wings,Fast Food,500
2558,2025-04-29,F02,French Fries,Fast Food,200
2558,2025-04-29,F15,Ice Cream,Dessert,250
2559,2025-01-16,F11,Raita,Indian,100
2560,2025-03-06,F05,Margherita Pizza,Italian,900
2560,2025-03-06,F06,Garlic Bread,Italian,250
2561,2025-01-01,F08,Miso Soup,Japanese,150
2561,2025-01-01,F14,Chocolate Cake,Dessert,300
2562,2025-03-20,F10,Chicken Biryani,Indian,550
2562,2025-03-20,F08,Miso Soup,Japanese,150
2562,2025-03-20,F12,Naan Bread,Indian,80
2562,2025-03-20,F15,Ice Cream,Dessert,250
2563,2025-04-05,F15,Ice Cream,Dessert,250
2564,2025-05-04,F06,Garlic Bread,Italian,250
2564,2025-05-04,F08,Miso Soup,Japanese,150
2564,2025-05-04,F04,Chicken Wings,Fast Food,500
2564,2025-05-04,F03,Soda,Beverages,100
2564,2025-05-04,F14,Chocolate Cake,Dessert,300
2565,2025-05-14,F10,Chicken Biryani,Indian,550
2565,2025-05-14,F11,Raita,Indian,100
2565,2025-05-14,F12,Naan Bread,Indian,80
2566,2025-01-12,F15,Ice Cream,Dessert,250
2566,2025-01-12,F02,French Fries,Fast Food,200
2566,2025-01-12,F08,Miso Soup,Japanese,150
2566,2025-01-12,F09,Green Tea,Beverages,100
2567,2025-02-08,F14,Chocolate Cake,Dessert,300
2567,2025-02-08,F01,Beef Burger,Fast Food,450
2568,2025-01-26,F05,Margherita Pizza,Italian,900
2568,2025-01-26,F01,Beef Burger,Fast Food,450
2569,2025-04-06,F01,Beef Burger,Fast Food,450
2569,2025-04-06,F06,Garlic Bread,Italian,250
2569,2025-04-06,F07,California Roll Sushi,Japanese,700
2569,2025-04-06,F02,French Fries,Fast Food,200
2570,2025-04-18,F10,Chicken Biryani,Indian,550
2570,2025-04-18,F11,Raita,Indian,100
2570,2025-04-18,F12,Naan Bread,Indian,80
2570,2025-04-18,F15,Ice Cream,Dessert,250
2571,2025-03-22,F07,California Roll Sushi,Japanese,700
2571,2025-03-22,F08,Miso Soup,Japanese,150
2572,2025-05-12,F07,California Roll Sushi,Japanese,700
2572,2025-05-12,F11,Raita,Indian,100
2572,2025-05-12,F13,Chapati,Local,50
2572,2025-05-12,F09,Green Tea,Beverages,100
2573,2025-06-14,F10,Chicken Biryani,Indian,550
2573,2025-06-14,F11,Raita,Indian,100
2573,2025-06-14,F12,Naan Bread,Indian,80
2574,2025-06-19,F07,California Roll Sushi,Japanese,700
2574,2025-06-19,F08,Miso Soup,Japanese,150
2574,2025-06-19,F09,Green Tea,Beverages,100
2575,2025-03-19,F06,Garlic Bread,Italian,250
2576,2025-04-08,F14,Chocolate Cake,Dessert,300
2577,2025-04-03,F11,Raita,Indian,100
2578,2025-04-05,F04,Chicken Wings,Fast Food,500
2578,2025-04-05,F02,French Fries,Fast Food,200
2578,2025-04-05,F03,Soda,Beverages,100
2579,2025-05-03,F07,California Roll Sushi,Japanese,700
2579,2025-05-03,F15,Ice Cream,Dessert,250
2580,2025-04-18,F01,Beef Burger,Fast Food,450
2580,2025-04-18,F02,French Fries,Fast Food,200
2580,2025-04-18,F03,Soda,Beverages,100
2581,2025-01-22,F04,Chicken Wings,Fast Food,500
2581,2025-01-22,F11,Raita,Indian,100
2581,2025-01-22,F14,Chocolate Cake,Dessert,300
2582,2025-02-19,F01,Beef Burger,Fast Food,450
2582,2025-02-19,F02,French Fries,Fast Food,200
2582,2025-02-19,F03,Soda,Beverages,100
2582,2025-02-19,F12,Naan Bread,Indian,80
2582,2025-02-19,F14,Chocolate Cake,Dessert,300
2583,2025-06-18,F04,Chicken Wings,Fast Food,500
2583,2025-06-18,F02,French Fries,Fast Food,200
2583,2025-06-18,F03,Soda,Beverages,100
2584,2025-05-22,F05,Margherita Pizza,Italian,900
2584,2025-05-22,F06,Garlic Bread,Italian,250
2585,2025-02-23,F01,Beef Burger,Fast Food,450
2585,2025-02-23,F02,French Fries,Fast Food,200
2585,2025-02-23,F03,Soda,Beverages,100
2586,2025-06-24,F10,Chicken Biryani,Indian,550
2586,2025-06-24,F11,Raita,Indian,100
2586,2025-06-24,F12,Naan Bread,Indian,80
2587,2025-01-24,F11,Raita,Indian,100
2587,2025-01-24,F15,Ice Cream,Dessert,250
2588,2025-02-24,F07,California Roll Sushi,Japanese,700
2588,2025-02-24,F08,Miso Soup,Japanese,150
2589,2025-04-10,F03,Soda,Beverages,100
2589,2025-04-10,F14,Chocolate Cake,Dessert,300
2590,2025-02-07,F02,French Fries,Fast Food,200
2591,2025-03-26,F14,Chocolate Cake,Dessert,300
2591,2025-03-26,F12,Naan Bread,Indian,80
2591,2025-03-26,F07,California Roll Sushi,Japanese,700
2592,2025-06-04,F10,Chicken Biryani,Indian,550
2592,2025-06-04,F15,Ice Cream,Dessert,250
2592,2025-06-04,F02,French Fries,Fast Food,200
2592,2025-06-04,F11,Raita,Indian,100
2593,2025-06-29,F04,Chicken Wings,Fast Food,500
2593,2025-06-29,F02,French Fries,Fast Food,200
2594,2025-03-20,F15,Ice Cream,Dessert,250
2594,2025-03-20,F01,Beef Burger,Fast Food,450
2594,2025-03-20,F04,Chicken Wings,Fast Food,500
2595,2025-05-06,F05,Margherita Pizza,Italian,900
2595,2025-05-06,F06,Garlic Bread,Italian,250
2596,2025-05-21,F09,Green Tea,Beverages,100
2597,2025-06-09,F03,Soda,Beverages,100
2597,2025-06-09,F14,Chocolate Cake,Dessert,300
2597,2025-06-09,F12,Naan Bread,Indian,80
2598,2025-05-09,F08,Miso Soup,Japanese,150
2599,2025-05-16,F09,Green Tea,Beverages,100
2599,2025-05-16,F06,Garlic Bread,Italian,250
2599,2025-05-16,F05,Margherita Pizza,Italian,900
2599,2025-05-16,F14,Chocolate Cake,Dessert,300
2600,2025-01-20,F05,Margherita Pizza,Italian,900
2600,2025-01-20,F06,Garlic Bread,Italian,250
2600,2025-01-20,F03,Soda,Beverages,100
2600,2025-01-20,F15,Ice Cream,Dessert,250
2601,2025-02-13,F01,Beef Burger,Fast Food,450
2601,2025-02-13,F02,French Fries,Fast Food,200
2601,2025-02-13,F03,Soda,Beverages,100
2602,2025-05-28,F07,California Roll Sushi,Japanese,700
2602,2025-05-28,F08,Miso Soup,Japanese,150
2602,2025-05-28,F09,Green Tea,Beverages,100
2602,2025-05-28,F14,Chocolate Cake,Dessert,300
2603,2025-05-16,F15,Ice Cream,Dessert,250
2604,2025-05-24,F07,California Roll Sushi,Japanese,700
2604,2025-05-24,F08,Miso Soup,Japanese,150
2604,2025-05-24,F09,Green Tea,Beverages,100
2605,2025-02-20,F01,Beef Burger,Fast Food,450
2605,2025-02-20,F15,Ice Cream,Dessert,250
2606,2025-02-25,F04,Chicken Wings,Fast Food,500
2606,2025-02-25,F14,Chocolate Cake,Dessert,300
2606,2025-02-25,F10,Chicken Biryani,Indian,550
2606,2025-02-25,F08,Miso Soup,Japanese,150
2607,2025-06-09,F02,French Fries,Fast Food,200
2607,2025-06-09,F04,Chicken Wings,Fast Food,500
2608,2025-02-27,F14,Chocolate Cake,Dessert,300
2608,2025-02-27,F05,Margherita Pizza,Italian,900
2608,2025-02-27,F06,Garlic Bread,Italian,250
2608,2025-02-27,F15,Ice Cream,Dessert,250
2609,2025-02-23,F08,Miso Soup,Japanese,150
2609,2025-02-23,F05,Margherita Pizza,Italian,900
2609,2025-02-23,F06,Garlic Bread,Italian,250
2610,2025-01-14,F14,Chocolate Cake,Dessert,300
2611,2025-06-17,F09,Green Tea,Beverages,100
2611,2025-06-17,F01,Beef Burger,Fast Food,450
2611,2025-06-17,F12,Naan Bread,Indian,80
2612,2025-02-09,F01,Beef Burger,Fast Food,450
2612,2025-02-09,F02,French Fries,Fast Food,200
2613,2025-03-07,F07,California Roll Sushi,Japanese,700
2613,2025-03-07,F08,Miso Soup,Japanese,150
2614,2025-01-31,F01,Beef Burger,Fast Food,450
2615,2025-03-18,F02,French Fries,Fast Food,200
2615,2025-03-18,F11,Raita,Indian,100
2616,2025-02-24,F13,Chapati,Local,50
2616,2025-02-24,F15,Ice Cream,Dessert,250
2617,2025-01-22,F10,Chicken Biryani,Indian,550
2617,2025-01-22,F11,Raita,Indian,100
2617,2025-01-22,F12,Naan Bread,Indian,80
2618,2025-06-25,F05,Margherita Pizza,Italian,900
2618,2025-06-25,F15,Ice Cream,Dessert,250
2619,2025-02-12,F07,California Roll Sushi,Japanese,700
2619,2025-02-12,F08,Miso Soup,Japanese,150
2620,2025-03-25,F07,California Roll Sushi,Japanese,700
2620,2025-03-25,F08,Miso Soup,Japanese,150
2621,2025-01-09,F11,Raita,Indian,100
2621,2025-01-09,F06,Garlic Bread,Italian,250
2622,2025-06-06,F11,Raita,Indian,100
2622,2025-06-06,F08,Miso Soup,Japanese,150
2622,2025-06-06,F02,French Fries,Fast Food,200
2622,2025-06-06,F14,Chocolate Cake,Dessert,300
2623,2025-02-15,F07,California Roll Sushi,Japanese,700
2623,2025-02-15,F11,Raita,Indian,100
2624,2025-01-01,F15,Ice Cream,Dessert,250
2625,2025-02-08,F04,Chicken Wings,Fast Food,500
2625,2025-02-08,F02,French Fries,Fast Food,200
2625,2025-02-08,F03,Soda,Beverages,100
2626,2025-04-09,F04,Chicken Wings,Fast Food,500
2626,2025-04-09,F02,French Fries,Fast Food,200
2626,2025-04-09,F03,Soda,Beverages,100
2627,2025-04-02,F10,Chicken Biryani,Indian,550
2627,2025-04-02,F11,Raita,Indian,100
2627,2025-04-02,F12,Naan Bread,Indian,80
2627,2025-04-02,F14,Chocolate Cake,Dessert,300
2628,2025-03-25,F09,Green Tea,Beverages,100
2628,2025-03-25,F06,Garlic Bread,Italian,250
2629,2025-05-12,F01,Beef Burger,Fast Food,450
2629,2025-05-12,F02,French Fries,Fast Food,200
2630,2025-06-03,F04,Chicken Wings,Fast Food,500
2630,2025-06-03,F02,French Fries,Fast Food,200
2631,2025-01-12,F12,Naan Bread,Indian,80
2632,2025-05-24,F01,Beef Burger,Fast Food,450
2633,2025-06-28,F13,Chapati,Local,50
2633,2025-06-28,F15,Ice Cream,Dessert,250
2634,2025-05-12,F01,Beef Burger,Fast Food,450
2634,2025-05-12,F08,Miso Soup,Japanese,150
2634,2025-05-12,F07,California Roll Sushi,Japanese,700
2635,2025-01-05,F10,Chicken Biryani,Indian,550
2635,2025-01-05,F15,Ice Cream,Dessert,250
2635,2025-01-05,F08,Miso Soup,Japanese,150
2636,2025-05-02,F04,Chicken Wings,Fast Food,500
2636,2025-05-02,F02,French Fries,Fast Food,200
2636,2025-05-02,F03,Soda,Beverages,100
2636,2025-05-02,F15,Ice Cream,Dessert,250
2637,2025-06-18,F01,Beef Burger,Fast Food,450
2637,2025-06-18,F02,French Fries,Fast Food,200
2637,2025-06-18,F03,Soda,Beverages,100
2637,2025-06-18,F11,Raita,Indian,100
2638,2025-03-09,F04,Chicken Wings,Fast Food,500
2638,2025-03-09,F02,French Fries,Fast Food,200
2638,2025-03-09,F14,Chocolate Cake,Dessert,300
2639,2025-03-12,F06,Garlic Bread,Italian,250
2639,2025-03-12,F12,Naan Bread,Indian,80
2639,2025-03-12,F04,Chicken Wings,Fast Food,500
2639,2025-03-12,F15,Ice Cream,Dessert,250
2640,2025-04-30,F04,Chicken Wings,Fast Food,500
2640,2025-04-30,F02,French Fries,Fast Food,200
2640,2025-04-30,F03,Soda,Beverages,100
2641,2025-02-21,F07,California Roll Sushi,Japanese,700
2641,2025-02-21,F14,Chocolate Cake,Dessert,300
2642,2025-05-22,F01,Beef Burger,Fast Food,450
2642,2025-05-22,F02,French Fries,Fast Food,200
2642,2025-05-22,F03,Soda,Beverages,100
2643,2025-03-20,F08,Miso Soup,Japanese,150
2643,2025-03-20,F07,California Roll Sushi,Japanese,700
2643,2025-03-20,F09,Green Tea,Beverages,100
2644,2025-06-26,F09,Green Tea,Beverages,100
2645,2025-05-09,F01,Beef Burger,Fast Food,450
2645,2025-05-09,F02,French Fries,Fast Food,200
2646,2025-02-20,F02,French Fries,Fast Food,200
2646,2025-02-20,F11,Raita,Indian,100
2646,2025-02-20,F10,Chicken Biryani,Indian,550
2646,2025-02-20,F14,Chocolate Cake,Dessert,300
2647,2025-03-22,F07,California Roll Sushi,Japanese,700
2647,2025-03-22,F10,Chicken Biryani,Indian,550
2647,2025-03-22,F03,Soda,Beverages,100
2647,2025-03-22,F14,Chocolate Cake,Dessert,300
2648,2025-06-11,F09,Green Tea,Beverages,100
2648,2025-06-11,F08,Miso Soup,Japanese,150
2648,2025-06-11,F15,Ice Cream,Dessert,250
2649,2025-06-25,F10,Chicken Biryani,Indian,550
2650,2025-02-18,F10,Chicken Biryani,Indian,550
2650,2025-02-18,F11,Raita,Indian,100
2650,2025-02-18,F12,Naan Bread,Indian,80
2651,2025-05-03,F15,Ice Cream,Dessert,250
2652,2025-01-24,F04,Chicken Wings,Fast Food,500
2652,2025-01-24,F02,French Fries,Fast Food,200
2653,2025-04-07,F01,Beef Burger,Fast Food,450
2653,2025-04-07,F02,French Fries,Fast Food,200
2653,2025-04-07,F14,Chocolate Cake,Dessert,300
2654,2025-05-30,F01,Beef Burger,Fast Food,450
2654,2025-05-30,F02,French Fries,Fast Food,200
2654,2025-05-30,F03,Soda,Beverages,100
2655,2025-03-18,F07,California Roll Sushi,Japanese,700
2655,2025-03-18,F08,Miso Soup,Japanese,150
2655,2025-03-18,F15,Ice Cream,Dessert,250
2656,2025-04-29,F09,Green Tea,Beverages,100
2656,2025-04-29,F03,Soda,Beverages,100
2656,2025-04-29,F11,Raita,Indian,100
2656,2025-04-29,F06,Garlic Bread,Italian,250
2657,2025-03-22,F12,Naan Bread,Indian,80
2658,2025-02-19,F08,Miso Soup,Japanese,150
2658,2025-02-19,F12,Naan Bread,Indian,80
2658,2025-02-19,F15,Ice Cream,Dessert,250
2659,2025-01-13,F10,Chicken Biryani,Indian,550
2659,2025-01-13,F11,Raita,Indian,100
2659,2025-01-13,F12,Naan Bread,Indian,80
2660,2025-03-07,F10,Chicken Biryani,Indian,550
2660,2025-03-07,F11,Raita,Indian,100
2660,2025-03-07,F12,Naan Bread,Indian,80
2661,2025-02-19,F15,Ice Cream,Dessert,250
2661,2025-02-19,F07,California Roll Sushi,Japanese,700
2661,2025-02-19,F12,Naan Bread,Indian,80
2662,2025-01-05,F03,Soda,Beverages,100
2662,2025-01-05,F07,California Roll Sushi,Japanese,700
2662,2025-01-05,F10,Chicken Biryani,Indian,550
2662,2025-01-05,F13,Chapati,Local,50
2663,2025-01-12,F10,Chicken Biryani,Indian,550
2663,2025-01-12,F11,Raita,Indian,100
2663,2025-01-12,F12,Naan Bread,Indian,80
2664,2025-02-07,F04,Chicken Wings,Fast Food,500
2664,2025-02-07,F02,French Fries,Fast Food,200
2664,2025-02-07,F03,Soda,Beverages,100
2665,2025-03-23,F01,Beef Burger,Fast Food,450
2665,2025-03-23,F02,French Fries,Fast Food,200
2665,2025-03-23,F03,Soda,Beverages,100
2665,2025-03-23,F14,Chocolate Cake,Dessert,300
2666,2025-03-01,F01,Beef Burger,Fast Food,450
2666,2025-03-01,F02,French Fries,Fast Food,200
2666,2025-03-01,F03,Soda,Beverages,100
2667,2025-01-09,F07,California Roll Sushi,Japanese,700
2667,2025-01-09,F08,Miso Soup,Japanese,150
2667,2025-01-09,F09,Green Tea,Beverages,100
2668,2025-01-28,F10,Chicken Biryani,Indian,550
2668,2025-01-28,F11,Raita,Indian,100
2668,2025-01-28,F12,Naan Bread,Indian,80
2669,2025-05-02,F07,California Roll Sushi,Japanese,700
2669,2025-05-02,F08,Miso Soup,Japanese,150
2670,2025-02-23,F01,Beef Burger,Fast Food,450
2670,2025-02-23,F02,French Fries,Fast Food,200
2671,2025-03-05,F01,Beef Burger,Fast Food,450
2671,2025-03-05,F02,French Fries,Fast Food,200
2671,2025-03-05,F03,Soda,Beverages,100
2672,2025-05-02,F15,Ice Cream,Dessert,250
2673,2025-03-30,F01,Beef Burger,Fast Food,450
2673,2025-03-30,F02,French Fries,Fast Food,200
2674,2025-06-08,F07,California Roll Sushi,Japanese,700
2674,2025-06-08,F08,Miso Soup,Japanese,150
2674,2025-06-08,F14,Chocolate Cake,Dessert,300
2675,2025-06-24,F05,Margherita Pizza,Italian,900
2676,2025-02-07,F05,Margherita Pizza,Italian,900
2676,2025-02-07,F06,Garlic Bread,Italian,250
2676,2025-02-07,F03,Soda,Beverages,100
2677,2025-03-02,F10,Chicken Biryani,Indian,550
2677,2025-03-02,F15,Ice Cream,Dessert,250
2677,2025-03-02,F01,Beef Burger,Fast Food,450
2677,2025-03-02,F03,Soda,Beverages,100
2678,2025-03-07,F03,Soda,Beverages,100
2679,2025-03-20,F07,California Roll Sushi,Japanese,700
2679,2025-03-20,F08,Miso Soup,Japanese,150
2679,2025-03-20,F09,Green Tea,Beverages,100
2679,2025-03-20,F01,Beef Burger,Fast Food,450
2680,2025-02-01,F01,Beef Burger,Fast Food,450
2680,2025-02-01,F02,French Fries,Fast Food,200
2680,2025-02-01,F14,Chocolate Cake,Dessert,300
2681,2025-04-03,F01,Beef Burger,Fast Food,450
2681,2025-04-03,F07,California Roll Sushi,Japanese,700
2681,2025-04-03,F10,Chicken Biryani,Indian,550
2681,2025-04-03,F12,Naan Bread,Indian,80
2681,2025-04-03,F14,Chocolate Cake,Dessert,300
2682,2025-01-04,F05,Margherita Pizza,Italian,900
2682,2025-01-04,F06,Garlic Bread,Italian,250
2683,2025-03-12,F07,California Roll Sushi,Japanese,700
2684,2025-04-06,F04,Chicken Wings,Fast Food,500
2684,2025-04-06,F08,Miso Soup,Japanese,150
2684,2025-04-06,F09,Green Tea,Beverages,100
2685,2025-06-25,F12,Naan Bread,Indian,80
2685,2025-06-25,F02,French Fries,Fast Food,200
2686,2025-04-06,F03,Soda,Beverages,100
2686,2025-04-06,F15,Ice Cream,Dessert,250
2687,2025-03-19,F04,Chicken Wings,Fast Food,500
2687,2025-03-19,F02,French Fries,Fast Food,200
2687,2025-03-19,F03,Soda,Beverages,100
2688,2025-01-19,F04,Chicken Wings,Fast Food,500
2689,2025-06-11,F07,California Roll Sushi,Japanese,700
2690,2025-01-18,F07,California Roll Sushi,Japanese,700
2690,2025-01-18,F08,Miso Soup,Japanese,150
2690,2025-01-18,F14,Chocolate Cake,Dessert,300
2691,2025-01-06,F12,Naan Bread,Indian,80
2691,2025-01-06,F15,Ice Cream,Dessert,250
2691,2025-01-06,F05,Margherita Pizza,Italian,900
2691,2025-01-06,F01,Beef Burger,Fast Food,450
2692,2025-01-11,F07,California Roll Sushi,Japanese,700
2692,2025-01-11,F08,Miso Soup,Japanese,150
2693,2025-05-28,F07,California Roll Sushi,Japanese,700
2693,2025-05-28,F08,Miso Soup,Japanese,150
2694,2025-06-07,F04,Chicken Wings,Fast Food,500
2694,2025-06-07,F12,Naan Bread,Indian,80
2695,2025-03-29,F09,Green Tea,Beverages,100
2696,2025-06-24,F06,Garlic Bread,Italian,250
2696,2025-06-24,F07,California Roll Sushi,Japanese,700
2697,2025-02-19,F05,Margherita Pizza,Italian,900
2697,2025-02-19,F06,Garlic Bread,Italian,250
2697,2025-02-19,F03,Soda,Beverages,100
2698,2025-01-06,F01,Beef Burger,Fast Food,450
2698,2025-01-06,F02,French Fries,Fast Food,200
2699,2025-02-09,F05,Margherita Pizza,Italian,900
2699,2025-02-09,F06,Garlic Bread,Italian,250
2700,2025-06-20,F07,California Roll Sushi,Japanese,700
2700,2025-06-20,F08,Miso Soup,Japanese,150
2700,2025-06-20,F09,Green Tea,Beverages,100
2700,2025-06-20,F15,Ice Cream,Dessert,250
2701,2025-02-12,F10,Chicken Biryani,Indian,550
2701,2025-02-12,F11,Raita,Indian,100
2701,2025-02-12,F12,Naan Bread,Indian,80
2702,2025-04-09,F11,Raita,Indian,100
2702,2025-04-09,F15,Ice Cream,Dessert,250
2703,2025-02-13,F04,Chicken Wings,Fast Food,500
2703,2025-02-13,F02,French Fries,Fast Food,200
2704,2025-03-09,F10,Chicken Biryani,Indian,550
2704,2025-03-09,F09,Green Tea,Beverages,100
2705,2025-04-07,F07,California Roll Sushi,Japanese,700
2705,2025-04-07,F08,Miso Soup,Japanese,150
2705,2025-04-07,F03,Soda,Beverages,100
2705,2025-04-07,F02,French Fries,Fast Food,200
2706,2025-04-12,F01,Beef Burger,Fast Food,450
2706,2025-04-12,F07,California Roll Sushi,Japanese,700
2706,2025-04-12,F12,Naan Bread,Indian,80
2706,2025-04-12,F11,Raita,Indian,100
2706,2025-04-12,F15,Ice Cream,Dessert,250
2707,2025-01-24,F07,California Roll Sushi,Japanese,700
2707,2025-01-24,F08,Miso Soup,Japanese,150
2707,2025-01-24,F14,Chocolate Cake,Dessert,300
2708,2025-04-09,F12,Naan Bread,Indian,80
2708,2025-04-09,F06,Garlic Bread,Italian,250
2708,2025-04-09,F10,Chicken Biryani,Indian,550
2708,2025-04-09,F14,Chocolate Cake,Dessert,300
2709,2025-05-23,F04,Chicken Wings,Fast Food,500
2709,2025-05-23,F02,French Fries,Fast Food,200
2709,2025-05-23,F03,Soda,Beverages,100
2709,2025-05-23,F15,Ice Cream,Dessert,250
2710,2025-02-15,F05,Margherita Pizza,Italian,900
2710,2025-02-15,F06,Garlic Bread,Italian,250
2710,2025-02-15,F11,Raita,Indian,100
2711,2025-02-20,F05,Margherita Pizza,Italian,900
2711,2025-02-20,F06,Garlic Bread,Italian,250
2712,2025-03-01,F13,Chapati,Local,50
2712,2025-03-01,F12,Naan Bread,Indian,80
2713,2025-04-19,F06,Garlic Bread,Italian,250
2714,2025-05-24,F10,Chicken Biryani,Indian,550
2714,2025-05-24,F11,Raita,Indian,100
2714,2025-05-24,F12,Naan Bread,Indian,80
2715,2025-03-21,F01,Beef Burger,Fast Food,450
2715,2025-03-21,F02,French Fries,Fast Food,200
2716,2025-01-24,F04,Chicken Wings,Fast Food,500
2716,2025-01-24,F02,French Fries,Fast Food,200
2717,2025-02-09,F05,Margherita Pizza,Italian,900
2717,2025-02-09,F06,Garlic Bread,Italian,250
2718,2025-03-18,F15,Ice Cream,Dessert,250
2719,2025-05-30,F01,Beef Burger,Fast Food,450
2719,2025-05-30,F02,French Fries,Fast Food,200
2720,2025-02-16,F04,Chicken Wings,Fast Food,500
2720,2025-02-16,F02,French Fries,Fast Food,200
2720,2025-02-16,F15,Ice Cream,Dessert,250
2721,2025-05-28,F10,Chicken Biryani,Indian,550
2721,2025-05-28,F11,Raita,Indian,100
2721,2025-05-28,F12,Naan Bread,Indian,80
2722,2025-05-15,F09,Green Tea,Beverages,100
2723,2025-06-11,F11,Raita,Indian,100
2724,2025-05-04,F05,Margherita Pizza,Italian,900
2724,2025-05-04,F06,Garlic Bread,Italian,250
2724,2025-05-04,F15,Ice Cream,Dessert,250
2725,2025-05-23,F07,California Roll Sushi,Japanese,700
2725,2025-05-23,F08,Miso Soup,Japanese,150
2725,2025-05-23,F09,Green Tea,Beverages,100
2726,2025-05-01,F05,Margherita Pizza,Italian,900
2726,2025-05-01,F06,Garlic Bread,Italian,250
2727,2025-02-17,F01,Beef Burger,Fast Food,450
2728,2025-06-25,F11,Raita,Indian,100
2728,2025-06-25,F10,Chicken Biryani,Indian,550
2729,2025-06-15,F07,California Roll Sushi,Japanese,700
2730,2025-01-20,F12,Naan Bread,Indian,80
2730,2025-01-20,F15,Ice Cream,Dessert,250
2731,2025-05-01,F05,Margherita Pizza,Italian,900
2732,2025-05-27,F01,Beef Burger,Fast Food,450
2732,2025-05-27,F04,Chicken Wings,Fast Food,500
2732,2025-05-27,F05,Margherita Pizza,Italian,900
2732,2025-05-27,F15,Ice Cream,Dessert,250
2733,2025-05-15,F07,California Roll Sushi,Japanese,700
2733,2025-05-15,F08,Miso Soup,Japanese,150
2734,2025-04-10,F04,Chicken Wings,Fast Food,500
2734,2025-04-10,F02,French Fries,Fast Food,200
2734,2025-04-10,F03,Soda,Beverages,100
2735,2025-01-28,F06,Garlic Bread,Italian,250
2735,2025-01-28,F13,Chapati,Local,50
2735,2025-01-28,F11,Raita,Indian,100
2735,2025-01-28,F10,Chicken Biryani,Indian,550
2736,2025-03-28,F02,French Fries,Fast Food,200
2737,2025-03-11,F10,Chicken Biryani,Indian,550
2738,2025-02-08,F14,Chocolate Cake,Dessert,300
2739,2025-04-21,F01,Beef Burger,Fast Food,450
2739,2025-04-21,F02,French Fries,Fast Food,200
2740,2025-01-23,F10,Chicken Biryani,Indian,550
2740,2025-01-23,F11,Raita,Indian,100
2740,2025-01-23,F12,Naan Bread,Indian,80
2741,2025-03-08,F11,Raita,Indian,100
2741,2025-03-08,F09,Green Tea,Beverages,100
2741,2025-03-08,F12,Naan Bread,Indian,80
2742,2025-01-21,F01,Beef Burger,Fast Food,450
2742,2025-01-21,F02,French Fries,Fast Food,200
2742,2025-01-21,F03,Soda,Beverages,100
2743,2025-05-06,F08,Miso Soup,Japanese,150
2743,2025-05-06,F01,Beef Burger,Fast Food,450
2743,2025-05-06,F15,Ice Cream,Dessert,250
2743,2025-05-06,F13,Chapati,Local,50
2744,2025-02-09,F04,Chicken Wings,Fast Food,500
2744,2025-02-09,F02,French Fries,Fast Food,200
2744,2025-02-09,F08,Miso Soup,Japanese,150
2745,2025-03-12,F14,Chocolate Cake,Dessert,300
2746,2025-01-22,F07,California Roll Sushi,Japanese,700
2746,2025-01-22,F08,Miso Soup,Japanese,150
2747,2025-05-03,F15,Ice Cream,Dessert,250
2747,2025-05-03,F08,Miso Soup,Japanese,150
2747,2025-05-03,F07,California Roll Sushi,Japanese,700
2748,2025-05-25,F02,French Fries,Fast Food,200
2748,2025-05-25,F15,Ice Cream,Dessert,250
2748,2025-05-25,F12,Naan Bread,Indian,80
2749,2025-05-02,F12,Naan Bread,Indian,80
2750,2025-02-16,F04,Chicken Wings,Fast Food,500
2750,2025-02-16,F02,French Fries,Fast Food,200
2750,2025-02-16,F03,Soda,Beverages,100
2750,2025-02-16,F14,Chocolate Cake,Dessert,300
2751,2025-01-09,F07,California Roll Sushi,Japanese,700
2752,2025-04-14,F01,Beef Burger,Fast Food,450
2752,2025-04-14,F02,French Fries,Fast Food,200
2752,2025-04-14,F03,Soda,Beverages,100
2752,2025-04-14,F08,Miso Soup,Japanese,150
2753,2025-02-16,F05,Margherita Pizza,Italian,900
2753,2025-02-16,F06,Garlic Bread,Italian,250
2754,2025-06-18,F01,Beef Burger,Fast Food,450
2754,2025-06-18,F02,French Fries,Fast Food,200
2754,2025-06-18,F04,Chicken Wings,Fast Food,500
2754,2025-06-18,F08,Miso Soup,Japanese,150
2755,2025-01-04,F01,Beef Burger,Fast Food,450
2755,2025-01-04,F02,French Fries,Fast Food,200
2755,2025-01-04,F13,Chapati,Local,50
2756,2025-01-28,F14,Chocolate Cake,Dessert,300
2756,2025-01-28,F07,California Roll Sushi,Japanese,700
2756,2025-01-28,F08,Miso Soup,Japanese,150
2756,2025-01-28,F04,Chicken Wings,Fast Food,500
2757,2025-05-02,F10,Chicken Biryani,Indian,550
2757,2025-05-02,F11,Raita,Indian,100
2757,2025-05-02,F12,Naan Bread,Indian,80
2758,2025-03-30,F10,Chicken Biryani,Indian,550
2758,2025-03-30,F14,Chocolate Cake,Dessert,300
2759,2025-04-20,F04,Chicken Wings,Fast Food,500
2759,2025-04-20,F02,French Fries,Fast Food,200
2760,2025-01-21,F15,Ice Cream,Dessert,250
2761,2025-04-12,F01,Beef Burger,Fast Food,450
2761,2025-04-12,F02,French Fries,Fast Food,200
2762,2025-02-22,F05,Margherita Pizza,Italian,900
2762,2025-02-22,F06,Garlic Bread,Italian,250
2763,2025-04-30,F07,California Roll Sushi,Japanese,700
2763,2025-04-30,F08,Miso Soup,Japanese,150
2763,2025-04-30,F15,Ice Cream,Dessert,250
2764,2025-03-18,F07,California Roll Sushi,Japanese,700
2764,2025-03-18,F08,Miso Soup,Japanese,150
2764,2025-03-18,F09,Green Tea,Beverages,100
2765,2025-04-17,F03,Soda,Beverages,100
2765,2025-04-17,F15,Ice Cream,Dessert,250
2765,2025-04-17,F11,Raita,Indian,100
2765,2025-04-17,F08,Miso Soup,Japanese,150
2765,2025-04-17,F14,Chocolate Cake,Dessert,300
2766,2025-06-12,F10,Chicken Biryani,Indian,550
2766,2025-06-12,F11,Raita,Indian,100
2766,2025-06-12,F12,Naan Bread,Indian,80
2767,2025-04-30,F08,Miso Soup,Japanese,150
2767,2025-04-30,F11,Raita,Indian,100
2767,2025-04-30,F04,Chicken Wings,Fast Food,500
2767,2025-04-30,F15,Ice Cream,Dessert,250
2768,2025-02-10,F10,Chicken Biryani,Indian,550
2769,2025-03-15,F01,Beef Burger,Fast Food,450
2769,2025-03-15,F02,French Fries,Fast Food,200
2769,2025-03-15,F03,Soda,Beverages,100
2770,2025-05-13,F11,Raita,Indian,100
2770,2025-05-13,F14,Chocolate Cake,Dessert,300
2771,2025-05-05,F07,California Roll Sushi,Japanese,700
2771,2025-05-05,F08,Miso Soup,Japanese,150
2771,2025-05-05,F09,Green Tea,Beverages,100
2772,2025-05-30,F07,California Roll Sushi,Japanese,700
2772,2025-05-30,F05,Margherita Pizza,Italian,900
2772,2025-05-30,F04,Chicken Wings,Fast Food,500
2773,2025-06-22,F07,California Roll Sushi,Japanese,700
2773,2025-06-22,F08,Miso Soup,Japanese,150
2774,2025-02-20,F01,Beef Burger,Fast Food,450
2774,2025-02-20,F13,Chapati,Local,50
2775,2025-03-29,F07,California Roll Sushi,Japanese,700
2776,2025-01-06,F01,Beef Burger,Fast Food,450
2776,2025-01-06,F05,Margherita Pizza,Italian,900
2776,2025-01-06,F08,Miso Soup,Japanese,150
2777,2025-01-03,F07,California Roll Sushi,Japanese,700
2777,2025-01-03,F08,Miso Soup,Japanese,150
2777,2025-01-03,F09,Green Tea,Beverages,100
2778,2025-05-17,F12,Naan Bread,Indian,80
2779,2025-02-21,F11,Raita,Indian,100
2780,2025-06-28,F04,Chicken Wings,Fast Food,500
2780,2025-06-28,F02,French Fries,Fast Food,200
2781,2025-06-18,F07,California Roll Sushi,Japanese,700
2781,2025-06-18,F08,Miso Soup,Japanese,150
2781,2025-06-18,F09,Green Tea,Beverages,100
2782,2025-02-16,F04,Chicken Wings,Fast Food,500
2782,2025-02-16,F02,French Fries,Fast Food,200
2782,2025-02-16,F03,Soda,Beverages,100
2783,2025-01-28,F12,Naan Bread,Indian,80
2783,2025-01-28,F09,Green Tea,Beverages,100
2784,2025-06-23,F01,Beef Burger,Fast Food,450
2784,2025-06-23,F02,French Fries,Fast Food,200
2785,2025-04-07,F06,Garlic Bread,Italian,250
2785,2025-04-07,F04,Chicken Wings,Fast Food,500
2785,2025-04-07,F09,Green Tea,Beverages,100
2785,2025-04-07,F10,Chicken Biryani,Indian,550
2786,2025-02-16,F04,Chicken Wings,Fast Food,500
2787,2025-06-23,F05,Margherita Pizza,Italian,900
2787,2025-06-23,F06,Garlic Bread,Italian,250
2787,2025-06-23,F03,Soda,Beverages,100
2787,2025-06-23,F15,Ice Cream,Dessert,250
2788,2025-05-31,F04,Chicken Wings,Fast Food,500
2788,2025-05-31,F05,Margherita Pizza,Italian,900
2788,2025-05-31,F08,Miso Soup,Japanese,150
2789,2025-04-06,F15,Ice Cream,Dessert,250
2789,2025-04-06,F05,Margherita Pizza,Italian,900
2790,2025-03-31,F03,Soda,Beverages,100
2790,2025-03-31,F11,Raita,Indian,100
2790,2025-03-31,F05,Margherita Pizza,Italian,900
2790,2025-03-31,F13,Chapati,Local,50
2791,2025-04-09,F08,Miso Soup,Japanese,150
2791,2025-04-09,F10,Chicken Biryani,Indian,550
2791,2025-04-09,F12,Naan Bread,Indian,80
2792,2025-03-02,F04,Chicken Wings,Fast Food,500
2793,2025-01-01,F12,Naan Bread,Indian,80
2793,2025-01-01,F09,Green Tea,Beverages,100
2793,2025-01-01,F01,Beef Burger,Fast Food,450
2794,2025-06-02,F05,Margherita Pizza,Italian,900
2794,2025-06-02,F06,Garlic Bread,Italian,250
2795,2025-01-19,F02,French Fries,Fast Food,200
2795,2025-01-19,F14,Chocolate Cake,Dessert,300
2796,2025-05-09,F01,Beef Burger,Fast Food,450
2796,2025-05-09,F02,French Fries,Fast Food,200
2796,2025-05-09,F03,Soda,Beverages,100
2797,2025-02-07,F13,Chapati,Local,50
2797,2025-02-07,F09,Green Tea,Beverages,100
2797,2025-02-07,F08,Miso Soup,Japanese,150
2797,2025-02-07,F04,Chicken Wings,Fast Food,500
2797,2025-02-07,F14,Chocolate Cake,Dessert,300
2798,2025-02-14,F06,Garlic Bread,Italian,250
2799,2025-03-01,F07,California Roll Sushi,Japanese,700
2799,2025-03-01,F08,Miso Soup,Japanese,150
2799,2025-03-01,F09,Green Tea,Beverages,100
2799,2025-03-01,F02,French Fries,Fast Food,200
2800,2025-04-05,F05,Margherita Pizza,Italian,900
2800,2025-04-05,F06,Garlic Bread,Italian,250
2800,2025-04-05,F14,Chocolate Cake,Dessert,300
2801,2025-02-03,F11,Raita,Indian,100
2801,2025-02-03,F04,Chicken Wings,Fast Food,500
2801,2025-02-03,F02,French Fries,Fast Food,200
2801,2025-02-03,F15,Ice Cream,Dessert,250
2802,2025-02-21,F14,Chocolate Cake,Dessert,300
2802,2025-02-21,F11,Raita,Indian,100
2802,2025-02-21,F03,Soda,Beverages,100
2802,2025-02-21,F02,French Fries,Fast Food,200
2803,2025-04-21,F01,Beef Burger,Fast Food,450
2803,2025-04-21,F02,French Fries,Fast Food,200
2804,2025-01-10,F05,Margherita Pizza,Italian,900
2804,2025-01-10,F06,Garlic Bread,Italian,250
2805,2025-03-06,F05,Margherita Pizza,Italian,900
2805,2025-03-06,F06,Garlic Bread,Italian,250
2806,2025-06-18,F07,California Roll Sushi,Japanese,700
2806,2025-06-18,F08,Miso Soup,Japanese,150
2806,2025-06-18,F09,Green Tea,Beverages,100
2807,2025-04-24,F05,Margherita Pizza,Italian,900
2807,2025-04-24,F06,Garlic Bread,Italian,250
2807,2025-04-24,F03,Soda,Beverages,100
2807,2025-04-24,F15,Ice Cream,Dessert,250
2808,2025-01-22,F10,Chicken Biryani,Indian,550
2808,2025-01-22,F11,Raita,Indian,100
2808,2025-01-22,F12,Naan Bread,Indian,80
2809,2025-05-30,F09,Green Tea,Beverages,100
2810,2025-04-22,F01,Beef Burger,Fast Food,450
2810,2025-04-22,F02,French Fries,Fast Food,200
2810,2025-04-22,F03,Soda,Beverages,100
2811,2025-02-10,F07,California Roll Sushi,Japanese,700
2811,2025-02-10,F08,Miso Soup,Japanese,150
2812,2025-03-17,F10,Chicken Biryani,Indian,550
2812,2025-03-17,F11,Raita,Indian,100
2812,2025-03-17,F12,Naan Bread,Indian,80
2812,2025-03-17,F15,Ice Cream,Dessert,250
2813,2025-02-03,F10,Chicken Biryani,Indian,550
2813,2025-02-03,F11,Raita,Indian,100
2813,2025-02-03,F12,Naan Bread,Indian,80
2814,2025-06-09,F05,Margherita Pizza,Italian,900
2814,2025-06-09,F06,Garlic Bread,Italian,250
2814,2025-06-09,F15,Ice Cream,Dessert,250
2815,2025-03-15,F10,Chicken Biryani,Indian,550
2815,2025-03-15,F13,Chapati,Local,50
2815,2025-03-15,F09,Green Tea,Beverages,100
2815,2025-03-15,F12,Naan Bread,Indian,80
2816,2025-05-19,F04,Chicken Wings,Fast Food,500
2816,2025-05-19,F05,Margherita Pizza,Italian,900
2816,2025-05-19,F06,Garlic Bread,Italian,250
2816,2025-05-19,F14,Chocolate Cake,Dessert,300
2817,2025-03-01,F03,Soda,Beverages,100
2817,2025-03-01,F10,Chicken Biryani,Indian,550
2817,2025-03-01,F08,Miso Soup,Japanese,150
2818,2025-03-26,F01,Beef Burger,Fast Food,450
2819,2025-03-20,F10,Chicken Biryani,Indian,550
2819,2025-03-20,F02,French Fries,Fast Food,200
2820,2025-06-27,F07,California Roll Sushi,Japanese,700
2820,2025-06-27,F08,Miso Soup,Japanese,150
2821,2025-06-23,F04,Chicken Wings,Fast Food,500
2821,2025-06-23,F02,French Fries,Fast Food,200
2821,2025-06-23,F14,Chocolate Cake,Dessert,300
2822,2025-02-08,F01,Beef Burger,Fast Food,450
2822,2025-02-08,F02,French Fries,Fast Food,200
2822,2025-02-08,F03,Soda,Beverages,100
2823,2025-05-20,F10,Chicken Biryani,Indian,550
2823,2025-05-20,F11,Raita,Indian,100
2823,2025-05-20,F12,Naan Bread,Indian,80
2824,2025-05-14,F05,Margherita Pizza,Italian,900
2824,2025-05-14,F06,Garlic Bread,Italian,250
2824,2025-05-14,F01,Beef Burger,Fast Food,450
2824,2025-05-14,F07,California Roll Sushi,Japanese,700
2825,2025-02-02,F03,Soda,Beverages,100
2826,2025-03-11,F12,Naan Bread,Indian,80
2826,2025-03-11,F05,Margherita Pizza,Italian,900
2826,2025-03-11,F04,Chicken Wings,Fast Food,500
2827,2025-03-24,F01,Beef Burger,Fast Food,450
2827,2025-03-24,F02,French Fries,Fast Food,200
2828,2025-06-23,F03,Soda,Beverages,100
2828,2025-06-23,F07,California Roll Sushi,Japanese,700
2828,2025-06-23,F10,Chicken Biryani,Indian,550
2828,2025-06-23,F13,Chapati,Local,50
2829,2025-03-15,F05,Margherita Pizza,Italian,900
2829,2025-03-15,F06,Garlic Bread,Italian,250
2830,2025-01-24,F01,Beef Burger,Fast Food,450
2830,2025-01-24,F02,French Fries,Fast Food,200
2831,2025-06-04,F14,Chocolate Cake,Dessert,300
2832,2025-04-03,F05,Margherita Pizza,Italian,900
2832,2025-04-03,F06,Garlic Bread,Italian,250
2833,2025-05-18,F09,Green Tea,Beverages,100
2833,2025-05-18,F14,Chocolate Cake,Dessert,300
2834,2025-03-21,F10,Chicken Biryani,Indian,550
2834,2025-03-21,F11,Raita,Indian,100
2834,2025-03-21,F12,Naan Bread,Indian,80
2835,2025-01-02,F04,Chicken Wings,Fast Food,500
2835,2025-01-02,F02,French Fries,Fast Food,200
2836,2025-03-10,F09,Green Tea,Beverages,100
2836,2025-03-10,F15,Ice Cream,Dessert,250
2837,2025-04-09,F10,Chicken Biryani,Indian,550
2837,2025-04-09,F11,Raita,Indian,100
2837,2025-04-09,F12,Naan Bread,Indian,80
2838,2025-01-29,F15,Ice Cream,Dessert,250
2838,2025-01-29,F05,Margherita Pizza,Italian,900
2839,2025-01-20,F01,Beef Burger,Fast Food,450
2839,2025-01-20,F09,Green Tea,Beverages,100
2839,2025-01-20,F06,Garlic Bread,Italian,250
2839,2025-01-20,F11,Raita,Indian,100
2839,2025-01-20,F15,Ice Cream,Dessert,250
2840,2025-04-14,F02,French Fries,Fast Food,200
2841,2025-06-02,F08,Miso Soup,Japanese,150
2841,2025-06-02,F09,Green Tea,Beverages,100
2842,2025-05-22,F04,Chicken Wings,Fast Food,500
2842,2025-05-22,F02,French Fries,Fast Food,200
2842,2025-05-22,F03,Soda,Beverages,100
2843,2025-01-26,F10,Chicken Biryani,Indian,550
2843,2025-01-26,F11,Raita,Indian,100
2843,2025-01-26,F12,Naan Bread,Indian,80
2844,2025-01-10,F01,Beef Burger,Fast Food,450
2845,2025-05-07,F05,Margherita Pizza,Italian,900
2845,2025-05-07,F06,Garlic Bread,Italian,250
2846,2025-02-11,F11,Raita,Indian,100
2847,2025-04-16,F11,Raita,Indian,100
2847,2025-04-16,F15,Ice Cream,Dessert,250
2847,2025-04-16,F14,Chocolate Cake,Dessert,300
2848,2025-06-06,F01,Beef Burger,Fast Food,450
2848,2025-06-06,F06,Garlic Bread,Italian,250
2848,2025-06-06,F15,Ice Cream,Dessert,250
2849,2025-02-13,F10,Chicken Biryani,Indian,550
2849,2025-02-13,F11,Raita,Indian,100
2849,2025-02-13,F12,Naan Bread,Indian,80
2849,2025-02-13,F14,Chocolate Cake,Dessert,300
2850,2025-04-05,F06,Garlic Bread,Italian,250
2850,2025-04-05,F14,Chocolate Cake,Dessert,300
2851,2025-01-16,F09,Green Tea,Beverages,100
2852,2025-01-23,F01,Beef Burger,Fast Food,450
2852,2025-01-23,F02,French Fries,Fast Food,200
2853,2025-03-31,F10,Chicken Biryani,Indian,550
2853,2025-03-31,F11,Raita,Indian,100
2853,2025-03-31,F12,Naan Bread,Indian,80
2853,2025-03-31,F08,Miso Soup,Japanese,150
2854,2025-02-23,F12,Naan Bread,Indian,80
2854,2025-02-23,F06,Garlic Bread,Italian,250
2855,2025-02-21,F05,Margherita Pizza,Italian,900
2855,2025-02-21,F06,Garlic Bread,Italian,250
2855,2025-02-21,F03,Soda,Beverages,100
2856,2025-06-06,F07,California Roll Sushi,Japanese,700
2856,2025-06-06,F08,Miso Soup,Japanese,150
2856,2025-06-06,F09,Green Tea,Beverages,100
2857,2025-06-07,F05,Margherita Pizza,Italian,900
2857,2025-06-07,F08,Miso Soup,Japanese,150
2857,2025-06-07,F06,Garlic Bread,Italian,250
2858,2025-05-24,F05,Margherita Pizza,Italian,900
2858,2025-05-24,F06,Garlic Bread,Italian,250
2859,2025-04-10,F09,Green Tea,Beverages,100
2859,2025-04-10,F13,Chapati,Local,50
2859,2025-04-10,F10,Chicken Biryani,Indian,550
2859,2025-04-10,F01,Beef Burger,Fast Food,450
2860,2025-02-18,F07,California Roll Sushi,Japanese,700
2860,2025-02-18,F08,Miso Soup,Japanese,150
2861,2025-06-09,F06,Garlic Bread,Italian,250
2861,2025-06-09,F04,Chicken Wings,Fast Food,500
2861,2025-06-09,F14,Chocolate Cake,Dessert,300
2862,2025-03-21,F15,Ice Cream,Dessert,250
2862,2025-03-21,F05,Margherita Pizza,Italian,900
2863,2025-01-28,F05,Margherita Pizza,Italian,900
2863,2025-01-28,F06,Garlic Bread,Italian,250
2864,2025-06-02,F06,Garlic Bread,Italian,250
2865,2025-02-04,F07,California Roll Sushi,Japanese,700
2865,2025-02-04,F11,Raita,Indian,100
2865,2025-02-04,F03,Soda,Beverages,100
2866,2025-04-10,F05,Margherita Pizza,Italian,900
2867,2025-05-17,F01,Beef Burger,Fast Food,450
2867,2025-05-17,F02,French Fries,Fast Food,200
2867,2025-05-17,F03,Soda,Beverages,100
2867,2025-05-17,F14,Chocolate Cake,Dessert,300
2868,2025-04-11,F04,Chicken Wings,Fast Food,500
2868,2025-04-11,F02,French Fries,Fast Food,200
2869,2025-04-26,F07,California Roll Sushi,Japanese,700
2870,2025-01-01,F04,Chicken Wings,Fast Food,500
2870,2025-01-01,F02,French Fries,Fast Food,200
2870,2025-01-01,F11,Raita,Indian,100
2871,2025-02-03,F10,Chicken Biryani,Indian,550
2871,2025-02-03,F11,Raita,Indian,100
2871,2025-02-03,F12,Naan Bread,Indian,80
2872,2025-05-24,F04,Chicken Wings,Fast Food,500
2872,2025-05-24,F02,French Fries,Fast Food,200
2873,2025-01-20,F07,California Roll Sushi,Japanese,700
2873,2025-01-20,F08,Miso Soup,Japanese,150
2874,2025-06-26,F10,Chicken Biryani,Indian,550
2874,2025-06-26,F02,French Fries,Fast Food,200
2874,2025-06-26,F03,Soda,Beverages,100
2875,2025-04-23,F09,Green Tea,Beverages,100
2876,2025-02-20,F08,Miso Soup,Japanese,150
2876,2025-02-20,F13,Chapati,Local,50
2876,2025-02-20,F01,Beef Burger,Fast Food,450
2876,2025-02-20,F14,Chocolate Cake,Dessert,300
2877,2025-04-28,F15,Ice Cream,Dessert,250
2878,2025-04-25,F03,Soda,Beverages,100
2879,2025-05-26,F10,Chicken Biryani,Indian,550
2879,2025-05-26,F11,Raita,Indian,100
2879,2025-05-26,F12,Naan Bread,Indian,80
2880,2025-02-01,F04,Chicken Wings,Fast Food,500
2880,2025-02-01,F02,French Fries,Fast Food,200
2880,2025-02-01,F15,Ice Cream,Dessert,250
2881,2025-03-16,F10,Chicken Biryani,Indian,550
2881,2025-03-16,F11,Raita,Indian,100
2881,2025-03-16,F12,Naan Bread,Indian,80
2882,2025-02-22,F06,Garlic Bread,Italian,250
2882,2025-02-22,F02,French Fries,Fast Food,200
2882,2025-02-22,F12,Naan Bread,Indian,80
2882,2025-02-22,F15,Ice Cream,Dessert,250
2883,2025-04-28,F04,Chicken Wings,Fast Food,500
2883,2025-04-28,F02,French Fries,Fast Food,200
2883,2025-04-28,F03,Soda,Beverages,100
2884,2025-03-27,F10,Chicken Biryani,Indian,550
2884,2025-03-27,F11,Raita,Indian,100
2884,2025-03-27,F12,Naan Bread,Indian,80
2884,2025-03-27,F14,Chocolate Cake,Dessert,300
2885,2025-04-07,F02,French Fries,Fast Food,200
2886,2025-03-03,F06,Garlic Bread,Italian,250
2886,2025-03-03,F12,Naan Bread,Indian,80
2886,2025-03-03,F07,California Roll Sushi,Japanese,700
2887,2025-06-05,F05,Margherita Pizza,Italian,900
2887,2025-06-05,F06,Garlic Bread,Italian,250
2888,2025-02-06,F01,Beef Burger,Fast Food,450
2888,2025-02-06,F02,French Fries,Fast Food,200
2888,2025-02-06,F03,Soda,Beverages,100
2888,2025-02-06,F12,Naan Bread,Indian,80
2889,2025-05-20,F01,Beef Burger,Fast Food,450
2889,2025-05-20,F02,French Fries,Fast Food,200
2889,2025-05-20,F03,Soda,Beverages,100
2889,2025-05-20,F15,Ice Cream,Dessert,250
2890,2025-01-13,F14,Chocolate Cake,Dessert,300
2890,2025-01-13,F11,Raita,Indian,100
2890,2025-01-13,F06,Garlic Bread,Italian,250
2891,2025-06-04,F10,Chicken Biryani,Indian,550
2891,2025-06-04,F11,Raita,Indian,100
2891,2025-06-04,F12,Naan Bread,Indian,80
2892,2025-01-05,F07,California Roll Sushi,Japanese,700
2892,2025-01-05,F08,Miso Soup,Japanese,150
2892,2025-01-05,F09,Green Tea,Beverages,100
2893,2025-03-28,F07,California Roll Sushi,Japanese,700
2893,2025-03-28,F08,Miso Soup,Japanese,150
2893,2025-03-28,F04,Chicken Wings,Fast Food,500
2894,2025-05-14,F02,French Fries,Fast Food,200
2894,2025-05-14,F09,Green Tea,Beverages,100
2894,2025-05-14,F01,Beef Burger,Fast Food,450
2894,2025-05-14,F15,Ice Cream,Dessert,250
2894,2025-05-14,F14,Chocolate Cake,Dessert,300
2895,2025-03-11,F10,Chicken Biryani,Indian,550
2895,2025-03-11,F11,Raita,Indian,100
2895,2025-03-11,F12,Naan Bread,Indian,80
2895,2025-03-11,F14,Chocolate Cake,Dessert,300
2896,2025-04-19,F07,California Roll Sushi,Japanese,700
2896,2025-04-19,F08,Miso Soup,Japanese,150
2896,2025-04-19,F14,Chocolate Cake,Dessert,300
2897,2025-05-03,F07,California Roll Sushi,Japanese,700
2897,2025-05-03,F08,Miso Soup,Japanese,150
2897,2025-05-03,F09,Green Tea,Beverages,100
2898,2025-01-11,F07,California Roll Sushi,Japanese,700
2899,2025-04-19,F07,California Roll Sushi,Japanese,700
2899,2025-04-19,F08,Miso Soup,Japanese,150
2900,2025-03-20,F04,Chicken Wings,Fast Food,500
2900,2025-03-20,F02,French Fries,Fast Food,200
2900,2025-03-20,F03,Soda,Beverages,100
2901,2025-03-01,F01,Beef Burger,Fast Food,450
2901,2025-03-01,F02,French Fries,Fast Food,200
2901,2025-03-01,F03,Soda,Beverages,100
2902,2025-01-17,F05,Margherita Pizza,Italian,900
2902,2025-01-17,F15,Ice Cream,Dessert,250
2903,2025-05-01,F11,Raita,Indian,100
2903,2025-05-01,F10,Chicken Biryani,Indian,550
2903,2025-05-01,F03,Soda,Beverages,100
2903,2025-05-01,F12,Naan Bread,Indian,80
2904,2025-06-12,F04,Chicken Wings,Fast Food,500
2904,2025-06-12,F02,French Fries,Fast Food,200
2905,2025-04-28,F07,California Roll Sushi,Japanese,700
2905,2025-04-28,F01,Beef Burger,Fast Food,450
2905,2025-04-28,F15,Ice Cream,Dessert,250
2906,2025-05-27,F01,Beef Burger,Fast Food,450
2906,2025-05-27,F02,French Fries,Fast Food,200
2906,2025-05-27,F03,Soda,Beverages,100
2906,2025-05-27,F12,Naan Bread,Indian,80
2907,2025-01-30,F05,Margherita Pizza,Italian,900
2907,2025-01-30,F02,French Fries,Fast Food,200
2907,2025-01-30,F06,Garlic Bread,Italian,250
2908,2025-04-06,F07,California Roll Sushi,Japanese,700
2908,2025-04-06,F08,Miso Soup,Japanese,150
2909,2025-05-09,F04,Chicken Wings,Fast Food,500
2909,2025-05-09,F02,French Fries,Fast Food,200
2910,2025-01-28,F05,Margherita Pizza,Italian,900
2910,2025-01-28,F06,Garlic Bread,Italian,250
2911,2025-03-18,F03,Soda,Beverages,100
2911,2025-03-18,F06,Garlic Bread,Italian,250
2912,2025-03-12,F05,Margherita Pizza,Italian,900
2912,2025-03-12,F06,Garlic Bread,Italian,250
2912,2025-03-12,F08,Miso Soup,Japanese,150
2912,2025-03-12,F15,Ice Cream,Dessert,250
2913,2025-04-19,F10,Chicken Biryani,Indian,550
2913,2025-04-19,F03,Soda,Beverages,100
2914,2025-05-16,F05,Margherita Pizza,Italian,900
2914,2025-05-16,F06,Garlic Bread,Italian,250
2914,2025-05-16,F03,Soda,Beverages,100
2915,2025-03-15,F10,Chicken Biryani,Indian,550
2915,2025-03-15,F11,Raita,Indian,100
2915,2025-03-15,F12,Naan Bread,Indian,80
2915,2025-03-15,F15,Ice Cream,Dessert,250
2916,2025-06-11,F07,California Roll Sushi,Japanese,700
2916,2025-06-11,F08,Miso Soup,Japanese,150
2917,2025-02-28,F05,Margherita Pizza,Italian,900
2917,2025-02-28,F06,Garlic Bread,Italian,250
2918,2025-03-29,F07,California Roll Sushi,Japanese,700
2918,2025-03-29,F08,Miso Soup,Japanese,150
2918,2025-03-29,F09,Green Tea,Beverages,100
2918,2025-03-29,F15,Ice Cream,Dessert,250
2919,2025-01-28,F04,Chicken Wings,Fast Food,500
2919,2025-01-28,F02,French Fries,Fast Food,200
2919,2025-01-28,F03,Soda,Beverages,100
2920,2025-03-20,F02,French Fries,Fast Food,200
2920,2025-03-20,F09,Green Tea,Beverages,100
2920,2025-03-20,F05,Margherita Pizza,Italian,900
2920,2025-03-20,F03,Soda,Beverages,100
2921,2025-03-31,F01,Beef Burger,Fast Food,450
2921,2025-03-31,F02,French Fries,Fast Food,200
2921,2025-03-31,F03,Soda,Beverages,100
2921,2025-03-31,F14,Chocolate Cake,Dessert,300
2922,2025-04-24,F01,Beef Burger,Fast Food,450
2923,2025-06-15,F04,Chicken Wings,Fast Food,500
2923,2025-06-15,F02,French Fries,Fast Food,200
2924,2025-04-19,F01,Beef Burger,Fast Food,450
2924,2025-04-19,F02,French Fries,Fast Food,200
2925,2025-05-14,F14,Chocolate Cake,Dessert,300
2925,2025-05-14,F10,Chicken Biryani,Indian,550
2926,2025-02-22,F10,Chicken Biryani,Indian,550
2927,2025-05-28,F06,Garlic Bread,Italian,250
2928,2025-03-17,F13,Chapati,Local,50
2928,2025-03-17,F06,Garlic Bread,Italian,250
2928,2025-03-17,F15,Ice Cream,Dessert,250
2929,2025-05-12,F07,California Roll Sushi,Japanese,700
2929,2025-05-12,F14,Chocolate Cake,Dessert,300
2929,2025-05-12,F06,Garlic Bread,Italian,250
2929,2025-05-12,F15,Ice Cream,Dessert,250
2930,2025-01-17,F05,Margherita Pizza,Italian,900
2930,2025-01-17,F06,Garlic Bread,Italian,250
2930,2025-01-17,F03,Soda,Beverages,100
2931,2025-03-22,F05,Margherita Pizza,Italian,900
2931,2025-03-22,F06,Garlic Bread,Italian,250
2931,2025-03-22,F03,Soda,Beverages,100
2931,2025-03-22,F15,Ice Cream,Dessert,250
2932,2025-06-08,F04,Chicken Wings,Fast Food,500
2932,2025-06-08,F02,French Fries,Fast Food,200
2933,2025-04-02,F10,Chicken Biryani,Indian,550
2933,2025-04-02,F02,French Fries,Fast Food,200
2934,2025-02-04,F01,Beef Burger,Fast Food,450
2934,2025-02-04,F02,French Fries,Fast Food,200
2934,2025-02-04,F03,Soda,Beverages,100
2934,2025-02-04,F14,Chocolate Cake,Dessert,300
2935,2025-03-15,F01,Beef Burger,Fast Food,450
2935,2025-03-15,F02,French Fries,Fast Food,200
2936,2025-01-13,F02,French Fries,Fast Food,200
2937,2025-06-19,F05,Margherita Pizza,Italian,900
2937,2025-06-19,F06,Garlic Bread,Italian,250
2937,2025-06-19,F03,Soda,Beverages,100
2938,2025-04-29,F13,Chapati,Local,50
2938,2025-04-29,F06,Garlic Bread,Italian,250
2938,2025-04-29,F10,Chicken Biryani,Indian,550
2938,2025-04-29,F05,Margherita Pizza,Italian,900
2939,2025-04-25,F01,Beef Burger,Fast Food,450
2939,2025-04-25,F02,French Fries,Fast Food,200
2939,2025-04-25,F03,Soda,Beverages,100
2939,2025-04-25,F12,Naan Bread,Indian,80
2939,2025-04-25,F15,Ice Cream,Dessert,250
2940,2025-05-11,F04,Chicken Wings,Fast Food,500
2940,2025-05-11,F02,French Fries,Fast Food,200
2941,2025-06-30,F10,Chicken Biryani,Indian,550
2941,2025-06-30,F11,Raita,Indian,100
2941,2025-06-30,F12,Naan Bread,Indian,80
2941,2025-06-30,F14,Chocolate Cake,Dessert,300
2942,2025-03-09,F04,Chicken Wings,Fast Food,500
2942,2025-03-09,F02,French Fries,Fast Food,200
2943,2025-05-25,F04,Chicken Wings,Fast Food,500
2943,2025-05-25,F02,French Fries,Fast Food,200
2944,2025-03-17,F07,California Roll Sushi,Japanese,700
2944,2025-03-17,F08,Miso Soup,Japanese,150
2944,2025-03-17,F09,Green Tea,Beverages,100
2944,2025-03-17,F13,Chapati,Local,50
2945,2025-04-12,F04,Chicken Wings,Fast Food,500
2945,2025-04-12,F02,French Fries,Fast Food,200
2945,2025-04-12,F03,Soda,Beverages,100
2946,2025-05-24,F01,Beef Burger,Fast Food,450
2946,2025-05-24,F15,Ice Cream,Dessert,250
2947,2025-05-16,F15,Ice Cream,Dessert,250
2947,2025-05-16,F08,Miso Soup,Japanese,150
2947,2025-05-16,F03,Soda,Beverages,100
2947,2025-05-16,F12,Naan Bread,Indian,80
2948,2025-06-11,F04,Chicken Wings,Fast Food,500
2948,2025-06-11,F02,French Fries,Fast Food,200
2949,2025-05-21,F06,Garlic Bread,Italian,250
2949,2025-05-21,F13,Chapati,Local,50
2949,2025-05-21,F11,Raita,Indian,100
2950,2025-03-16,F07,California Roll Sushi,Japanese,700
2950,2025-03-16,F08,Miso Soup,Japanese,150
2950,2025-03-16,F09,Green Tea,Beverages,100
2951,2025-06-28,F04,Chicken Wings,Fast Food,500
2951,2025-06-28,F02,French Fries,Fast Food,200
2952,2025-05-19,F05,Margherita Pizza,Italian,900
2952,2025-05-19,F06,Garlic Bread,Italian,250
2953,2025-06-04,F04,Chicken Wings,Fast Food,500
2953,2025-06-04,F09,Green Tea,Beverages,100
2954,2025-05-02,F05,Margherita Pizza,Italian,900
2954,2025-05-02,F14,Chocolate Cake,Dessert,300
2955,2025-03-16,F08,Miso Soup,Japanese,150
2955,2025-03-16,F06,Garlic Bread,Italian,250
2955,2025-03-16,F07,California Roll Sushi,Japanese,700
2955,2025-03-16,F04,Chicken Wings,Fast Food,500
2956,2025-02-11,F15,Ice Cream,Dessert,250
2956,2025-02-11,F10,Chicken Biryani,Indian,550
2956,2025-02-11,F09,Green Tea,Beverages,100
2956,2025-02-11,F02,French Fries,Fast Food,200
2957,2025-05-29,F04,Chicken Wings,Fast Food,500
2957,2025-05-29,F02,French Fries,Fast Food,200
2957,2025-05-29,F03,Soda,Beverages,100
2958,2025-04-16,F06,Garlic Bread,Italian,250
2959,2025-06-24,F01,Beef Burger,Fast Food,450
2959,2025-06-24,F02,French Fries,Fast Food,200
2959,2025-06-24,F03,Soda,Beverages,100
2960,2025-02-28,F05,Margherita Pizza,Italian,900
2961,2025-06-02,F01,Beef Burger,Fast Food,450
2962,2025-05-21,F04,Chicken Wings,Fast Food,500
2962,2025-05-21,F15,Ice Cream,Dessert,250
2963,2025-04-08,F04,Chicken Wings,Fast Food,500
2963,2025-04-08,F02,French Fries,Fast Food,200
2963,2025-04-08,F03,Soda,Beverages,100
2963,2025-04-08,F07,California Roll Sushi,Japanese,700
2964,2025-01-13,F09,Green Tea,Beverages,100
2965,2025-04-24,F05,Margherita Pizza,Italian,900
2965,2025-04-24,F06,Garlic Bread,Italian,250
2965,2025-04-24,F14,Chocolate Cake,Dessert,300
2966,2025-05-22,F04,Chicken Wings,Fast Food,500
2967,2025-02-15,F10,Chicken Biryani,Indian,550
2967,2025-02-15,F11,Raita,Indian,100
2967,2025-02-15,F12,Naan Bread,Indian,80
2968,2025-01-28,F07,California Roll Sushi,Japanese,700
2968,2025-01-28,F08,Miso Soup,Japanese,150
2968,2025-01-28,F09,Green Tea,Beverages,100
2969,2025-03-02,F09,Green Tea,Beverages,100
2969,2025-03-02,F10,Chicken Biryani,Indian,550
2969,2025-03-02,F05,Margherita Pizza,Italian,900
2969,2025-03-02,F13,Chapati,Local,50
2970,2025-06-06,F01,Beef Burger,Fast Food,450
2970,2025-06-06,F02,French Fries,Fast Food,200
2970,2025-06-06,F03,Soda,Beverages,100
2970,2025-06-06,F15,Ice Cream,Dessert,250
2971,2025-05-28,F06,Garlic Bread,Italian,250
2971,2025-05-28,F13,Chapati,Local,50
2971,2025-05-28,F03,Soda,Beverages,100
2972,2025-06-02,F04,Chicken Wings,Fast Food,500
2973,2025-05-28,F06,Garlic Bread,Italian,250
2973,2025-05-28,F11,Raita,Indian,100
2973,2025-05-28,F14,Chocolate Cake,Dessert,300
2974,2025-02-17,F04,Chicken Wings,Fast Food,500
2974,2025-02-17,F08,Miso Soup,Japanese,150
2975,2025-06-18,F07,California Roll Sushi,Japanese,700
2975,2025-06-18,F08,Miso Soup,Japanese,150
2975,2025-06-18,F15,Ice Cream,Dessert,250
2976,2025-03-03,F01,Beef Burger,Fast Food,450
2976,2025-03-03,F02,French Fries,Fast Food,200
2976,2025-03-03,F03,Soda,Beverages,100
2977,2025-03-19,F06,Garlic Bread,Italian,250
2977,2025-03-19,F12,Naan Bread,Indian,80
2977,2025-03-19,F14,Chocolate Cake,Dessert,300
2978,2025-04-15,F10,Chicken Biryani,Indian,550
2978,2025-04-15,F11,Raita,Indian,100
2978,2025-04-15,F12,Naan Bread,Indian,80
2979,2025-04-10,F05,Margherita Pizza,Italian,900
2979,2025-04-10,F06,Garlic Bread,Italian,250
2980,2025-01-08,F07,California Roll Sushi,Japanese,700
2980,2025-01-08,F05,Margherita Pizza,Italian,900
2981,2025-06-28,F07,California Roll Sushi,Japanese,700
2982,2025-05-07,F01,Beef Burger,Fast Food,450
2982,2025-05-07,F02,French Fries,Fast Food,200
2983,2025-06-15,F09,Green Tea,Beverages,100
2984,2025-02-23,F15,Ice Cream,Dessert,250
2984,2025-02-23,F08,Miso Soup,Japanese,150
2984,2025-02-23,F14,Chocolate Cake,Dessert,300
2985,2025-01-03,F01,Beef Burger,Fast Food,450
2985,2025-01-03,F02,French Fries,Fast Food,200
2985,2025-01-03,F03,Soda,Beverages,100
2986,2025-01-16,F01,Beef Burger,Fast Food,450
2986,2025-01-16,F02,French Fries,Fast Food,200
2987,2025-02-11,F01,Beef Burger,Fast Food,450
2987,2025-02-11,F02,French Fries,Fast Food,200
2987,2025-02-11,F03,Soda,Beverages,100
2988,2025-01-13,F08,Miso Soup,Japanese,150
2989,2025-01-21,F08,Miso Soup,Japanese,150
2990,2025-03-16,F09,Green Tea,Beverages,100
2990,2025-03-16,F12,Naan Bread,Indian,80
2990,2025-03-16,F06,Garlic Bread,Italian,250
2990,2025-03-16,F08,Miso Soup,Japanese,150
2991,2025-06-28,F02,French Fries,Fast Food,200
2991,2025-06-28,F03,Soda,Beverages,100
2991,2025-06-28,F11,Raita,Indian,100
2992,2025-02-10,F09,Green Tea,Beverages,100
2992,2025-02-10,F06,Garlic Bread,Italian,250
2992,2025-02-10,F03,Soda,Beverages,100
2992,2025-02-10,F15,Ice Cream,Dessert,250
2993,2025-05-18,F14,Chocolate Cake,Dessert,300
2993,2025-05-18,F01,Beef Burger,Fast Food,450
2993,2025-05-18,F10,Chicken Biryani,Indian,550
2993,2025-05-18,F03,Soda,Beverages,100
2994,2025-05-26,F06,Garlic Bread,Italian,250
2994,2025-05-26,F13,Chapati,Local,50
2995,2025-05-23,F08,Miso Soup,Japanese,150
2996,2025-01-23,F05,Margherita Pizza,Italian,900
2996,2025-01-23,F06,Garlic Bread,Italian,250
2996,2025-01-23,F03,Soda,Beverages,100
2997,2025-02-28,F05,Margherita Pizza,Italian,900
2997,2025-02-28,F07,California Roll Sushi,Japanese,700
2997,2025-02-28,F14,Chocolate Cake,Dessert,300
2997,2025-02-28,F06,Garlic Bread,Italian,250
2998,2025-01-27,F05,Margherita Pizza,Italian,900
2998,2025-01-27,F06,Garlic Bread,Italian,250
2998,2025-01-27,F03,Soda,Beverages,100
2999,2025-04-23,F07,California Roll Sushi,Japanese,700
2999,2025-04-23,F03,Soda,Beverages,100
2999,2025-04-23,F06,Garlic Bread,Italian,250
3000,2025-02-11,F04,Chicken Wings,Fast Food,500
3000,2025-02-11,F02,French Fries,Fast Food,200
3000,2025-02-11,F07,California Roll Sushi,Japanese,700
3001,2025-05-17,F04,Chicken Wings,Fast Food,500
3001,2025-05-17,F02,French Fries,Fast Food,200
3002,2025-01-23,F07,California Roll Sushi,Japanese,700
3002,2025-01-23,F08,Miso Soup,Japanese,150
3002,2025-01-23,F09,Green Tea,Beverages,100
3003,2025-04-20,F15,Ice Cream,Dessert,250
3003,2025-04-20,F04,Chicken Wings,Fast Food,500
3003,2025-04-20,F08,Miso Soup,Japanese,150
3004,2025-03-23,F10,Chicken Biryani,Indian,550
3004,2025-03-23,F07,California Roll Sushi,Japanese,700
3004,2025-03-23,F11,Raita,Indian,100
3005,2025-04-27,F01,Beef Burger,Fast Food,450
3006,2025-06-14,F10,Chicken Biryani,Indian,550
3006,2025-06-14,F11,Raita,Indian,100
3006,2025-06-14,F12,Naan Bread,Indian,80
3006,2025-06-14,F15,Ice Cream,Dessert,250
3007,2025-06-27,F01,Beef Burger,Fast Food,450
3007,2025-06-27,F02,French Fries,Fast Food,200
3007,2025-06-27,F03,Soda,Beverages,100
3007,2025-06-27,F15,Ice Cream,Dessert,250
3008,2025-03-27,F04,Chicken Wings,Fast Food,500
3008,2025-03-27,F02,French Fries,Fast Food,200
3008,2025-03-27,F03,Soda,Beverages,100
3009,2025-05-16,F05,Margherita Pizza,Italian,900
3009,2025-05-16,F06,Garlic Bread,Italian,250
3009,2025-05-16,F03,Soda,Beverages,100
3010,2025-03-29,F02,French Fries,Fast Food,200
3011,2025-05-27,F06,Garlic Bread,Italian,250
3011,2025-05-27,F12,Naan Bread,Indian,80
3011,2025-05-27,F01,Beef Burger,Fast Food,450
3011,2025-05-27,F15,Ice Cream,Dessert,250
3012,2025-01-09,F10,Chicken Biryani,Indian,550
3012,2025-01-09,F11,Raita,Indian,100
3012,2025-01-09,F12,Naan Bread,Indian,80
3013,2025-06-24,F01,Beef Burger,Fast Food,450
3013,2025-06-24,F02,French Fries,Fast Food,200
3013,2025-06-24,F03,Soda,Beverages,100
3014,2025-03-25,F08,Miso Soup,Japanese,150
3015,2025-03-22,F09,Green Tea,Beverages,100
3016,2025-05-01,F07,California Roll Sushi,Japanese,700
3016,2025-05-01,F08,Miso Soup,Japanese,150
3016,2025-05-01,F09,Green Tea,Beverages,100
3017,2025-05-05,F07,California Roll Sushi,Japanese,700
3018,2025-02-23,F11,Raita,Indian,100
3018,2025-02-23,F14,Chocolate Cake,Dessert,300
3018,2025-02-23,F07,California Roll Sushi,Japanese,700
3018,2025-02-23,F13,Chapati,Local,50
3019,2025-04-10,F05,Margherita Pizza,Italian,900
3019,2025-04-10,F06,Garlic Bread,Italian,250
3020,2025-03-04,F05,Margherita Pizza,Italian,900
3020,2025-03-04,F06,Garlic Bread,Italian,250
3021,2025-05-10,F05,Margherita Pizza,Italian,900
3021,2025-05-10,F06,Garlic Bread,Italian,250
3021,2025-05-10,F14,Chocolate Cake,Dessert,300
3022,2025-05-04,F11,Raita,Indian,100
3023,2025-04-02,F07,California Roll Sushi,Japanese,700
3023,2025-04-02,F08,Miso Soup,Japanese,150
3023,2025-04-02,F09,Green Tea,Beverages,100
3024,2025-04-21,F04,Chicken Wings,Fast Food,500
3024,2025-04-21,F10,Chicken Biryani,Indian,550
3024,2025-04-21,F05,Margherita Pizza,Italian,900
3025,2025-06-08,F05,Margherita Pizza,Italian,900
3026,2025-05-19,F05,Margherita Pizza,Italian,900
3026,2025-05-19,F06,Garlic Bread,Italian,250
3027,2025-06-29,F02,French Fries,Fast Food,200
3028,2025-02-02,F13,Chapati,Local,50
3029,2025-06-25,F06,Garlic Bread,Italian,250
3029,2025-06-25,F11,Raita,Indian,100
3029,2025-06-25,F01,Beef Burger,Fast Food,450
3029,2025-06-25,F14,Chocolate Cake,Dessert,300
3030,2025-05-19,F07,California Roll Sushi,Japanese,700
3030,2025-05-19,F08,Miso Soup,Japanese,150
3030,2025-05-19,F15,Ice Cream,Dessert,250
3031,2025-01-17,F07,California Roll Sushi,Japanese,700
3031,2025-01-17,F15,Ice Cream,Dessert,250
3031,2025-01-17,F12,Naan Bread,Indian,80
3032,2025-05-21,F07,California Roll Sushi,Japanese,700
3032,2025-05-21,F01,Beef Burger,Fast Food,450
3032,2025-05-21,F13,Chapati,Local,50
3033,2025-06-12,F05,Margherita Pizza,Italian,900
3033,2025-06-12,F06,Garlic Bread,Italian,250
3034,2025-02-17,F15,Ice Cream,Dessert,250
3034,2025-02-17,F01,Beef Burger,Fast Food,450
3034,2025-02-17,F03,Soda,Beverages,100
3034,2025-02-17,F14,Chocolate Cake,Dessert,300
3035,2025-02-03,F05,Margherita Pizza,Italian,900
3035,2025-02-03,F06,Garlic Bread,Italian,250
3035,2025-02-03,F15,Ice Cream,Dessert,250
3036,2025-02-16,F13,Chapati,Local,50
3036,2025-02-16,F12,Naan Bread,Indian,80
3037,2025-04-06,F01,Beef Burger,Fast Food,450
3037,2025-04-06,F02,French Fries,Fast Food,200
3038,2025-04-11,F15,Ice Cream,Dessert,250
3039,2025-05-14,F02,French Fries,Fast Food,200
3040,2025-06-22,F04,Chicken Wings,Fast Food,500
3040,2025-06-22,F13,Chapati,Local,50
3041,2025-01-15,F12,Naan Bread,Indian,80
3041,2025-01-15,F02,French Fries,Fast Food,200
3041,2025-01-15,F13,Chapati,Local,50
3042,2025-02-20,F15,Ice Cream,Dessert,250
3042,2025-02-20,F12,Naan Bread,Indian,80
3042,2025-02-20,F14,Chocolate Cake,Dessert,300
3042,2025-02-20,F09,Green Tea,Beverages,100
3043,2025-01-20,F05,Margherita Pizza,Italian,900
3043,2025-01-20,F06,Garlic Bread,Italian,250
3043,2025-01-20,F14,Chocolate Cake,Dessert,300
3044,2025-01-28,F04,Chicken Wings,Fast Food,500
3044,2025-01-28,F02,French Fries,Fast Food,200
3044,2025-01-28,F03,Soda,Beverages,100
3045,2025-03-14,F07,California Roll Sushi,Japanese,700
3045,2025-03-14,F09,Green Tea,Beverages,100
3045,2025-03-14,F05,Margherita Pizza,Italian,900
3045,2025-03-14,F15,Ice Cream,Dessert,250
3046,2025-06-21,F14,Chocolate Cake,Dessert,300
3046,2025-06-21,F07,California Roll Sushi,Japanese,700
3046,2025-06-21,F09,Green Tea,Beverages,100
3047,2025-01-20,F15,Ice Cream,Dessert,250
3048,2025-01-04,F07,California Roll Sushi,Japanese,700
3048,2025-01-04,F08,Miso Soup,Japanese,150
3049,2025-01-26,F05,Margherita Pizza,Italian,900
3049,2025-01-26,F06,Garlic Bread,Italian,250
3050,2025-01-07,F02,French Fries,Fast Food,200
3051,2025-03-04,F07,California Roll Sushi,Japanese,700
3051,2025-03-04,F08,Miso Soup,Japanese,150
3051,2025-03-04,F14,Chocolate Cake,Dessert,300
3052,2025-03-09,F15,Ice Cream,Dessert,250
3052,2025-03-09,F08,Miso Soup,Japanese,150
3052,2025-03-09,F10,Chicken Biryani,Indian,550
3052,2025-03-09,F05,Margherita Pizza,Italian,900
3052,2025-03-09,F14,Chocolate Cake,Dessert,300
3053,2025-02-03,F04,Chicken Wings,Fast Food,500
3053,2025-02-03,F01,Beef Burger,Fast Food,450
3053,2025-02-03,F05,Margherita Pizza,Italian,900
3053,2025-02-03,F06,Garlic Bread,Italian,250
3054,2025-02-06,F01,Beef Burger,Fast Food,450
3054,2025-02-06,F02,French Fries,Fast Food,200
3054,2025-02-06,F03,Soda,Beverages,100
3055,2025-03-10,F04,Chicken Wings,Fast Food,500
3055,2025-03-10,F02,French Fries,Fast Food,200
3055,2025-03-10,F14,Chocolate Cake,Dessert,300
3056,2025-05-19,F05,Margherita Pizza,Italian,900
3056,2025-05-19,F06,Garlic Bread,Italian,250
3056,2025-05-19,F14,Chocolate Cake,Dessert,300
3057,2025-06-07,F05,Margherita Pizza,Italian,900
3057,2025-06-07,F06,Garlic Bread,Italian,250
3058,2025-04-13,F05,Margherita Pizza,Italian,900
3058,2025-04-13,F06,Garlic Bread,Italian,250
3058,2025-04-13,F03,Soda,Beverages,100
3059,2025-06-26,F05,Margherita Pizza,Italian,900
3059,2025-06-26,F06,Garlic Bread,Italian,250
3059,2025-06-26,F03,Soda,Beverages,100
3060,2025-02-15,F07,California Roll Sushi,Japanese,700
3061,2025-05-15,F13,Chapati,Local,50
3061,2025-05-15,F15,Ice Cream,Dessert,250
3061,2025-05-15,F02,French Fries,Fast Food,200
3061,2025-05-15,F03,Soda,Beverages,100
3062,2025-04-19,F08,Miso Soup,Japanese,150
3063,2025-01-26,F11,Raita,Indian,100
3063,2025-01-26,F10,Chicken Biryani,Indian,550
3063,2025-01-26,F15,Ice Cream,Dessert,250
3064,2025-04-28,F07,California Roll Sushi,Japanese,700
3064,2025-04-28,F08,Miso Soup,Japanese,150
3065,2025-04-26,F08,Miso Soup,Japanese,150
3065,2025-04-26,F01,Beef Burger,Fast Food,450
3065,2025-04-26,F05,Margherita Pizza,Italian,900
3066,2025-02-18,F05,Margherita Pizza,Italian,900
3066,2025-02-18,F06,Garlic Bread,Italian,250
3067,2025-05-21,F10,Chicken Biryani,Indian,550
3068,2025-05-11,F10,Chicken Biryani,Indian,550
3068,2025-05-11,F11,Raita,Indian,100
3068,2025-05-11,F12,Naan Bread,Indian,80
3069,2025-03-23,F08,Miso Soup,Japanese,150
3069,2025-03-23,F15,Ice Cream,Dessert,250
3069,2025-03-23,F10,Chicken Biryani,Indian,550
3070,2025-03-02,F11,Raita,Indian,100
3071,2025-02-11,F12,Naan Bread,Indian,80
3071,2025-02-11,F04,Chicken Wings,Fast Food,500
3071,2025-02-11,F02,French Fries,Fast Food,200
3071,2025-02-11,F10,Chicken Biryani,Indian,550
3072,2025-01-05,F11,Raita,Indian,100
3072,2025-01-05,F09,Green Tea,Beverages,100
3072,2025-01-05,F13,Chapati,Local,50
3072,2025-01-05,F14,Chocolate Cake,Dessert,300
3073,2025-02-03,F10,Chicken Biryani,Indian,550
3073,2025-02-03,F11,Raita,Indian,100
3073,2025-02-03,F12,Naan Bread,Indian,80
3073,2025-02-03,F13,Chapati,Local,50
3074,2025-03-17,F06,Garlic Bread,Italian,250
3075,2025-03-20,F14,Chocolate Cake,Dessert,300
3076,2025-04-24,F07,California Roll Sushi,Japanese,700
3076,2025-04-24,F08,Miso Soup,Japanese,150
3077,2025-02-13,F04,Chicken Wings,Fast Food,500
3077,2025-02-13,F14,Chocolate Cake,Dessert,300
3078,2025-01-06,F05,Margherita Pizza,Italian,900
3078,2025-01-06,F06,Garlic Bread,Italian,250
3078,2025-01-06,F14,Chocolate Cake,Dessert,300
3079,2025-02-05,F05,Margherita Pizza,Italian,900
3079,2025-02-05,F06,Garlic Bread,Italian,250
3080,2025-03-13,F09,Green Tea,Beverages,100
3081,2025-05-24,F15,Ice Cream,Dessert,250
3082,2025-04-10,F05,Margherita Pizza,Italian,900
3082,2025-04-10,F06,Garlic Bread,Italian,250
3083,2025-02-23,F10,Chicken Biryani,Indian,550
3083,2025-02-23,F11,Raita,Indian,100
3083,2025-02-23,F12,Naan Bread,Indian,80
3084,2025-06-06,F07,California Roll Sushi,Japanese,700
3084,2025-06-06,F08,Miso Soup,Japanese,150
3085,2025-04-16,F01,Beef Burger,Fast Food,450
3085,2025-04-16,F02,French Fries,Fast Food,200
3086,2025-05-09,F10,Chicken Biryani,Indian,550
3087,2025-03-15,F05,Margherita Pizza,Italian,900
3088,2025-06-10,F11,Raita,Indian,100
3089,2025-04-15,F01,Beef Burger,Fast Food,450
3089,2025-04-15,F02,French Fries,Fast Food,200
3089,2025-04-15,F03,Soda,Beverages,100
3090,2025-03-07,F10,Chicken Biryani,Indian,550
3090,2025-03-07,F11,Raita,Indian,100
3090,2025-03-07,F12,Naan Bread,Indian,80
3091,2025-01-01,F04,Chicken Wings,Fast Food,500
3091,2025-01-01,F02,French Fries,Fast Food,200
3092,2025-06-09,F07,California Roll Sushi,Japanese,700
3092,2025-06-09,F08,Miso Soup,Japanese,150
3092,2025-06-09,F09,Green Tea,Beverages,100
3093,2025-03-23,F02,French Fries,Fast Food,200
3093,2025-03-23,F15,Ice Cream,Dessert,250
3094,2025-06-06,F04,Chicken Wings,Fast Food,500
3095,2025-03-10,F10,Chicken Biryani,Indian,550
3095,2025-03-10,F11,Raita,Indian,100
3095,2025-03-10,F12,Naan Bread,Indian,80
3096,2025-04-03,F05,Margherita Pizza,Italian,900
3097,2025-05-08,F14,Chocolate Cake,Dessert,300
3098,2025-02-02,F04,Chicken Wings,Fast Food,500
3098,2025-02-02,F02,French Fries,Fast Food,200
3098,2025-02-02,F03,Soda,Beverages,100
3099,2025-02-18,F07,California Roll Sushi,Japanese,700
3099,2025-02-18,F10,Chicken Biryani,Indian,550
3099,2025-02-18,F03,Soda,Beverages,100
3100,2025-04-25,F07,California Roll Sushi,Japanese,700
3100,2025-04-25,F08,Miso Soup,Japanese,150
3101,2025-04-07,F07,California Roll Sushi,Japanese,700
3101,2025-04-07,F08,Miso Soup,Japanese,150
3102,2025-02-19,F01,Beef Burger,Fast Food,450
3102,2025-02-19,F02,French Fries,Fast Food,200
3102,2025-02-19,F03,Soda,Beverages,100
3103,2025-05-31,F10,Chicken Biryani,Indian,550
3103,2025-05-31,F11,Raita,Indian,100
3103,2025-05-31,F12,Naan Bread,Indian,80
3104,2025-01-05,F01,Beef Burger,Fast Food,450
3104,2025-01-05,F02,French Fries,Fast Food,200
3104,2025-01-05,F03,Soda,Beverages,100
3105,2025-03-20,F01,Beef Burger,Fast Food,450
3105,2025-03-20,F02,French Fries,Fast Food,200
3105,2025-03-20,F03,Soda,Beverages,100
3106,2025-02-02,F06,Garlic Bread,Italian,250
3107,2025-04-15,F01,Beef Burger,Fast Food,450
3107,2025-04-15,F02,French Fries,Fast Food,200
3107,2025-04-15,F14,Chocolate Cake,Dessert,300
3108,2025-02-02,F14,Chocolate Cake,Dessert,300
3108,2025-02-02,F09,Green Tea,Beverages,100
3108,2025-02-02,F02,French Fries,Fast Food,200
3108,2025-02-02,F15,Ice Cream,Dessert,250
3109,2025-01-10,F08,Miso Soup,Japanese,150
3109,2025-01-10,F09,Green Tea,Beverages,100
3109,2025-01-10,F13,Chapati,Local,50
3110,2025-03-20,F11,Raita,Indian,100
3110,2025-03-20,F02,French Fries,Fast Food,200
3111,2025-06-21,F12,Naan Bread,Indian,80
3112,2025-01-21,F04,Chicken Wings,Fast Food,500
3112,2025-01-21,F02,French Fries,Fast Food,200
3113,2025-05-19,F12,Naan Bread,Indian,80
3113,2025-05-19,F08,Miso Soup,Japanese,150
3113,2025-05-19,F10,Chicken Biryani,Indian,550
3114,2025-06-21,F05,Margherita Pizza,Italian,900
3114,2025-06-21,F06,Garlic Bread,Italian,250
3114,2025-06-21,F03,Soda,Beverages,100
3115,2025-04-30,F02,French Fries,Fast Food,200
3115,2025-04-30,F06,Garlic Bread,Italian,250
3115,2025-04-30,F15,Ice Cream,Dessert,250
3115,2025-04-30,F14,Chocolate Cake,Dessert,300
3116,2025-01-03,F05,Margherita Pizza,Italian,900
3117,2025-01-25,F13,Chapati,Local,50
3118,2025-02-13,F04,Chicken Wings,Fast Food,500
3118,2025-02-13,F02,French Fries,Fast Food,200
3119,2025-04-11,F15,Ice Cream,Dessert,250
3120,2025-01-31,F01,Beef Burger,Fast Food,450
3120,2025-01-31,F02,French Fries,Fast Food,200
3121,2025-03-31,F04,Chicken Wings,Fast Food,500
3121,2025-03-31,F02,French Fries,Fast Food,200
3122,2025-01-08,F05,Margherita Pizza,Italian,900
3122,2025-01-08,F06,Garlic Bread,Italian,250
3122,2025-01-08,F03,Soda,Beverages,100
3123,2025-05-27,F07,California Roll Sushi,Japanese,700
3123,2025-05-27,F08,Miso Soup,Japanese,150
3123,2025-05-27,F09,Green Tea,Beverages,100
3123,2025-05-27,F15,Ice Cream,Dessert,250
3124,2025-02-23,F12,Naan Bread,Indian,80
3124,2025-02-23,F01,Beef Burger,Fast Food,450
3124,2025-02-23,F05,Margherita Pizza,Italian,900
3124,2025-02-23,F11,Raita,Indian,100
3124,2025-02-23,F14,Chocolate Cake,Dessert,300
3125,2025-03-26,F05,Margherita Pizza,Italian,900
3125,2025-03-26,F06,Garlic Bread,Italian,250
3125,2025-03-26,F03,Soda,Beverages,100
3125,2025-03-26,F14,Chocolate Cake,Dessert,300
3126,2025-06-14,F10,Chicken Biryani,Indian,550
3126,2025-06-14,F11,Raita,Indian,100
3126,2025-06-14,F12,Naan Bread,Indian,80
3126,2025-06-14,F15,Ice Cream,Dessert,250
3127,2025-06-19,F07,California Roll Sushi,Japanese,700
3127,2025-06-19,F01,Beef Burger,Fast Food,450
3127,2025-06-19,F11,Raita,Indian,100
3128,2025-04-24,F01,Beef Burger,Fast Food,450
3128,2025-04-24,F02,French Fries,Fast Food,200
3129,2025-06-22,F09,Green Tea,Beverages,100
3129,2025-06-22,F04,Chicken Wings,Fast Food,500
3130,2025-01-21,F14,Chocolate Cake,Dessert,300
3130,2025-01-21,F06,Garlic Bread,Italian,250
3130,2025-01-21,F05,Margherita Pizza,Italian,900
3131,2025-01-01,F04,Chicken Wings,Fast Food,500
3131,2025-01-01,F02,French Fries,Fast Food,200
3131,2025-01-01,F03,Soda,Beverages,100
3132,2025-04-14,F05,Margherita Pizza,Italian,900
3132,2025-04-14,F06,Garlic Bread,Italian,250
3132,2025-04-14,F07,California Roll Sushi,Japanese,700
3133,2025-06-06,F10,Chicken Biryani,Indian,550
3133,2025-06-06,F11,Raita,Indian,100
3133,2025-06-06,F12,Naan Bread,Indian,80
3134,2025-05-23,F04,Chicken Wings,Fast Food,500
3135,2025-04-04,F01,Beef Burger,Fast Food,450
3136,2025-06-19,F01,Beef Burger,Fast Food,450
3136,2025-06-19,F02,French Fries,Fast Food,200
3137,2025-01-16,F05,Margherita Pizza,Italian,900
3137,2025-01-16,F06,Garlic Bread,Italian,250
3138,2025-06-10,F07,California Roll Sushi,Japanese,700
3138,2025-06-10,F08,Miso Soup,Japanese,150
3139,2025-02-16,F14,Chocolate Cake,Dessert,300
3139,2025-02-16,F01,Beef Burger,Fast Food,450
3139,2025-02-16,F06,Garlic Bread,Italian,250
3139,2025-02-16,F03,Soda,Beverages,100
3140,2025-02-10,F10,Chicken Biryani,Indian,550
3140,2025-02-10,F11,Raita,Indian,100
3140,2025-02-10,F12,Naan Bread,Indian,80
3140,2025-02-10,F07,California Roll Sushi,Japanese,700
3141,2025-02-12,F05,Margherita Pizza,Italian,900
3141,2025-02-12,F06,Garlic Bread,Italian,250
3142,2025-06-19,F01,Beef Burger,Fast Food,450
3142,2025-06-19,F02,French Fries,Fast Food,200
3142,2025-06-19,F03,Soda,Beverages,100
3143,2025-01-10,F05,Margherita Pizza,Italian,900
3143,2025-01-10,F02,French Fries,Fast Food,200
3143,2025-01-10,F15,Ice Cream,Dessert,250
3144,2025-05-26,F10,Chicken Biryani,Indian,550
3144,2025-05-26,F11,Raita,Indian,100
3144,2025-05-26,F12,Naan Bread,Indian,80
3144,2025-05-26,F15,Ice Cream,Dessert,250
3145,2025-02-06,F12,Naan Bread,Indian,80
3145,2025-02-06,F03,Soda,Beverages,100
3146,2025-01-27,F05,Margherita Pizza,Italian,900
3146,2025-01-27,F06,Garlic Bread,Italian,250
3146,2025-01-27,F03,Soda,Beverages,100
3147,2025-03-05,F02,French Fries,Fast Food,200
3147,2025-03-05,F06,Garlic Bread,Italian,250
3147,2025-03-05,F10,Chicken Biryani,Indian,550
3148,2025-03-14,F05,Margherita Pizza,Italian,900
3148,2025-03-14,F06,Garlic Bread,Italian,250
3148,2025-03-14,F03,Soda,Beverages,100
3149,2025-04-28,F08,Miso Soup,Japanese,150
3149,2025-04-28,F09,Green Tea,Beverages,100
3149,2025-04-28,F11,Raita,Indian,100
3149,2025-04-28,F15,Ice Cream,Dessert,250
3150,2025-06-06,F01,Beef Burger,Fast Food,450
3150,2025-06-06,F02,French Fries,Fast Food,200
3151,2025-01-03,F04,Chicken Wings,Fast Food,500
3151,2025-01-03,F10,Chicken Biryani,Indian,550
3151,2025-01-03,F14,Chocolate Cake,Dessert,300
3151,2025-01-03,F03,Soda,Beverages,100
3152,2025-06-15,F07,California Roll Sushi,Japanese,700
3152,2025-06-15,F08,Miso Soup,Japanese,150
3153,2025-01-31,F05,Margherita Pizza,Italian,900
3153,2025-01-31,F06,Garlic Bread,Italian,250
3153,2025-01-31,F03,Soda,Beverages,100
3153,2025-01-31,F14,Chocolate Cake,Dessert,300
3154,2025-02-08,F03,Soda,Beverages,100
3154,2025-02-08,F07,California Roll Sushi,Japanese,700
3154,2025-02-08,F12,Naan Bread,Indian,80
3154,2025-02-08,F11,Raita,Indian,100
3155,2025-05-16,F11,Raita,Indian,100
3155,2025-05-16,F09,Green Tea,Beverages,100
3155,2025-05-16,F06,Garlic Bread,Italian,250
3156,2025-02-19,F05,Margherita Pizza,Italian,900
3156,2025-02-19,F06,Garlic Bread,Italian,250
3157,2025-02-05,F07,California Roll Sushi,Japanese,700
3157,2025-02-05,F04,Chicken Wings,Fast Food,500
3157,2025-02-05,F01,Beef Burger,Fast Food,450
3157,2025-02-05,F15,Ice Cream,Dessert,250
3158,2025-03-11,F05,Margherita Pizza,Italian,900
3158,2025-03-11,F06,Garlic Bread,Italian,250
3158,2025-03-11,F03,Soda,Beverages,100
3159,2025-04-25,F11,Raita,Indian,100
3159,2025-04-25,F15,Ice Cream,Dessert,250
3160,2025-04-23,F05,Margherita Pizza,Italian,900
3160,2025-04-23,F06,Garlic Bread,Italian,250
3161,2025-02-13,F10,Chicken Biryani,Indian,550
3161,2025-02-13,F11,Raita,Indian,100
3161,2025-02-13,F12,Naan Bread,Indian,80
3161,2025-02-13,F14,Chocolate Cake,Dessert,300
3162,2025-06-03,F02,French Fries,Fast Food,200
3162,2025-06-03,F13,Chapati,Local,50
3162,2025-06-03,F07,California Roll Sushi,Japanese,700
3162,2025-06-03,F04,Chicken Wings,Fast Food,500
3163,2025-06-20,F05,Margherita Pizza,Italian,900
3163,2025-06-20,F06,Garlic Bread,Italian,250
3164,2025-05-26,F05,Margherita Pizza,Italian,900
3164,2025-05-26,F06,Garlic Bread,Italian,250
3165,2025-01-14,F05,Margherita Pizza,Italian,900
3165,2025-01-14,F06,Garlic Bread,Italian,250
3165,2025-01-14,F03,Soda,Beverages,100
3166,2025-03-23,F04,Chicken Wings,Fast Food,500
3166,2025-03-23,F02,French Fries,Fast Food,200
3167,2025-04-16,F09,Green Tea,Beverages,100
3168,2025-06-13,F07,California Roll Sushi,Japanese,700
3169,2025-01-12,F10,Chicken Biryani,Indian,550
3169,2025-01-12,F11,Raita,Indian,100
3169,2025-01-12,F12,Naan Bread,Indian,80
3169,2025-01-12,F14,Chocolate Cake,Dessert,300
3170,2025-02-21,F04,Chicken Wings,Fast Food,500
3170,2025-02-21,F02,French Fries,Fast Food,200
3171,2025-04-24,F10,Chicken Biryani,Indian,550
3172,2025-02-21,F01,Beef Burger,Fast Food,450
3173,2025-05-13,F03,Soda,Beverages,100
3174,2025-06-25,F01,Beef Burger,Fast Food,450
3174,2025-06-25,F02,French Fries,Fast Food,200
3174,2025-06-25,F03,Soda,Beverages,100
3174,2025-06-25,F15,Ice Cream,Dessert,250
3175,2025-05-12,F04,Chicken Wings,Fast Food,500
3175,2025-05-12,F02,French Fries,Fast Food,200
3175,2025-05-12,F03,Soda,Beverages,100
3176,2025-03-10,F09,Green Tea,Beverages,100
3176,2025-03-10,F14,Chocolate Cake,Dessert,300
3176,2025-03-10,F10,Chicken Biryani,Indian,550
3177,2025-04-02,F04,Chicken Wings,Fast Food,500
3177,2025-04-02,F06,Garlic Bread,Italian,250
3177,2025-04-02,F08,Miso Soup,Japanese,150
3177,2025-04-02,F02,French Fries,Fast Food,200
3178,2025-03-16,F05,Margherita Pizza,Italian,900
3178,2025-03-16,F06,Garlic Bread,Italian,250
3178,2025-03-16,F03,Soda,Beverages,100
3179,2025-06-20,F04,Chicken Wings,Fast Food,500
3180,2025-04-05,F10,Chicken Biryani,Indian,550
3180,2025-04-05,F11,Raita,Indian,100
3180,2025-04-05,F12,Naan Bread,Indian,80
3180,2025-04-05,F15,Ice Cream,Dessert,250
3181,2025-05-03,F04,Chicken Wings,Fast Food,500
3181,2025-05-03,F02,French Fries,Fast Food,200
3182,2025-05-05,F10,Chicken Biryani,Indian,550
3182,2025-05-05,F11,Raita,Indian,100
3182,2025-05-05,F12,Naan Bread,Indian,80
3183,2025-04-05,F10,Chicken Biryani,Indian,550
3183,2025-04-05,F11,Raita,Indian,100
3183,2025-04-05,F12,Naan Bread,Indian,80
3184,2025-06-07,F07,California Roll Sushi,Japanese,700
3185,2025-02-13,F05,Margherita Pizza,Italian,900
3185,2025-02-13,F06,Garlic Bread,Italian,250
3186,2025-02-20,F06,Garlic Bread,Italian,250
3187,2025-02-28,F05,Margherita Pizza,Italian,900
3187,2025-02-28,F06,Garlic Bread,Italian,250
3188,2025-06-04,F05,Margherita Pizza,Italian,900
3188,2025-06-04,F06,Garlic Bread,Italian,250
3188,2025-06-04,F14,Chocolate Cake,Dessert,300
3189,2025-05-31,F09,Green Tea,Beverages,100
3190,2025-06-16,F14,Chocolate Cake,Dessert,300
3190,2025-06-16,F13,Chapati,Local,50
3190,2025-06-16,F06,Garlic Bread,Italian,250
3191,2025-03-21,F15,Ice Cream,Dessert,250
3191,2025-03-21,F12,Naan Bread,Indian,80
3191,2025-03-21,F02,French Fries,Fast Food,200
3191,2025-03-21,F06,Garlic Bread,Italian,250
3192,2025-04-29,F04,Chicken Wings,Fast Food,500
3192,2025-04-29,F06,Garlic Bread,Italian,250
3192,2025-04-29,F09,Green Tea,Beverages,100
3192,2025-04-29,F02,French Fries,Fast Food,200
3193,2025-02-01,F07,California Roll Sushi,Japanese,700
3193,2025-02-01,F08,Miso Soup,Japanese,150
3194,2025-03-12,F04,Chicken Wings,Fast Food,500
3194,2025-03-12,F02,French Fries,Fast Food,200
3194,2025-03-12,F14,Chocolate Cake,Dessert,300
3195,2025-04-03,F01,Beef Burger,Fast Food,450
3195,2025-04-03,F02,French Fries,Fast Food,200
3195,2025-04-03,F03,Soda,Beverages,100
3196,2025-06-08,F01,Beef Burger,Fast Food,450
3196,2025-06-08,F03,Soda,Beverages,100
3196,2025-06-08,F14,Chocolate Cake,Dessert,300
3197,2025-06-07,F10,Chicken Biryani,Indian,550
3197,2025-06-07,F11,Raita,Indian,100
3197,2025-06-07,F12,Naan Bread,Indian,80
3198,2025-01-07,F09,Green Tea,Beverages,100
3199,2025-04-15,F10,Chicken Biryani,Indian,550
3199,2025-04-15,F11,Raita,Indian,100
3199,2025-04-15,F12,Naan Bread,Indian,80
3200,2025-03-25,F10,Chicken Biryani,Indian,550
3200,2025-03-25,F11,Raita,Indian,100
3200,2025-03-25,F12,Naan Bread,Indian,80
3200,2025-03-25,F15,Ice Cream,Dessert,250
3201,2025-06-21,F04,Chicken Wings,Fast Food,500
3201,2025-06-21,F02,French Fries,Fast Food,200
3201,2025-06-21,F03,Soda,Beverages,100
3202,2025-06-09,F07,California Roll Sushi,Japanese,700
3202,2025-06-09,F11,Raita,Indian,100
3202,2025-06-09,F12,Naan Bread,Indian,80
3203,2025-04-14,F04,Chicken Wings,Fast Food,500
3204,2025-05-01,F05,Margherita Pizza,Italian,900
3204,2025-05-01,F06,Garlic Bread,Italian,250
3204,2025-05-01,F03,Soda,Beverages,100
3205,2025-03-23,F10,Chicken Biryani,Indian,550
3205,2025-03-23,F11,Raita,Indian,100
3205,2025-03-23,F12,Naan Bread,Indian,80
3206,2025-05-29,F10,Chicken Biryani,Indian,550
3206,2025-05-29,F15,Ice Cream,Dessert,250
3207,2025-05-20,F11,Raita,Indian,100
3207,2025-05-20,F15,Ice Cream,Dessert,250
3208,2025-06-17,F12,Naan Bread,Indian,80
3208,2025-06-17,F11,Raita,Indian,100
3208,2025-06-17,F09,Green Tea,Beverages,100
3208,2025-06-17,F08,Miso Soup,Japanese,150
3209,2025-03-27,F07,California Roll Sushi,Japanese,700
3209,2025-03-27,F08,Miso Soup,Japanese,150
3209,2025-03-27,F09,Green Tea,Beverages,100
3210,2025-01-12,F01,Beef Burger,Fast Food,450
3210,2025-01-12,F02,French Fries,Fast Food,200
3211,2025-06-28,F07,California Roll Sushi,Japanese,700
3211,2025-06-28,F08,Miso Soup,Japanese,150
3212,2025-05-03,F04,Chicken Wings,Fast Food,500
3212,2025-05-03,F02,French Fries,Fast Food,200
3213,2025-03-24,F10,Chicken Biryani,Indian,550
3213,2025-03-24,F11,Raita,Indian,100
3213,2025-03-24,F12,Naan Bread,Indian,80
3214,2025-03-14,F04,Chicken Wings,Fast Food,500
3215,2025-05-30,F04,Chicken Wings,Fast Food,500
3215,2025-05-30,F02,French Fries,Fast Food,200
3216,2025-04-05,F13,Chapati,Local,50
3217,2025-06-23,F13,Chapati,Local,50
3218,2025-06-01,F01,Beef Burger,Fast Food,450
3218,2025-06-01,F02,French Fries,Fast Food,200
3219,2025-06-21,F07,California Roll Sushi,Japanese,700
3219,2025-06-21,F05,Margherita Pizza,Italian,900
3219,2025-06-21,F11,Raita,Indian,100
3220,2025-03-15,F04,Chicken Wings,Fast Food,500
3220,2025-03-15,F05,Margherita Pizza,Italian,900
3221,2025-06-06,F12,Naan Bread,Indian,80
3221,2025-06-06,F14,Chocolate Cake,Dessert,300
3221,2025-06-06,F11,Raita,Indian,100
3222,2025-01-01,F15,Ice Cream,Dessert,250
3223,2025-04-23,F10,Chicken Biryani,Indian,550
3223,2025-04-23,F11,Raita,Indian,100
3223,2025-04-23,F12,Naan Bread,Indian,80
3224,2025-01-13,F15,Ice Cream,Dessert,250
3224,2025-01-13,F05,Margherita Pizza,Italian,900
3224,2025-01-13,F06,Garlic Bread,Italian,250
3225,2025-05-09,F01,Beef Burger,Fast Food,450
3225,2025-05-09,F02,French Fries,Fast Food,200
3225,2025-05-09,F03,Soda,Beverages,100
3226,2025-06-23,F07,California Roll Sushi,Japanese,700
3226,2025-06-23,F15,Ice Cream,Dessert,250
3226,2025-06-23,F06,Garlic Bread,Italian,250
3226,2025-06-23,F09,Green Tea,Beverages,100
3227,2025-04-16,F01,Beef Burger,Fast Food,450
3227,2025-04-16,F14,Chocolate Cake,Dessert,300
3227,2025-04-16,F09,Green Tea,Beverages,100
3227,2025-04-16,F07,California Roll Sushi,Japanese,700
3228,2025-06-22,F10,Chicken Biryani,Indian,550
3228,2025-06-22,F11,Raita,Indian,100
3228,2025-06-22,F12,Naan Bread,Indian,80
3229,2025-02-28,F01,Beef Burger,Fast Food,450
3229,2025-02-28,F02,French Fries,Fast Food,200
3229,2025-02-28,F03,Soda,Beverages,100
3229,2025-02-28,F15,Ice Cream,Dessert,250
3230,2025-04-17,F10,Chicken Biryani,Indian,550
3230,2025-04-17,F11,Raita,Indian,100
3230,2025-04-17,F12,Naan Bread,Indian,80
3231,2025-01-11,F09,Green Tea,Beverages,100
3231,2025-01-11,F04,Chicken Wings,Fast Food,500
3231,2025-01-11,F13,Chapati,Local,50
3231,2025-01-11,F06,Garlic Bread,Italian,250
3232,2025-01-13,F11,Raita,Indian,100
3233,2025-05-29,F05,Margherita Pizza,Italian,900
3233,2025-05-29,F06,Garlic Bread,Italian,250
3233,2025-05-29,F15,Ice Cream,Dessert,250
3234,2025-03-14,F12,Naan Bread,Indian,80
3234,2025-03-14,F04,Chicken Wings,Fast Food,500
3235,2025-02-09,F10,Chicken Biryani,Indian,550
3235,2025-02-09,F11,Raita,Indian,100
3235,2025-02-09,F08,Miso Soup,Japanese,150
3235,2025-02-09,F02,French Fries,Fast Food,200
3236,2025-04-16,F05,Margherita Pizza,Italian,900
3236,2025-04-16,F06,Garlic Bread,Italian,250
3236,2025-04-16,F15,Ice Cream,Dessert,250
3237,2025-02-11,F03,Soda,Beverages,100
3238,2025-06-01,F07,California Roll Sushi,Japanese,700
3238,2025-06-01,F08,Miso Soup,Japanese,150
3238,2025-06-01,F09,Green Tea,Beverages,100
3239,2025-03-25,F06,Garlic Bread,Italian,250
3240,2025-01-13,F01,Beef Burger,Fast Food,450
3240,2025-01-13,F02,French Fries,Fast Food,200
3240,2025-01-13,F03,Soda,Beverages,100
3241,2025-06-21,F05,Margherita Pizza,Italian,900
3241,2025-06-21,F06,Garlic Bread,Italian,250
3242,2025-06-03,F12,Naan Bread,Indian,80
3242,2025-06-03,F07,California Roll Sushi,Japanese,700
3242,2025-06-03,F04,Chicken Wings,Fast Food,500
3242,2025-06-03,F15,Ice Cream,Dessert,250
3243,2025-05-29,F10,Chicken Biryani,Indian,550
3243,2025-05-29,F11,Raita,Indian,100
3243,2025-05-29,F12,Naan Bread,Indian,80
3244,2025-01-01,F07,California Roll Sushi,Japanese,700
3244,2025-01-01,F08,Miso Soup,Japanese,150
3244,2025-01-01,F09,Green Tea,Beverages,100
3245,2025-06-16,F09,Green Tea,Beverages,100
3245,2025-06-16,F12,Naan Bread,Indian,80
3245,2025-06-16,F15,Ice Cream,Dessert,250
3245,2025-06-16,F08,Miso Soup,Japanese,150
3246,2025-01-27,F08,Miso Soup,Japanese,150
3247,2025-02-01,F04,Chicken Wings,Fast Food,500
3247,2025-02-01,F02,French Fries,Fast Food,200
3248,2025-01-10,F07,California Roll Sushi,Japanese,700
3249,2025-01-12,F11,Raita,Indian,100
3249,2025-01-12,F07,California Roll Sushi,Japanese,700
3249,2025-01-12,F10,Chicken Biryani,Indian,550
3249,2025-01-12,F05,Margherita Pizza,Italian,900
3250,2025-01-04,F09,Green Tea,Beverages,100
3250,2025-01-04,F13,Chapati,Local,50
3250,2025-01-04,F04,Chicken Wings,Fast Food,500
3251,2025-05-16,F04,Chicken Wings,Fast Food,500
3251,2025-05-16,F02,French Fries,Fast Food,200
3252,2025-02-08,F09,Green Tea,Beverages,100
3252,2025-02-08,F01,Beef Burger,Fast Food,450
3253,2025-03-25,F04,Chicken Wings,Fast Food,500
3254,2025-05-23,F04,Chicken Wings,Fast Food,500
3254,2025-05-23,F02,French Fries,Fast Food,200
3255,2025-01-09,F13,Chapati,Local,50
3255,2025-01-09,F10,Chicken Biryani,Indian,550
3256,2025-01-22,F15,Ice Cream,Dessert,250
3256,2025-01-22,F14,Chocolate Cake,Dessert,300
3256,2025-01-22,F11,Raita,Indian,100
3257,2025-05-12,F09,Green Tea,Beverages,100
3257,2025-05-12,F11,Raita,Indian,100
3257,2025-05-12,F13,Chapati,Local,50
3257,2025-05-12,F05,Margherita Pizza,Italian,900
3258,2025-04-25,F01,Beef Burger,Fast Food,450
3258,2025-04-25,F02,French Fries,Fast Food,200
3259,2025-01-15,F08,Miso Soup,Japanese,150
3259,2025-01-15,F04,Chicken Wings,Fast Food,500
3260,2025-05-18,F15,Ice Cream,Dessert,250
3260,2025-05-18,F14,Chocolate Cake,Dessert,300
3261,2025-02-07,F15,Ice Cream,Dessert,250
3261,2025-02-07,F06,Garlic Bread,Italian,250
3261,2025-02-07,F14,Chocolate Cake,Dessert,300
3261,2025-02-07,F07,California Roll Sushi,Japanese,700
3262,2025-05-20,F05,Margherita Pizza,Italian,900
3262,2025-05-20,F06,Garlic Bread,Italian,250
3262,2025-05-20,F03,Soda,Beverages,100
3263,2025-04-08,F01,Beef Burger,Fast Food,450
3263,2025-04-08,F02,French Fries,Fast Food,200
3263,2025-04-08,F14,Chocolate Cake,Dessert,300
3264,2025-04-21,F05,Margherita Pizza,Italian,900
3264,2025-04-21,F06,Garlic Bread,Italian,250
3264,2025-04-21,F14,Chocolate Cake,Dessert,300
3265,2025-06-08,F05,Margherita Pizza,Italian,900
3265,2025-06-08,F06,Garlic Bread,Italian,250
3266,2025-04-26,F08,Miso Soup,Japanese,150
3266,2025-04-26,F06,Garlic Bread,Italian,250
3266,2025-04-26,F13,Chapati,Local,50
3266,2025-04-26,F10,Chicken Biryani,Indian,550
3267,2025-01-22,F03,Soda,Beverages,100
3267,2025-01-22,F11,Raita,Indian,100
3267,2025-01-22,F08,Miso Soup,Japanese,150
3267,2025-01-22,F12,Naan Bread,Indian,80
3268,2025-03-16,F04,Chicken Wings,Fast Food,500
3268,2025-03-16,F15,Ice Cream,Dessert,250
3269,2025-04-07,F10,Chicken Biryani,Indian,550
3269,2025-04-07,F11,Raita,Indian,100
3269,2025-04-07,F12,Naan Bread,Indian,80
3269,2025-04-07,F15,Ice Cream,Dessert,250
3270,2025-02-25,F09,Green Tea,Beverages,100
3270,2025-02-25,F11,Raita,Indian,100
3270,2025-02-25,F12,Naan Bread,Indian,80
3271,2025-03-23,F14,Chocolate Cake,Dessert,300
3271,2025-03-23,F02,French Fries,Fast Food,200
3271,2025-03-23,F04,Chicken Wings,Fast Food,500
3271,2025-03-23,F15,Ice Cream,Dessert,250
3272,2025-06-07,F04,Chicken Wings,Fast Food,500
3272,2025-06-07,F01,Beef Burger,Fast Food,450
3272,2025-06-07,F15,Ice Cream,Dessert,250
3273,2025-01-15,F14,Chocolate Cake,Dessert,300
3273,2025-01-15,F13,Chapati,Local,50
3273,2025-01-15,F11,Raita,Indian,100
3274,2025-01-05,F04,Chicken Wings,Fast Food,500
3274,2025-01-05,F05,Margherita Pizza,Italian,900
3274,2025-01-05,F03,Soda,Beverages,100
3274,2025-01-05,F10,Chicken Biryani,Indian,550
3275,2025-04-19,F01,Beef Burger,Fast Food,450
3275,2025-04-19,F02,French Fries,Fast Food,200
3275,2025-04-19,F03,Soda,Beverages,100
3276,2025-05-06,F01,Beef Burger,Fast Food,450
3276,2025-05-06,F02,French Fries,Fast Food,200
3276,2025-05-06,F03,Soda,Beverages,100
3277,2025-03-03,F14,Chocolate Cake,Dessert,300
3277,2025-03-03,F15,Ice Cream,Dessert,250
3277,2025-03-03,F06,Garlic Bread,Italian,250
3278,2025-01-13,F13,Chapati,Local,50
3278,2025-01-13,F15,Ice Cream,Dessert,250
3279,2025-02-07,F05,Margherita Pizza,Italian,900
3279,2025-02-07,F14,Chocolate Cake,Dessert,300
3280,2025-05-22,F10,Chicken Biryani,Indian,550
3281,2025-02-28,F10,Chicken Biryani,Indian,550
3281,2025-02-28,F11,Raita,Indian,100
3281,2025-02-28,F12,Naan Bread,Indian,80
3282,2025-01-21,F13,Chapati,Local,50
3282,2025-01-21,F08,Miso Soup,Japanese,150
3282,2025-01-21,F14,Chocolate Cake,Dessert,300
3282,2025-01-21,F04,Chicken Wings,Fast Food,500
3282,2025-01-21,F15,Ice Cream,Dessert,250
3283,2025-01-12,F14,Chocolate Cake,Dessert,300
3284,2025-06-22,F07,California Roll Sushi,Japanese,700
3284,2025-06-22,F08,Miso Soup,Japanese,150
3284,2025-06-22,F09,Green Tea,Beverages,100
3285,2025-01-18,F04,Chicken Wings,Fast Food,500
3285,2025-01-18,F02,French Fries,Fast Food,200
3285,2025-01-18,F03,Soda,Beverages,100
3286,2025-04-30,F10,Chicken Biryani,Indian,550
3286,2025-04-30,F11,Raita,Indian,100
3286,2025-04-30,F12,Naan Bread,Indian,80
3287,2025-06-11,F07,California Roll Sushi,Japanese,700
3288,2025-05-16,F13,Chapati,Local,50
3288,2025-05-16,F05,Margherita Pizza,Italian,900
3288,2025-05-16,F12,Naan Bread,Indian,80
3288,2025-05-16,F04,Chicken Wings,Fast Food,500
3289,2025-02-05,F05,Margherita Pizza,Italian,900
3289,2025-02-05,F06,Garlic Bread,Italian,250
3290,2025-01-13,F10,Chicken Biryani,Indian,550
3290,2025-01-13,F11,Raita,Indian,100
3290,2025-01-13,F12,Naan Bread,Indian,80
3291,2025-05-09,F05,Margherita Pizza,Italian,900
3292,2025-03-02,F05,Margherita Pizza,Italian,900
3292,2025-03-02,F06,Garlic Bread,Italian,250
3293,2025-03-26,F03,Soda,Beverages,100
3293,2025-03-26,F15,Ice Cream,Dessert,250
3294,2025-02-11,F06,Garlic Bread,Italian,250
3294,2025-02-11,F08,Miso Soup,Japanese,150
3294,2025-02-11,F13,Chapati,Local,50
3294,2025-02-11,F12,Naan Bread,Indian,80
3294,2025-02-11,F14,Chocolate Cake,Dessert,300
3295,2025-06-26,F05,Margherita Pizza,Italian,900
3295,2025-06-26,F06,Garlic Bread,Italian,250
3296,2025-06-26,F10,Chicken Biryani,Indian,550
3297,2025-05-15,F07,California Roll Sushi,Japanese,700
3297,2025-05-15,F08,Miso Soup,Japanese,150
3298,2025-01-27,F05,Margherita Pizza,Italian,900
3298,2025-01-27,F06,Garlic Bread,Italian,250
3299,2025-06-08,F05,Margherita Pizza,Italian,900
3299,2025-06-08,F06,Garlic Bread,Italian,250
3299,2025-06-08,F03,Soda,Beverages,100
3300,2025-04-29,F09,Green Tea,Beverages,100
3301,2025-03-18,F12,Naan Bread,Indian,80
3301,2025-03-18,F11,Raita,Indian,100
3301,2025-03-18,F02,French Fries,Fast Food,200
3302,2025-06-09,F01,Beef Burger,Fast Food,450
3302,2025-06-09,F02,French Fries,Fast Food,200
3302,2025-06-09,F03,Soda,Beverages,100
3302,2025-06-09,F15,Ice Cream,Dessert,250
3303,2025-02-06,F07,California Roll Sushi,Japanese,700
3304,2025-05-13,F15,Ice Cream,Dessert,250
3304,2025-05-13,F14,Chocolate Cake,Dessert,300
3304,2025-05-13,F13,Chapati,Local,50
3305,2025-02-20,F07,California Roll Sushi,Japanese,700
3305,2025-02-20,F08,Miso Soup,Japanese,150
3305,2025-02-20,F09,Green Tea,Beverages,100
3306,2025-06-10,F01,Beef Burger,Fast Food,450
3307,2025-03-19,F01,Beef Burger,Fast Food,450
3308,2025-02-03,F08,Miso Soup,Japanese,150
3308,2025-02-03,F06,Garlic Bread,Italian,250
3308,2025-02-03,F13,Chapati,Local,50
3309,2025-01-01,F14,Chocolate Cake,Dessert,300
3309,2025-01-01,F11,Raita,Indian,100
3309,2025-01-01,F08,Miso Soup,Japanese,150
3310,2025-01-28,F10,Chicken Biryani,Indian,550
3310,2025-01-28,F11,Raita,Indian,100
3310,2025-01-28,F12,Naan Bread,Indian,80
3311,2025-04-12,F07,California Roll Sushi,Japanese,700
3311,2025-04-12,F08,Miso Soup,Japanese,150
3311,2025-04-12,F14,Chocolate Cake,Dessert,300
3312,2025-04-20,F03,Soda,Beverages,100
3312,2025-04-20,F14,Chocolate Cake,Dessert,300
3313,2025-04-22,F07,California Roll Sushi,Japanese,700
3313,2025-04-22,F08,Miso Soup,Japanese,150
3313,2025-04-22,F15,Ice Cream,Dessert,250
3314,2025-04-19,F01,Beef Burger,Fast Food,450
3315,2025-04-27,F10,Chicken Biryani,Indian,550
3315,2025-04-27,F11,Raita,Indian,100
3315,2025-04-27,F12,Naan Bread,Indian,80
3316,2025-01-27,F07,California Roll Sushi,Japanese,700
3316,2025-01-27,F08,Miso Soup,Japanese,150
3316,2025-01-27,F09,Green Tea,Beverages,100
3316,2025-01-27,F15,Ice Cream,Dessert,250
3317,2025-05-14,F09,Green Tea,Beverages,100
3318,2025-05-12,F07,California Roll Sushi,Japanese,700
3318,2025-05-12,F08,Miso Soup,Japanese,150
3318,2025-05-12,F15,Ice Cream,Dessert,250
3319,2025-05-22,F12,Naan Bread,Indian,80
3319,2025-05-22,F15,Ice Cream,Dessert,250
3320,2025-06-08,F07,California Roll Sushi,Japanese,700
3320,2025-06-08,F02,French Fries,Fast Food,200
3320,2025-06-08,F15,Ice Cream,Dessert,250
3321,2025-04-14,F07,California Roll Sushi,Japanese,700
3321,2025-04-14,F08,Miso Soup,Japanese,150
3321,2025-04-14,F09,Green Tea,Beverages,100
3322,2025-03-11,F05,Margherita Pizza,Italian,900
3322,2025-03-11,F06,Garlic Bread,Italian,250
3323,2025-03-22,F04,Chicken Wings,Fast Food,500
3323,2025-03-22,F02,French Fries,Fast Food,200
3323,2025-03-22,F03,Soda,Beverages,100
3323,2025-03-22,F10,Chicken Biryani,Indian,550
3324,2025-06-20,F01,Beef Burger,Fast Food,450
3324,2025-06-20,F02,French Fries,Fast Food,200
3324,2025-06-20,F03,Soda,Beverages,100
3325,2025-05-15,F07,California Roll Sushi,Japanese,700
3325,2025-05-15,F08,Miso Soup,Japanese,150
3325,2025-05-15,F09,Green Tea,Beverages,100
3326,2025-02-04,F03,Soda,Beverages,100
3326,2025-02-04,F11,Raita,Indian,100
3326,2025-02-04,F15,Ice Cream,Dessert,250
3326,2025-02-04,F14,Chocolate Cake,Dessert,300
3327,2025-05-02,F07,California Roll Sushi,Japanese,700
3327,2025-05-02,F08,Miso Soup,Japanese,150
3328,2025-03-25,F10,Chicken Biryani,Indian,550
3328,2025-03-25,F11,Raita,Indian,100
3328,2025-03-25,F12,Naan Bread,Indian,80
3328,2025-03-25,F15,Ice Cream,Dessert,250
3329,2025-03-22,F05,Margherita Pizza,Italian,900
3329,2025-03-22,F06,Garlic Bread,Italian,250
3330,2025-05-02,F07,California Roll Sushi,Japanese,700
3330,2025-05-02,F08,Miso Soup,Japanese,150
3330,2025-05-02,F09,Green Tea,Beverages,100
3331,2025-01-24,F06,Garlic Bread,Italian,250
3332,2025-01-10,F11,Raita,Indian,100
3333,2025-01-29,F07,California Roll Sushi,Japanese,700
3333,2025-01-29,F08,Miso Soup,Japanese,150
3333,2025-01-29,F09,Green Tea,Beverages,100
3333,2025-01-29,F14,Chocolate Cake,Dessert,300
3334,2025-01-26,F07,California Roll Sushi,Japanese,700
3334,2025-01-26,F08,Miso Soup,Japanese,150
3335,2025-05-08,F05,Margherita Pizza,Italian,900
3335,2025-05-08,F06,Garlic Bread,Italian,250
3335,2025-05-08,F03,Soda,Beverages,100
3336,2025-01-12,F07,California Roll Sushi,Japanese,700
3336,2025-01-12,F08,Miso Soup,Japanese,150
3336,2025-01-12,F09,Green Tea,Beverages,100
3337,2025-02-17,F05,Margherita Pizza,Italian,900
3337,2025-02-17,F06,Garlic Bread,Italian,250
3337,2025-02-17,F12,Naan Bread,Indian,80
3338,2025-02-15,F01,Beef Burger,Fast Food,450
3338,2025-02-15,F10,Chicken Biryani,Indian,550
3338,2025-02-15,F05,Margherita Pizza,Italian,900
3338,2025-02-15,F03,Soda,Beverages,100
3339,2025-05-10,F05,Margherita Pizza,Italian,900
3339,2025-05-10,F06,Garlic Bread,Italian,250
3340,2025-05-16,F03,Soda,Beverages,100
3340,2025-05-16,F05,Margherita Pizza,Italian,900
3340,2025-05-16,F12,Naan Bread,Indian,80
3340,2025-05-16,F06,Garlic Bread,Italian,250
3341,2025-03-28,F08,Miso Soup,Japanese,150
3342,2025-05-22,F10,Chicken Biryani,Indian,550
3342,2025-05-22,F11,Raita,Indian,100
3342,2025-05-22,F12,Naan Bread,Indian,80
3343,2025-02-22,F10,Chicken Biryani,Indian,550
3343,2025-02-22,F11,Raita,Indian,100
3343,2025-02-22,F12,Naan Bread,Indian,80
3343,2025-02-22,F15,Ice Cream,Dessert,250
3344,2025-06-05,F12,Naan Bread,Indian,80
3344,2025-06-05,F13,Chapati,Local,50
3345,2025-04-01,F04,Chicken Wings,Fast Food,500
3345,2025-04-01,F02,French Fries,Fast Food,200
3345,2025-04-01,F03,Soda,Beverages,100
3346,2025-02-27,F04,Chicken Wings,Fast Food,500
3346,2025-02-27,F02,French Fries,Fast Food,200
3346,2025-02-27,F03,Soda,Beverages,100
3347,2025-01-12,F13,Chapati,Local,50
3348,2025-06-13,F10,Chicken Biryani,Indian,550
3348,2025-06-13,F11,Raita,Indian,100
3348,2025-06-13,F12,Naan Bread,Indian,80
3349,2025-04-14,F09,Green Tea,Beverages,100
3349,2025-04-14,F15,Ice Cream,Dessert,250
3350,2025-03-17,F01,Beef Burger,Fast Food,450
3350,2025-03-17,F02,French Fries,Fast Food,200
3351,2025-06-12,F10,Chicken Biryani,Indian,550
3351,2025-06-12,F15,Ice Cream,Dessert,250
3351,2025-06-12,F08,Miso Soup,Japanese,150
3351,2025-06-12,F03,Soda,Beverages,100
3352,2025-03-04,F02,French Fries,Fast Food,200
3352,2025-03-04,F06,Garlic Bread,Italian,250
3352,2025-03-04,F14,Chocolate Cake,Dessert,300
3353,2025-04-27,F02,French Fries,Fast Food,200
3353,2025-04-27,F13,Chapati,Local,50
3353,2025-04-27,F14,Chocolate Cake,Dessert,300
3354,2025-02-09,F10,Chicken Biryani,Indian,550
3354,2025-02-09,F06,Garlic Bread,Italian,250
3354,2025-02-09,F15,Ice Cream,Dessert,250
3355,2025-05-11,F05,Margherita Pizza,Italian,900
3355,2025-05-11,F06,Garlic Bread,Italian,250
3356,2025-01-28,F10,Chicken Biryani,Indian,550
3356,2025-01-28,F11,Raita,Indian,100
3356,2025-01-28,F12,Naan Bread,Indian,80
3357,2025-03-09,F10,Chicken Biryani,Indian,550
3358,2025-02-07,F10,Chicken Biryani,Indian,550
3358,2025-02-07,F14,Chocolate Cake,Dessert,300
3359,2025-05-08,F07,California Roll Sushi,Japanese,700
3359,2025-05-08,F08,Miso Soup,Japanese,150
3359,2025-05-08,F09,Green Tea,Beverages,100
3359,2025-05-08,F14,Chocolate Cake,Dessert,300
3360,2025-03-29,F07,California Roll Sushi,Japanese,700
3360,2025-03-29,F08,Miso Soup,Japanese,150
3361,2025-01-27,F13,Chapati,Local,50
3361,2025-01-27,F14,Chocolate Cake,Dessert,300
3361,2025-01-27,F08,Miso Soup,Japanese,150
3361,2025-01-27,F01,Beef Burger,Fast Food,450
3362,2025-01-25,F01,Beef Burger,Fast Food,450
3362,2025-01-25,F07,California Roll Sushi,Japanese,700
3362,2025-01-25,F14,Chocolate Cake,Dessert,300
3363,2025-06-24,F01,Beef Burger,Fast Food,450
3363,2025-06-24,F02,French Fries,Fast Food,200
3363,2025-06-24,F03,Soda,Beverages,100
3364,2025-01-23,F05,Margherita Pizza,Italian,900
3365,2025-02-03,F05,Margherita Pizza,Italian,900
3365,2025-02-03,F06,Garlic Bread,Italian,250
3365,2025-02-03,F15,Ice Cream,Dessert,250
3366,2025-04-23,F05,Margherita Pizza,Italian,900
3366,2025-04-23,F06,Garlic Bread,Italian,250
3366,2025-04-23,F03,Soda,Beverages,100
3366,2025-04-23,F14,Chocolate Cake,Dessert,300
3367,2025-04-14,F08,Miso Soup,Japanese,150
3367,2025-04-14,F10,Chicken Biryani,Indian,550
3367,2025-04-14,F12,Naan Bread,Indian,80
3368,2025-05-25,F07,California Roll Sushi,Japanese,700
3368,2025-05-25,F08,Miso Soup,Japanese,150
3369,2025-05-04,F05,Margherita Pizza,Italian,900
3369,2025-05-04,F06,Garlic Bread,Italian,250
3369,2025-05-04,F03,Soda,Beverages,100
3370,2025-01-09,F10,Chicken Biryani,Indian,550
3370,2025-01-09,F11,Raita,Indian,100
3370,2025-01-09,F12,Naan Bread,Indian,80
3371,2025-01-10,F01,Beef Burger,Fast Food,450
3371,2025-01-10,F09,Green Tea,Beverages,100
3372,2025-01-27,F04,Chicken Wings,Fast Food,500
3372,2025-01-27,F14,Chocolate Cake,Dessert,300
3372,2025-01-27,F15,Ice Cream,Dessert,250
3373,2025-04-27,F13,Chapati,Local,50
3373,2025-04-27,F12,Naan Bread,Indian,80
3374,2025-04-12,F04,Chicken Wings,Fast Food,500
3374,2025-04-12,F02,French Fries,Fast Food,200
3374,2025-04-12,F03,Soda,Beverages,100
3375,2025-06-25,F05,Margherita Pizza,Italian,900
3375,2025-06-25,F06,Garlic Bread,Italian,250
3375,2025-06-25,F03,Soda,Beverages,100
3376,2025-02-03,F04,Chicken Wings,Fast Food,500
3377,2025-05-23,F05,Margherita Pizza,Italian,900
3377,2025-05-23,F06,Garlic Bread,Italian,250
3377,2025-05-23,F03,Soda,Beverages,100
3378,2025-06-05,F07,California Roll Sushi,Japanese,700
3378,2025-06-05,F04,Chicken Wings,Fast Food,500
3379,2025-06-15,F05,Margherita Pizza,Italian,900
3379,2025-06-15,F06,Garlic Bread,Italian,250
3379,2025-06-15,F03,Soda,Beverages,100
3380,2025-05-22,F15,Ice Cream,Dessert,250
3381,2025-02-16,F05,Margherita Pizza,Italian,900
3381,2025-02-16,F06,Garlic Bread,Italian,250
3382,2025-04-21,F03,Soda,Beverages,100
3382,2025-04-21,F07,California Roll Sushi,Japanese,700
3383,2025-05-22,F02,French Fries,Fast Food,200
3384,2025-02-24,F04,Chicken Wings,Fast Food,500
3384,2025-02-24,F02,French Fries,Fast Food,200
3385,2025-04-29,F04,Chicken Wings,Fast Food,500
3385,2025-04-29,F02,French Fries,Fast Food,200
3385,2025-04-29,F14,Chocolate Cake,Dessert,300
3386,2025-02-04,F14,Chocolate Cake,Dessert,300
3386,2025-02-04,F09,Green Tea,Beverages,100
3387,2025-01-10,F01,Beef Burger,Fast Food,450
3387,2025-01-10,F02,French Fries,Fast Food,200
3387,2025-01-10,F03,Soda,Beverages,100
3387,2025-01-10,F14,Chocolate Cake,Dessert,300
3388,2025-03-21,F10,Chicken Biryani,Indian,550
3388,2025-03-21,F11,Raita,Indian,100
3388,2025-03-21,F12,Naan Bread,Indian,80
3389,2025-02-01,F12,Naan Bread,Indian,80
3390,2025-04-11,F15,Ice Cream,Dessert,250
3391,2025-03-30,F08,Miso Soup,Japanese,150
3391,2025-03-30,F11,Raita,Indian,100
3391,2025-03-30,F05,Margherita Pizza,Italian,900
3391,2025-03-30,F14,Chocolate Cake,Dessert,300
3392,2025-03-29,F05,Margherita Pizza,Italian,900
3392,2025-03-29,F01,Beef Burger,Fast Food,450
3392,2025-03-29,F04,Chicken Wings,Fast Food,500
3393,2025-03-24,F04,Chicken Wings,Fast Food,500
3393,2025-03-24,F02,French Fries,Fast Food,200
3393,2025-03-24,F03,Soda,Beverages,100
3393,2025-03-24,F10,Chicken Biryani,Indian,550
3394,2025-01-25,F01,Beef Burger,Fast Food,450
3394,2025-01-25,F11,Raita,Indian,100
3395,2025-01-08,F10,Chicken Biryani,Indian,550
3395,2025-01-08,F11,Raita,Indian,100
3395,2025-01-08,F12,Naan Bread,Indian,80
3396,2025-03-15,F05,Margherita Pizza,Italian,900
3396,2025-03-15,F06,Garlic Bread,Italian,250
3397,2025-06-27,F08,Miso Soup,Japanese,150
3397,2025-06-27,F10,Chicken Biryani,Indian,550
3398,2025-02-07,F06,Garlic Bread,Italian,250
3398,2025-02-07,F14,Chocolate Cake,Dessert,300
3398,2025-02-07,F09,Green Tea,Beverages,100
3398,2025-02-07,F12,Naan Bread,Indian,80
3399,2025-01-07,F10,Chicken Biryani,Indian,550
3399,2025-01-07,F11,Raita,Indian,100
3399,2025-01-07,F12,Naan Bread,Indian,80
3400,2025-01-07,F15,Ice Cream,Dessert,250
3401,2025-02-10,F08,Miso Soup,Japanese,150
3402,2025-02-08,F02,French Fries,Fast Food,200
3403,2025-04-29,F04,Chicken Wings,Fast Food,500
3403,2025-04-29,F02,French Fries,Fast Food,200
3403,2025-04-29,F03,Soda,Beverages,100
3403,2025-04-29,F13,Chapati,Local,50
3404,2025-03-20,F09,Green Tea,Beverages,100
3405,2025-03-28,F09,Green Tea,Beverages,100
3405,2025-03-28,F06,Garlic Bread,Italian,250
3406,2025-01-30,F09,Green Tea,Beverages,100
3407,2025-01-14,F09,Green Tea,Beverages,100
3407,2025-01-14,F12,Naan Bread,Indian,80
3408,2025-03-17,F07,California Roll Sushi,Japanese,700
3408,2025-03-17,F08,Miso Soup,Japanese,150
3409,2025-05-04,F09,Green Tea,Beverages,100
3409,2025-05-04,F02,French Fries,Fast Food,200
3409,2025-05-04,F15,Ice Cream,Dessert,250
3410,2025-05-30,F05,Margherita Pizza,Italian,900
3410,2025-05-30,F06,Garlic Bread,Italian,250
3410,2025-05-30,F03,Soda,Beverages,100
3411,2025-03-06,F01,Beef Burger,Fast Food,450
3411,2025-03-06,F02,French Fries,Fast Food,200
3411,2025-03-06,F03,Soda,Beverages,100
3412,2025-05-28,F13,Chapati,Local,50
3412,2025-05-28,F04,Chicken Wings,Fast Food,500
3413,2025-05-13,F04,Chicken Wings,Fast Food,500
3413,2025-05-13,F02,French Fries,Fast Food,200
3413,2025-05-13,F03,Soda,Beverages,100
3414,2025-06-30,F01,Beef Burger,Fast Food,450
3414,2025-06-30,F13,Chapati,Local,50
3414,2025-06-30,F06,Garlic Bread,Italian,250
3415,2025-06-04,F14,Chocolate Cake,Dessert,300
3415,2025-06-04,F04,Chicken Wings,Fast Food,500
3416,2025-02-23,F07,California Roll Sushi,Japanese,700
3416,2025-02-23,F15,Ice Cream,Dessert,250
3417,2025-03-08,F01,Beef Burger,Fast Food,450
3417,2025-03-08,F02,French Fries,Fast Food,200
3418,2025-04-04,F10,Chicken Biryani,Indian,550
3418,2025-04-04,F11,Raita,Indian,100
3418,2025-04-04,F12,Naan Bread,Indian,80
3419,2025-04-07,F02,French Fries,Fast Food,200
3419,2025-04-07,F14,Chocolate Cake,Dessert,300
3420,2025-05-04,F10,Chicken Biryani,Indian,550
3420,2025-05-04,F11,Raita,Indian,100
3420,2025-05-04,F12,Naan Bread,Indian,80
3420,2025-05-04,F14,Chocolate Cake,Dessert,300
3421,2025-04-23,F01,Beef Burger,Fast Food,450
3421,2025-04-23,F02,French Fries,Fast Food,200
3421,2025-04-23,F03,Soda,Beverages,100
3422,2025-02-10,F04,Chicken Wings,Fast Food,500
3423,2025-05-12,F09,Green Tea,Beverages,100
3423,2025-05-12,F13,Chapati,Local,50
3423,2025-05-12,F11,Raita,Indian,100
3424,2025-01-19,F07,California Roll Sushi,Japanese,700
3424,2025-01-19,F08,Miso Soup,Japanese,150
3424,2025-01-19,F14,Chocolate Cake,Dessert,300
3425,2025-03-25,F06,Garlic Bread,Italian,250
3425,2025-03-25,F10,Chicken Biryani,Indian,550
3426,2025-03-30,F07,California Roll Sushi,Japanese,700
3426,2025-03-30,F08,Miso Soup,Japanese,150
3427,2025-01-19,F10,Chicken Biryani,Indian,550
3427,2025-01-19,F11,Raita,Indian,100
3427,2025-01-19,F12,Naan Bread,Indian,80
3427,2025-01-19,F09,Green Tea,Beverages,100
3428,2025-02-08,F14,Chocolate Cake,Dessert,300
3429,2025-04-11,F07,California Roll Sushi,Japanese,700
3429,2025-04-11,F08,Miso Soup,Japanese,150
3430,2025-05-14,F10,Chicken Biryani,Indian,550
3430,2025-05-14,F11,Raita,Indian,100
3430,2025-05-14,F12,Naan Bread,Indian,80
3431,2025-05-14,F01,Beef Burger,Fast Food,450
3431,2025-05-14,F02,French Fries,Fast Food,200
3432,2025-01-30,F04,Chicken Wings,Fast Food,500
3433,2025-01-19,F11,Raita,Indian,100
3434,2025-02-02,F11,Raita,Indian,100
3434,2025-02-02,F05,Margherita Pizza,Italian,900
3435,2025-05-14,F03,Soda,Beverages,100
3436,2025-01-16,F13,Chapati,Local,50
3436,2025-01-16,F09,Green Tea,Beverages,100
3436,2025-01-16,F11,Raita,Indian,100
3436,2025-01-16,F01,Beef Burger,Fast Food,450
3437,2025-01-13,F05,Margherita Pizza,Italian,900
3437,2025-01-13,F06,Garlic Bread,Italian,250
3438,2025-02-22,F07,California Roll Sushi,Japanese,700
3438,2025-02-22,F08,Miso Soup,Japanese,150
3439,2025-04-25,F07,California Roll Sushi,Japanese,700
3439,2025-04-25,F08,Miso Soup,Japanese,150
3440,2025-02-02,F10,Chicken Biryani,Indian,550
3440,2025-02-02,F11,Raita,Indian,100
3440,2025-02-02,F12,Naan Bread,Indian,80
3441,2025-01-06,F13,Chapati,Local,50
3441,2025-01-06,F14,Chocolate Cake,Dessert,300
3442,2025-06-22,F11,Raita,Indian,100
3443,2025-01-29,F02,French Fries,Fast Food,200
3443,2025-01-29,F07,California Roll Sushi,Japanese,700
3444,2025-01-09,F11,Raita,Indian,100
3444,2025-01-09,F02,French Fries,Fast Food,200
3444,2025-01-09,F13,Chapati,Local,50
3445,2025-02-02,F04,Chicken Wings,Fast Food,500
3445,2025-02-02,F02,French Fries,Fast Food,200
3446,2025-03-18,F10,Chicken Biryani,Indian,550
3446,2025-03-18,F11,Raita,Indian,100
3446,2025-03-18,F12,Naan Bread,Indian,80
3447,2025-05-27,F03,Soda,Beverages,100
3447,2025-05-27,F10,Chicken Biryani,Indian,550
3447,2025-05-27,F08,Miso Soup,Japanese,150
3447,2025-05-27,F04,Chicken Wings,Fast Food,500
3448,2025-03-30,F12,Naan Bread,Indian,80
3448,2025-03-30,F05,Margherita Pizza,Italian,900
3448,2025-03-30,F01,Beef Burger,Fast Food,450
3448,2025-03-30,F14,Chocolate Cake,Dessert,300
3449,2025-05-29,F10,Chicken Biryani,Indian,550
3449,2025-05-29,F11,Raita,Indian,100
3449,2025-05-29,F12,Naan Bread,Indian,80
3450,2025-05-21,F08,Miso Soup,Japanese,150
3451,2025-06-08,F02,French Fries,Fast Food,200
3451,2025-06-08,F08,Miso Soup,Japanese,150
3451,2025-06-08,F01,Beef Burger,Fast Food,450
3452,2025-04-01,F13,Chapati,Local,50
3453,2025-01-15,F06,Garlic Bread,Italian,250
3453,2025-01-15,F01,Beef Burger,Fast Food,450
3453,2025-01-15,F04,Chicken Wings,Fast Food,500
3453,2025-01-15,F02,French Fries,Fast Food,200
3454,2025-01-08,F07,California Roll Sushi,Japanese,700
3454,2025-01-08,F08,Miso Soup,Japanese,150
3454,2025-01-08,F09,Green Tea,Beverages,100
3454,2025-01-08,F13,Chapati,Local,50
3455,2025-04-04,F10,Chicken Biryani,Indian,550
3455,2025-04-04,F11,Raita,Indian,100
3455,2025-04-04,F12,Naan Bread,Indian,80
3456,2025-04-22,F04,Chicken Wings,Fast Food,500
3456,2025-04-22,F02,French Fries,Fast Food,200
3456,2025-04-22,F03,Soda,Beverages,100
3456,2025-04-22,F15,Ice Cream,Dessert,250
3457,2025-05-15,F06,Garlic Bread,Italian,250
3458,2025-04-11,F01,Beef Burger,Fast Food,450
3458,2025-04-11,F02,French Fries,Fast Food,200
3458,2025-04-11,F03,Soda,Beverages,100
3458,2025-04-11,F15,Ice Cream,Dessert,250
3459,2025-05-26,F07,California Roll Sushi,Japanese,700
3459,2025-05-26,F08,Miso Soup,Japanese,150
3459,2025-05-26,F09,Green Tea,Beverages,100
3459,2025-05-26,F14,Chocolate Cake,Dessert,300
3460,2025-05-17,F04,Chicken Wings,Fast Food,500
3460,2025-05-17,F02,French Fries,Fast Food,200
3461,2025-04-18,F07,California Roll Sushi,Japanese,700
3461,2025-04-18,F08,Miso Soup,Japanese,150
3462,2025-04-12,F04,Chicken Wings,Fast Food,500
3462,2025-04-12,F02,French Fries,Fast Food,200
3463,2025-03-30,F01,Beef Burger,Fast Food,450
3463,2025-03-30,F02,French Fries,Fast Food,200
3464,2025-03-22,F14,Chocolate Cake,Dessert,300
3464,2025-03-22,F04,Chicken Wings,Fast Food,500
3465,2025-01-28,F05,Margherita Pizza,Italian,900
3465,2025-01-28,F06,Garlic Bread,Italian,250
3465,2025-01-28,F03,Soda,Beverages,100
3466,2025-01-10,F04,Chicken Wings,Fast Food,500
3466,2025-01-10,F13,Chapati,Local,50
3466,2025-01-10,F08,Miso Soup,Japanese,150
3466,2025-01-10,F05,Margherita Pizza,Italian,900
3467,2025-03-09,F07,California Roll Sushi,Japanese,700
3467,2025-03-09,F08,Miso Soup,Japanese,150
3468,2025-04-12,F01,Beef Burger,Fast Food,450
3468,2025-04-12,F02,French Fries,Fast Food,200
3469,2025-02-23,F04,Chicken Wings,Fast Food,500
3469,2025-02-23,F02,French Fries,Fast Food,200
3469,2025-02-23,F15,Ice Cream,Dessert,250
3470,2025-01-20,F14,Chocolate Cake,Dessert,300
3471,2025-02-14,F10,Chicken Biryani,Indian,550
3471,2025-02-14,F11,Raita,Indian,100
3471,2025-02-14,F12,Naan Bread,Indian,80
3472,2025-05-14,F10,Chicken Biryani,Indian,550
3472,2025-05-14,F11,Raita,Indian,100
3472,2025-05-14,F12,Naan Bread,Indian,80
3473,2025-03-30,F01,Beef Burger,Fast Food,450
3473,2025-03-30,F02,French Fries,Fast Food,200
3473,2025-03-30,F03,Soda,Beverages,100
3474,2025-04-14,F01,Beef Burger,Fast Food,450
3474,2025-04-14,F02,French Fries,Fast Food,200
3474,2025-04-14,F03,Soda,Beverages,100
3475,2025-06-20,F06,Garlic Bread,Italian,250
3475,2025-06-20,F01,Beef Burger,Fast Food,450
3475,2025-06-20,F08,Miso Soup,Japanese,150
3475,2025-06-20,F15,Ice Cream,Dessert,250
3476,2025-06-27,F01,Beef Burger,Fast Food,450
3476,2025-06-27,F02,French Fries,Fast Food,200
3477,2025-03-02,F10,Chicken Biryani,Indian,550
3477,2025-03-02,F11,Raita,Indian,100
3477,2025-03-02,F12,Naan Bread,Indian,80
3478,2025-02-11,F03,Soda,Beverages,100
3478,2025-02-11,F02,French Fries,Fast Food,200
3478,2025-02-11,F01,Beef Burger,Fast Food,450
3478,2025-02-11,F10,Chicken Biryani,Indian,550
3479,2025-06-16,F06,Garlic Bread,Italian,250
3479,2025-06-16,F04,Chicken Wings,Fast Food,500
3480,2025-06-07,F10,Chicken Biryani,Indian,550
3480,2025-06-07,F11,Raita,Indian,100
3480,2025-06-07,F12,Naan Bread,Indian,80
3480,2025-06-07,F07,California Roll Sushi,Japanese,700
3481,2025-03-25,F07,California Roll Sushi,Japanese,700
3481,2025-03-25,F08,Miso Soup,Japanese,150
3482,2025-03-01,F07,California Roll Sushi,Japanese,700
3482,2025-03-01,F08,Miso Soup,Japanese,150
3483,2025-01-30,F14,Chocolate Cake,Dessert,300
3483,2025-01-30,F01,Beef Burger,Fast Food,450
3484,2025-02-13,F08,Miso Soup,Japanese,150
3484,2025-02-13,F09,Green Tea,Beverages,100
3484,2025-02-13,F15,Ice Cream,Dessert,250
3485,2025-04-18,F07,California Roll Sushi,Japanese,700
3485,2025-04-18,F08,Miso Soup,Japanese,150
3485,2025-04-18,F09,Green Tea,Beverages,100
3486,2025-01-27,F10,Chicken Biryani,Indian,550
3486,2025-01-27,F11,Raita,Indian,100
3486,2025-01-27,F12,Naan Bread,Indian,80
3486,2025-01-27,F14,Chocolate Cake,Dessert,300
3487,2025-01-24,F10,Chicken Biryani,Indian,550
3487,2025-01-24,F11,Raita,Indian,100
3487,2025-01-24,F12,Naan Bread,Indian,80
3488,2025-03-25,F05,Margherita Pizza,Italian,900
3488,2025-03-25,F06,Garlic Bread,Italian,250
3489,2025-01-13,F14,Chocolate Cake,Dessert,300
3490,2025-04-18,F03,Soda,Beverages,100
3490,2025-04-18,F14,Chocolate Cake,Dessert,300
3491,2025-03-01,F07,California Roll Sushi,Japanese,700
3491,2025-03-01,F08,Miso Soup,Japanese,150
3492,2025-06-05,F01,Beef Burger,Fast Food,450
3492,2025-06-05,F02,French Fries,Fast Food,200
3493,2025-06-15,F04,Chicken Wings,Fast Food,500
3493,2025-06-15,F02,French Fries,Fast Food,200
3493,2025-06-15,F03,Soda,Beverages,100
3493,2025-06-15,F14,Chocolate Cake,Dessert,300
3494,2025-02-11,F02,French Fries,Fast Food,200
3494,2025-02-11,F05,Margherita Pizza,Italian,900
3495,2025-03-23,F04,Chicken Wings,Fast Food,500
3495,2025-03-23,F02,French Fries,Fast Food,200
3496,2025-05-13,F07,California Roll Sushi,Japanese,700
3497,2025-05-03,F01,Beef Burger,Fast Food,450
3497,2025-05-03,F02,French Fries,Fast Food,200
3497,2025-05-03,F03,Soda,Beverages,100
3498,2025-01-27,F10,Chicken Biryani,Indian,550
3498,2025-01-27,F11,Raita,Indian,100
3498,2025-01-27,F12,Naan Bread,Indian,80
3499,2025-05-22,F05,Margherita Pizza,Italian,900
3499,2025-05-22,F14,Chocolate Cake,Dessert,300
3500,2025-01-23,F11,Raita,Indian,100
3500,2025-01-23,F10,Chicken Biryani,Indian,550
3501,2025-01-19,F01,Beef Burger,Fast Food,450
3502,2025-03-22,F01,Beef Burger,Fast Food,450
3502,2025-03-22,F02,French Fries,Fast Food,200
3502,2025-03-22,F03,Soda,Beverages,100
3502,2025-03-22,F15,Ice Cream,Dessert,250
3503,2025-01-03,F12,Naan Bread,Indian,80
3503,2025-01-03,F15,Ice Cream,Dessert,250
3503,2025-01-03,F10,Chicken Biryani,Indian,550
3504,2025-03-09,F12,Naan Bread,Indian,80
3504,2025-03-09,F06,Garlic Bread,Italian,250
3504,2025-03-09,F01,Beef Burger,Fast Food,450
3505,2025-05-30,F11,Raita,Indian,100
3505,2025-05-30,F02,French Fries,Fast Food,200
3505,2025-05-30,F15,Ice Cream,Dessert,250
3506,2025-03-05,F05,Margherita Pizza,Italian,900
3506,2025-03-05,F06,Garlic Bread,Italian,250
3507,2025-04-08,F05,Margherita Pizza,Italian,900
3507,2025-04-08,F06,Garlic Bread,Italian,250
3508,2025-04-13,F05,Margherita Pizza,Italian,900
3508,2025-04-13,F06,Garlic Bread,Italian,250
3508,2025-04-13,F03,Soda,Beverages,100
3509,2025-05-23,F11,Raita,Indian,100
3509,2025-05-23,F09,Green Tea,Beverages,100
3509,2025-05-23,F10,Chicken Biryani,Indian,550
3509,2025-05-23,F04,Chicken Wings,Fast Food,500
3509,2025-05-23,F15,Ice Cream,Dessert,250
3510,2025-03-10,F10,Chicken Biryani,Indian,550
3510,2025-03-10,F03,Soda,Beverages,100
3510,2025-03-10,F15,Ice Cream,Dessert,250
3510,2025-03-10,F14,Chocolate Cake,Dessert,300
3511,2025-04-21,F10,Chicken Biryani,Indian,550
3511,2025-04-21,F04,Chicken Wings,Fast Food,500
3512,2025-06-09,F12,Naan Bread,Indian,80
3512,2025-06-09,F08,Miso Soup,Japanese,150
3512,2025-06-09,F05,Margherita Pizza,Italian,900
3512,2025-06-09,F15,Ice Cream,Dessert,250
3513,2025-03-01,F01,Beef Burger,Fast Food,450
3513,2025-03-01,F14,Chocolate Cake,Dessert,300
3514,2025-03-18,F06,Garlic Bread,Italian,250
3514,2025-03-18,F09,Green Tea,Beverages,100
3515,2025-04-12,F07,California Roll Sushi,Japanese,700
3515,2025-04-12,F08,Miso Soup,Japanese,150
3516,2025-04-15,F05,Margherita Pizza,Italian,900
3516,2025-04-15,F06,Garlic Bread,Italian,250
3516,2025-04-15,F03,Soda,Beverages,100
3517,2025-02-17,F04,Chicken Wings,Fast Food,500
3517,2025-02-17,F05,Margherita Pizza,Italian,900
3518,2025-01-26,F07,California Roll Sushi,Japanese,700
3518,2025-01-26,F08,Miso Soup,Japanese,150
3519,2025-02-01,F04,Chicken Wings,Fast Food,500
3519,2025-02-01,F08,Miso Soup,Japanese,150
3519,2025-02-01,F05,Margherita Pizza,Italian,900
3519,2025-02-01,F01,Beef Burger,Fast Food,450
3520,2025-03-02,F07,California Roll Sushi,Japanese,700
3520,2025-03-02,F14,Chocolate Cake,Dessert,300
3521,2025-03-24,F14,Chocolate Cake,Dessert,300
3521,2025-03-24,F13,Chapati,Local,50
3521,2025-03-24,F07,California Roll Sushi,Japanese,700
3522,2025-01-28,F05,Margherita Pizza,Italian,900
3522,2025-01-28,F08,Miso Soup,Japanese,150
3522,2025-01-28,F07,California Roll Sushi,Japanese,700
3522,2025-01-28,F01,Beef Burger,Fast Food,450
3522,2025-01-28,F14,Chocolate Cake,Dessert,300
3523,2025-04-09,F01,Beef Burger,Fast Food,450
3523,2025-04-09,F07,California Roll Sushi,Japanese,700
3524,2025-02-24,F04,Chicken Wings,Fast Food,500
3524,2025-02-24,F02,French Fries,Fast Food,200
3524,2025-02-24,F03,Soda,Beverages,100
3525,2025-01-01,F02,French Fries,Fast Food,200
3526,2025-05-07,F01,Beef Burger,Fast Food,450
3526,2025-05-07,F02,French Fries,Fast Food,200
3526,2025-05-07,F03,Soda,Beverages,100
3527,2025-05-15,F07,California Roll Sushi,Japanese,700
3527,2025-05-15,F08,Miso Soup,Japanese,150
3527,2025-05-15,F09,Green Tea,Beverages,100
3528,2025-01-30,F05,Margherita Pizza,Italian,900
3528,2025-01-30,F15,Ice Cream,Dessert,250
3528,2025-01-30,F07,California Roll Sushi,Japanese,700
3529,2025-05-24,F04,Chicken Wings,Fast Food,500
3529,2025-05-24,F02,French Fries,Fast Food,200
3530,2025-05-16,F12,Naan Bread,Indian,80
3531,2025-04-12,F04,Chicken Wings,Fast Food,500
3531,2025-04-12,F02,French Fries,Fast Food,200
3531,2025-04-12,F03,Soda,Beverages,100
3532,2025-02-28,F05,Margherita Pizza,Italian,900
3532,2025-02-28,F06,Garlic Bread,Italian,250
3533,2025-04-03,F10,Chicken Biryani,Indian,550
3533,2025-04-03,F11,Raita,Indian,100
3533,2025-04-03,F12,Naan Bread,Indian,80
3534,2025-03-26,F07,California Roll Sushi,Japanese,700
3534,2025-03-26,F08,Miso Soup,Japanese,150
3534,2025-03-26,F09,Green Tea,Beverages,100
3535,2025-04-15,F15,Ice Cream,Dessert,250
3536,2025-05-01,F04,Chicken Wings,Fast Food,500
3536,2025-05-01,F02,French Fries,Fast Food,200
3536,2025-05-01,F03,Soda,Beverages,100
3537,2025-03-28,F06,Garlic Bread,Italian,250
3537,2025-03-28,F08,Miso Soup,Japanese,150
3538,2025-04-25,F15,Ice Cream,Dessert,250
3538,2025-04-25,F14,Chocolate Cake,Dessert,300
3538,2025-04-25,F03,Soda,Beverages,100
3538,2025-04-25,F11,Raita,Indian,100
3539,2025-03-06,F06,Garlic Bread,Italian,250
3540,2025-05-01,F06,Garlic Bread,Italian,250
3540,2025-05-01,F09,Green Tea,Beverages,100
3540,2025-05-01,F13,Chapati,Local,50
3541,2025-02-16,F10,Chicken Biryani,Indian,550
3541,2025-02-16,F11,Raita,Indian,100
3541,2025-02-16,F12,Naan Bread,Indian,80
3542,2025-04-09,F05,Margherita Pizza,Italian,900
3542,2025-04-09,F06,Garlic Bread,Italian,250
3542,2025-04-09,F13,Chapati,Local,50
3543,2025-04-10,F05,Margherita Pizza,Italian,900
3543,2025-04-10,F06,Garlic Bread,Italian,250
3543,2025-04-10,F03,Soda,Beverages,100
3544,2025-06-27,F07,California Roll Sushi,Japanese,700
3544,2025-06-27,F08,Miso Soup,Japanese,150
3544,2025-06-27,F09,Green Tea,Beverages,100
3545,2025-06-02,F05,Margherita Pizza,Italian,900
3545,2025-06-02,F06,Garlic Bread,Italian,250
3546,2025-01-12,F07,California Roll Sushi,Japanese,700
3546,2025-01-12,F08,Miso Soup,Japanese,150
3546,2025-01-12,F09,Green Tea,Beverages,100
3546,2025-01-12,F14,Chocolate Cake,Dessert,300
3547,2025-06-27,F05,Margherita Pizza,Italian,900
3547,2025-06-27,F06,Garlic Bread,Italian,250
3547,2025-06-27,F03,Soda,Beverages,100
3548,2025-06-18,F07,California Roll Sushi,Japanese,700
3548,2025-06-18,F14,Chocolate Cake,Dessert,300
3549,2025-03-29,F10,Chicken Biryani,Indian,550
3549,2025-03-29,F11,Raita,Indian,100
3549,2025-03-29,F12,Naan Bread,Indian,80
3550,2025-01-17,F04,Chicken Wings,Fast Food,500
3551,2025-01-02,F06,Garlic Bread,Italian,250
3551,2025-01-02,F15,Ice Cream,Dessert,250
3551,2025-01-02,F03,Soda,Beverages,100
3552,2025-02-23,F08,Miso Soup,Japanese,150
3552,2025-02-23,F10,Chicken Biryani,Indian,550
3552,2025-02-23,F15,Ice Cream,Dessert,250
3552,2025-02-23,F02,French Fries,Fast Food,200
3553,2025-04-29,F04,Chicken Wings,Fast Food,500
3553,2025-04-29,F02,French Fries,Fast Food,200
3553,2025-04-29,F03,Soda,Beverages,100
3554,2025-06-04,F03,Soda,Beverages,100
3554,2025-06-04,F04,Chicken Wings,Fast Food,500
3554,2025-06-04,F11,Raita,Indian,100
3554,2025-06-04,F14,Chocolate Cake,Dessert,300
3555,2025-06-15,F10,Chicken Biryani,Indian,550
3555,2025-06-15,F11,Raita,Indian,100
3555,2025-06-15,F12,Naan Bread,Indian,80
3555,2025-06-15,F14,Chocolate Cake,Dessert,300
3556,2025-04-20,F06,Garlic Bread,Italian,250
3556,2025-04-20,F15,Ice Cream,Dessert,250
3556,2025-04-20,F10,Chicken Biryani,Indian,550
3556,2025-04-20,F11,Raita,Indian,100
3557,2025-05-07,F05,Margherita Pizza,Italian,900
3557,2025-05-07,F06,Garlic Bread,Italian,250
3558,2025-03-02,F12,Naan Bread,Indian,80
3559,2025-05-12,F12,Naan Bread,Indian,80
3559,2025-05-12,F14,Chocolate Cake,Dessert,300
3560,2025-01-13,F14,Chocolate Cake,Dessert,300
3561,2025-04-02,F05,Margherita Pizza,Italian,900
3562,2025-01-06,F14,Chocolate Cake,Dessert,300
3563,2025-03-04,F06,Garlic Bread,Italian,250
3563,2025-03-04,F08,Miso Soup,Japanese,150
3563,2025-03-04,F09,Green Tea,Beverages,100
3564,2025-03-22,F01,Beef Burger,Fast Food,450
3564,2025-03-22,F15,Ice Cream,Dessert,250
3564,2025-03-22,F04,Chicken Wings,Fast Food,500
3564,2025-03-22,F14,Chocolate Cake,Dessert,300
3565,2025-01-12,F01,Beef Burger,Fast Food,450
3565,2025-01-12,F15,Ice Cream,Dessert,250
3565,2025-01-12,F06,Garlic Bread,Italian,250
3566,2025-03-22,F05,Margherita Pizza,Italian,900
3566,2025-03-22,F06,Garlic Bread,Italian,250
3567,2025-06-08,F10,Chicken Biryani,Indian,550
3567,2025-06-08,F11,Raita,Indian,100
3567,2025-06-08,F12,Naan Bread,Indian,80
3567,2025-06-08,F15,Ice Cream,Dessert,250
3568,2025-04-17,F01,Beef Burger,Fast Food,450
3568,2025-04-17,F02,French Fries,Fast Food,200
3568,2025-04-17,F15,Ice Cream,Dessert,250
3569,2025-05-02,F07,California Roll Sushi,Japanese,700
3569,2025-05-02,F08,Miso Soup,Japanese,150
3569,2025-05-02,F09,Green Tea,Beverages,100
3569,2025-05-02,F15,Ice Cream,Dessert,250
3570,2025-05-17,F03,Soda,Beverages,100
3570,2025-05-17,F05,Margherita Pizza,Italian,900
3570,2025-05-17,F04,Chicken Wings,Fast Food,500
3570,2025-05-17,F10,Chicken Biryani,Indian,550
3571,2025-03-04,F06,Garlic Bread,Italian,250
3571,2025-03-04,F10,Chicken Biryani,Indian,550
3571,2025-03-04,F09,Green Tea,Beverages,100
3571,2025-03-04,F03,Soda,Beverages,100
3571,2025-03-04,F14,Chocolate Cake,Dessert,300
3572,2025-02-22,F08,Miso Soup,Japanese,150
3572,2025-02-22,F13,Chapati,Local,50
3572,2025-02-22,F14,Chocolate Cake,Dessert,300
3572,2025-02-22,F11,Raita,Indian,100
3573,2025-02-02,F15,Ice Cream,Dessert,250
3573,2025-02-02,F11,Raita,Indian,100
3573,2025-02-02,F04,Chicken Wings,Fast Food,500
3573,2025-02-02,F02,French Fries,Fast Food,200
3574,2025-03-09,F15,Ice Cream,Dessert,250
3574,2025-03-09,F13,Chapati,Local,50
3574,2025-03-09,F08,Miso Soup,Japanese,150
3574,2025-03-09,F02,French Fries,Fast Food,200
3575,2025-05-28,F12,Naan Bread,Indian,80
3575,2025-05-28,F14,Chocolate Cake,Dessert,300
3575,2025-05-28,F04,Chicken Wings,Fast Food,500
3575,2025-05-28,F06,Garlic Bread,Italian,250
3576,2025-04-16,F11,Raita,Indian,100
3577,2025-02-01,F07,California Roll Sushi,Japanese,700
3577,2025-02-01,F08,Miso Soup,Japanese,150
3578,2025-06-28,F15,Ice Cream,Dessert,250
3579,2025-02-15,F12,Naan Bread,Indian,80
3579,2025-02-15,F04,Chicken Wings,Fast Food,500
3579,2025-02-15,F15,Ice Cream,Dessert,250
3580,2025-01-31,F04,Chicken Wings,Fast Food,500
3580,2025-01-31,F02,French Fries,Fast Food,200
3581,2025-02-19,F10,Chicken Biryani,Indian,550
3581,2025-02-19,F11,Raita,Indian,100
3581,2025-02-19,F12,Naan Bread,Indian,80
3582,2025-04-22,F01,Beef Burger,Fast Food,450
3582,2025-04-22,F02,French Fries,Fast Food,200
3582,2025-04-22,F03,Soda,Beverages,100
3583,2025-02-19,F13,Chapati,Local,50
3583,2025-02-19,F12,Naan Bread,Indian,80
3583,2025-02-19,F03,Soda,Beverages,100
3583,2025-02-19,F05,Margherita Pizza,Italian,900
3584,2025-03-16,F15,Ice Cream,Dessert,250
3584,2025-03-16,F11,Raita,Indian,100
3584,2025-03-16,F12,Naan Bread,Indian,80
3585,2025-02-25,F07,California Roll Sushi,Japanese,700
3585,2025-02-25,F08,Miso Soup,Japanese,150
3585,2025-02-25,F09,Green Tea,Beverages,100
3586,2025-06-29,F12,Naan Bread,Indian,80
3586,2025-06-29,F14,Chocolate Cake,Dessert,300
3587,2025-02-24,F10,Chicken Biryani,Indian,550
3587,2025-02-24,F11,Raita,Indian,100
3587,2025-02-24,F12,Naan Bread,Indian,80
3588,2025-05-27,F15,Ice Cream,Dessert,250
3588,2025-05-27,F07,California Roll Sushi,Japanese,700
3588,2025-05-27,F08,Miso Soup,Japanese,150
3588,2025-05-27,F14,Chocolate Cake,Dessert,300
3589,2025-02-07,F02,French Fries,Fast Food,200
3589,2025-02-07,F05,Margherita Pizza,Italian,900
3590,2025-04-21,F14,Chocolate Cake,Dessert,300
3590,2025-04-21,F15,Ice Cream,Dessert,250
3590,2025-04-21,F01,Beef Burger,Fast Food,450
3590,2025-04-21,F04,Chicken Wings,Fast Food,500
3591,2025-01-29,F03,Soda,Beverages,100
3591,2025-01-29,F10,Chicken Biryani,Indian,550
3591,2025-01-29,F06,Garlic Bread,Italian,250
3592,2025-03-28,F03,Soda,Beverages,100
3592,2025-03-28,F04,Chicken Wings,Fast Food,500
3592,2025-03-28,F11,Raita,Indian,100
3593,2025-01-29,F08,Miso Soup,Japanese,150
3593,2025-01-29,F01,Beef Burger,Fast Food,450
3593,2025-01-29,F15,Ice Cream,Dessert,250
3594,2025-06-04,F05,Margherita Pizza,Italian,900
3594,2025-06-04,F06,Garlic Bread,Italian,250
3595,2025-03-09,F11,Raita,Indian,100
3596,2025-05-06,F05,Margherita Pizza,Italian,900
3596,2025-05-06,F06,Garlic Bread,Italian,250
3596,2025-05-06,F03,Soda,Beverages,100
3597,2025-05-04,F10,Chicken Biryani,Indian,550
3597,2025-05-04,F11,Raita,Indian,100
3597,2025-05-04,F12,Naan Bread,Indian,80
3598,2025-04-12,F04,Chicken Wings,Fast Food,500
3598,2025-04-12,F02,French Fries,Fast Food,200
3599,2025-06-06,F10,Chicken Biryani,Indian,550
3599,2025-06-06,F14,Chocolate Cake,Dessert,300
3600,2025-02-12,F04,Chicken Wings,Fast Food,500
3600,2025-02-12,F02,French Fries,Fast Food,200
3601,2025-04-19,F07,California Roll Sushi,Japanese,700
3601,2025-04-19,F08,Miso Soup,Japanese,150
3601,2025-04-19,F09,Green Tea,Beverages,100
3601,2025-04-19,F14,Chocolate Cake,Dessert,300
3602,2025-04-22,F07,California Roll Sushi,Japanese,700
3602,2025-04-22,F08,Miso Soup,Japanese,150
3603,2025-04-22,F01,Beef Burger,Fast Food,450
3603,2025-04-22,F02,French Fries,Fast Food,200
3603,2025-04-22,F03,Soda,Beverages,100
3603,2025-04-22,F14,Chocolate Cake,Dessert,300
3604,2025-04-16,F04,Chicken Wings,Fast Food,500
3604,2025-04-16,F15,Ice Cream,Dessert,250
3604,2025-04-16,F12,Naan Bread,Indian,80
3604,2025-04-16,F01,Beef Burger,Fast Food,450
3605,2025-05-06,F10,Chicken Biryani,Indian,550
3605,2025-05-06,F11,Raita,Indian,100
3605,2025-05-06,F12,Naan Bread,Indian,80
3605,2025-05-06,F03,Soda,Beverages,100
3606,2025-03-11,F04,Chicken Wings,Fast Food,500
3606,2025-03-11,F02,French Fries,Fast Food,200
3607,2025-03-10,F05,Margherita Pizza,Italian,900
3607,2025-03-10,F06,Garlic Bread,Italian,250
3608,2025-05-01,F12,Naan Bread,Indian,80
3608,2025-05-01,F14,Chocolate Cake,Dessert,300
3608,2025-05-01,F03,Soda,Beverages,100
3608,2025-05-01,F10,Chicken Biryani,Indian,550
3609,2025-04-24,F08,Miso Soup,Japanese,150
3609,2025-04-24,F07,California Roll Sushi,Japanese,700
3609,2025-04-24,F05,Margherita Pizza,Italian,900
3610,2025-06-12,F14,Chocolate Cake,Dessert,300
3611,2025-01-10,F04,Chicken Wings,Fast Food,500
3611,2025-01-10,F02,French Fries,Fast Food,200
3611,2025-01-10,F10,Chicken Biryani,Indian,550
3612,2025-01-19,F01,Beef Burger,Fast Food,450
3612,2025-01-19,F02,French Fries,Fast Food,200
3612,2025-01-19,F03,Soda,Beverages,100
3613,2025-01-12,F01,Beef Burger,Fast Food,450
3613,2025-01-12,F02,French Fries,Fast Food,200
3613,2025-01-12,F03,Soda,Beverages,100
3614,2025-04-14,F05,Margherita Pizza,Italian,900
3614,2025-04-14,F06,Garlic Bread,Italian,250
3615,2025-04-29,F01,Beef Burger,Fast Food,450
3615,2025-04-29,F15,Ice Cream,Dessert,250
3615,2025-04-29,F08,Miso Soup,Japanese,150
3615,2025-04-29,F04,Chicken Wings,Fast Food,500
3616,2025-01-14,F14,Chocolate Cake,Dessert,300
3616,2025-01-14,F03,Soda,Beverages,100
3616,2025-01-14,F07,California Roll Sushi,Japanese,700
3616,2025-01-14,F12,Naan Bread,Indian,80
3616,2025-01-14,F15,Ice Cream,Dessert,250
3617,2025-01-30,F02,French Fries,Fast Food,200
3617,2025-01-30,F04,Chicken Wings,Fast Food,500
3618,2025-01-10,F15,Ice Cream,Dessert,250
3618,2025-01-10,F10,Chicken Biryani,Indian,550
3619,2025-03-07,F13,Chapati,Local,50
3619,2025-03-07,F04,Chicken Wings,Fast Food,500
3619,2025-03-07,F14,Chocolate Cake,Dessert,300
3619,2025-03-07,F01,Beef Burger,Fast Food,450
3620,2025-05-10,F04,Chicken Wings,Fast Food,500
3620,2025-05-10,F02,French Fries,Fast Food,200
3620,2025-05-10,F14,Chocolate Cake,Dessert,300
3621,2025-05-05,F10,Chicken Biryani,Indian,550
3621,2025-05-05,F11,Raita,Indian,100
3621,2025-05-05,F12,Naan Bread,Indian,80
3622,2025-03-01,F01,Beef Burger,Fast Food,450
3622,2025-03-01,F02,French Fries,Fast Food,200
3622,2025-03-01,F03,Soda,Beverages,100
3623,2025-06-20,F10,Chicken Biryani,Indian,550
3623,2025-06-20,F04,Chicken Wings,Fast Food,500
3623,2025-06-20,F15,Ice Cream,Dessert,250
3623,2025-06-20,F03,Soda,Beverages,100
3624,2025-05-01,F15,Ice Cream,Dessert,250
3625,2025-01-11,F08,Miso Soup,Japanese,150
3626,2025-06-03,F08,Miso Soup,Japanese,150
3626,2025-06-03,F12,Naan Bread,Indian,80
3626,2025-06-03,F07,California Roll Sushi,Japanese,700
3627,2025-01-11,F11,Raita,Indian,100
3627,2025-01-11,F14,Chocolate Cake,Dessert,300
3628,2025-06-21,F05,Margherita Pizza,Italian,900
3628,2025-06-21,F10,Chicken Biryani,Indian,550
3628,2025-06-21,F14,Chocolate Cake,Dessert,300
3628,2025-06-21,F07,California Roll Sushi,Japanese,700
3629,2025-02-26,F07,California Roll Sushi,Japanese,700
3629,2025-02-26,F08,Miso Soup,Japanese,150
3629,2025-02-26,F09,Green Tea,Beverages,100
3630,2025-02-21,F01,Beef Burger,Fast Food,450
3630,2025-02-21,F15,Ice Cream,Dessert,250
3631,2025-06-20,F12,Naan Bread,Indian,80
3631,2025-06-20,F13,Chapati,Local,50
3631,2025-06-20,F09,Green Tea,Beverages,100
3632,2025-02-15,F14,Chocolate Cake,Dessert,300
3632,2025-02-15,F08,Miso Soup,Japanese,150
3633,2025-04-02,F15,Ice Cream,Dessert,250
3633,2025-04-02,F02,French Fries,Fast Food,200
3634,2025-03-18,F06,Garlic Bread,Italian,250
3634,2025-03-18,F15,Ice Cream,Dessert,250
3635,2025-04-17,F04,Chicken Wings,Fast Food,500
3635,2025-04-17,F02,French Fries,Fast Food,200
3636,2025-04-09,F05,Margherita Pizza,Italian,900
3636,2025-04-09,F11,Raita,Indian,100
3636,2025-04-09,F02,French Fries,Fast Food,200
3636,2025-04-09,F14,Chocolate Cake,Dessert,300
3637,2025-02-26,F09,Green Tea,Beverages,100
3638,2025-06-17,F04,Chicken Wings,Fast Food,500
3638,2025-06-17,F02,French Fries,Fast Food,200
3638,2025-06-17,F03,Soda,Beverages,100
3638,2025-06-17,F14,Chocolate Cake,Dessert,300
3639,2025-03-07,F01,Beef Burger,Fast Food,450
3639,2025-03-07,F02,French Fries,Fast Food,200
3639,2025-03-07,F14,Chocolate Cake,Dessert,300
3640,2025-05-14,F01,Beef Burger,Fast Food,450
3640,2025-05-14,F02,French Fries,Fast Food,200
3640,2025-05-14,F03,Soda,Beverages,100
3640,2025-05-14,F15,Ice Cream,Dessert,250
3641,2025-06-02,F07,California Roll Sushi,Japanese,700
3641,2025-06-02,F08,Miso Soup,Japanese,150
3642,2025-04-09,F07,California Roll Sushi,Japanese,700
3642,2025-04-09,F08,Miso Soup,Japanese,150
3642,2025-04-09,F09,Green Tea,Beverages,100
3643,2025-06-28,F01,Beef Burger,Fast Food,450
3643,2025-06-28,F02,French Fries,Fast Food,200
3643,2025-06-28,F03,Soda,Beverages,100
3643,2025-06-28,F15,Ice Cream,Dessert,250
3644,2025-06-23,F07,California Roll Sushi,Japanese,700
3645,2025-06-05,F05,Margherita Pizza,Italian,900
3645,2025-06-05,F06,Garlic Bread,Italian,250
3645,2025-06-05,F15,Ice Cream,Dessert,250
3646,2025-04-24,F08,Miso Soup,Japanese,150
3646,2025-04-24,F03,Soda,Beverages,100
3646,2025-04-24,F01,Beef Burger,Fast Food,450
3646,2025-04-24,F02,French Fries,Fast Food,200
3647,2025-03-13,F07,California Roll Sushi,Japanese,700
3647,2025-03-13,F08,Miso Soup,Japanese,150
3648,2025-01-09,F12,Naan Bread,Indian,80
3649,2025-05-25,F03,Soda,Beverages,100
3649,2025-05-25,F13,Chapati,Local,50
3649,2025-05-25,F14,Chocolate Cake,Dessert,300
3650,2025-01-23,F05,Margherita Pizza,Italian,900
3650,2025-01-23,F06,Garlic Bread,Italian,250
3651,2025-05-13,F04,Chicken Wings,Fast Food,500
3651,2025-05-13,F02,French Fries,Fast Food,200
3651,2025-05-13,F15,Ice Cream,Dessert,250
3652,2025-04-12,F04,Chicken Wings,Fast Food,500
3652,2025-04-12,F02,French Fries,Fast Food,200
3652,2025-04-12,F03,Soda,Beverages,100
3653,2025-01-22,F10,Chicken Biryani,Indian,550
3653,2025-01-22,F11,Raita,Indian,100
3653,2025-01-22,F12,Naan Bread,Indian,80
3654,2025-05-11,F03,Soda,Beverages,100
3655,2025-03-09,F10,Chicken Biryani,Indian,550
3655,2025-03-09,F11,Raita,Indian,100
3655,2025-03-09,F12,Naan Bread,Indian,80
3655,2025-03-09,F15,Ice Cream,Dessert,250
3656,2025-04-04,F11,Raita,Indian,100
3656,2025-04-04,F15,Ice Cream,Dessert,250
3656,2025-04-04,F07,California Roll Sushi,Japanese,700
3656,2025-04-04,F06,Garlic Bread,Italian,250
3657,2025-06-04,F05,Margherita Pizza,Italian,900
3657,2025-06-04,F06,Garlic Bread,Italian,250
3658,2025-04-08,F07,California Roll Sushi,Japanese,700
3658,2025-04-08,F08,Miso Soup,Japanese,150
3659,2025-02-14,F04,Chicken Wings,Fast Food,500
3659,2025-02-14,F02,French Fries,Fast Food,200
3660,2025-06-21,F07,California Roll Sushi,Japanese,700
3660,2025-06-21,F08,Miso Soup,Japanese,150
3660,2025-06-21,F04,Chicken Wings,Fast Food,500
3661,2025-01-30,F06,Garlic Bread,Italian,250
3661,2025-01-30,F01,Beef Burger,Fast Food,450
3661,2025-01-30,F07,California Roll Sushi,Japanese,700
3662,2025-04-28,F05,Margherita Pizza,Italian,900
3663,2025-02-20,F01,Beef Burger,Fast Food,450
3664,2025-05-02,F04,Chicken Wings,Fast Food,500
3664,2025-05-02,F02,French Fries,Fast Food,200
3664,2025-05-02,F15,Ice Cream,Dessert,250
3665,2025-05-02,F07,California Roll Sushi,Japanese,700
3665,2025-05-02,F08,Miso Soup,Japanese,150
3665,2025-05-02,F09,Green Tea,Beverages,100
3666,2025-06-09,F12,Naan Bread,Indian,80
3667,2025-01-09,F07,California Roll Sushi,Japanese,700
3667,2025-01-09,F14,Chocolate Cake,Dessert,300
3668,2025-05-26,F11,Raita,Indian,100
3668,2025-05-26,F12,Naan Bread,Indian,80
3669,2025-06-29,F01,Beef Burger,Fast Food,450
3669,2025-06-29,F02,French Fries,Fast Food,200
3670,2025-01-11,F07,California Roll Sushi,Japanese,700
3670,2025-01-11,F08,Miso Soup,Japanese,150
3671,2025-04-02,F07,California Roll Sushi,Japanese,700
3671,2025-04-02,F08,Miso Soup,Japanese,150
3671,2025-04-02,F09,Green Tea,Beverages,100
3672,2025-04-29,F10,Chicken Biryani,Indian,550
3672,2025-04-29,F04,Chicken Wings,Fast Food,500
3672,2025-04-29,F13,Chapati,Local,50
3672,2025-04-29,F01,Beef Burger,Fast Food,450
3673,2025-02-11,F04,Chicken Wings,Fast Food,500
3673,2025-02-11,F02,French Fries,Fast Food,200
3673,2025-02-11,F03,Soda,Beverages,100
3674,2025-04-08,F03,Soda,Beverages,100
3675,2025-04-20,F05,Margherita Pizza,Italian,900
3675,2025-04-20,F06,Garlic Bread,Italian,250
3675,2025-04-20,F03,Soda,Beverages,100
3676,2025-01-28,F08,Miso Soup,Japanese,150
3676,2025-01-28,F01,Beef Burger,Fast Food,450
3676,2025-01-28,F12,Naan Bread,Indian,80
3676,2025-01-28,F11,Raita,Indian,100
3676,2025-01-28,F15,Ice Cream,Dessert,250
3677,2025-05-01,F03,Soda,Beverages,100
3677,2025-05-01,F01,Beef Burger,Fast Food,450
3677,2025-05-01,F10,Chicken Biryani,Indian,550
3677,2025-05-01,F13,Chapati,Local,50
3677,2025-05-01,F15,Ice Cream,Dessert,250
3678,2025-05-12,F01,Beef Burger,Fast Food,450
3678,2025-05-12,F02,French Fries,Fast Food,200
3678,2025-05-12,F03,Soda,Beverages,100
3678,2025-05-12,F04,Chicken Wings,Fast Food,500
3679,2025-05-15,F07,California Roll Sushi,Japanese,700
3679,2025-05-15,F08,Miso Soup,Japanese,150
3680,2025-06-25,F09,Green Tea,Beverages,100
3681,2025-04-24,F11,Raita,Indian,100
3681,2025-04-24,F12,Naan Bread,Indian,80
3681,2025-04-24,F09,Green Tea,Beverages,100
3682,2025-04-15,F10,Chicken Biryani,Indian,550
3682,2025-04-15,F11,Raita,Indian,100
3682,2025-04-15,F12,Naan Bread,Indian,80
3683,2025-05-14,F07,California Roll Sushi,Japanese,700
3683,2025-05-14,F08,Miso Soup,Japanese,150
3684,2025-03-22,F08,Miso Soup,Japanese,150
3684,2025-03-22,F10,Chicken Biryani,Indian,550
3685,2025-03-27,F09,Green Tea,Beverages,100
3686,2025-03-29,F10,Chicken Biryani,Indian,550
3686,2025-03-29,F11,Raita,Indian,100
3686,2025-03-29,F12,Naan Bread,Indian,80
3687,2025-03-12,F04,Chicken Wings,Fast Food,500
3687,2025-03-12,F02,French Fries,Fast Food,200
3688,2025-05-22,F04,Chicken Wings,Fast Food,500
3688,2025-05-22,F02,French Fries,Fast Food,200
3689,2025-04-28,F05,Margherita Pizza,Italian,900
3689,2025-04-28,F06,Garlic Bread,Italian,250
3689,2025-04-28,F03,Soda,Beverages,100
3690,2025-01-03,F05,Margherita Pizza,Italian,900
3690,2025-01-03,F06,Garlic Bread,Italian,250
3691,2025-04-26,F14,Chocolate Cake,Dessert,300
3691,2025-04-26,F06,Garlic Bread,Italian,250
3691,2025-04-26,F08,Miso Soup,Japanese,150
3691,2025-04-26,F15,Ice Cream,Dessert,250
3692,2025-05-28,F15,Ice Cream,Dessert,250
3692,2025-05-28,F10,Chicken Biryani,Indian,550
3692,2025-05-28,F08,Miso Soup,Japanese,150
3692,2025-05-28,F06,Garlic Bread,Italian,250
3693,2025-03-06,F11,Raita,Indian,100
3693,2025-03-06,F15,Ice Cream,Dessert,250
3693,2025-03-06,F13,Chapati,Local,50
3693,2025-03-06,F12,Naan Bread,Indian,80
3694,2025-01-14,F10,Chicken Biryani,Indian,550
3694,2025-01-14,F06,Garlic Bread,Italian,250
3695,2025-01-27,F07,California Roll Sushi,Japanese,700
3695,2025-01-27,F14,Chocolate Cake,Dessert,300
3696,2025-01-16,F13,Chapati,Local,50
3696,2025-01-16,F08,Miso Soup,Japanese,150
3696,2025-01-16,F01,Beef Burger,Fast Food,450
3696,2025-01-16,F11,Raita,Indian,100
3697,2025-03-14,F11,Raita,Indian,100
3697,2025-03-14,F04,Chicken Wings,Fast Food,500
3698,2025-02-19,F04,Chicken Wings,Fast Food,500
3698,2025-02-19,F09,Green Tea,Beverages,100
3698,2025-02-19,F15,Ice Cream,Dessert,250
3699,2025-01-12,F12,Naan Bread,Indian,80
3699,2025-01-12,F09,Green Tea,Beverages,100
3699,2025-01-12,F11,Raita,Indian,100
3700,2025-05-25,F01,Beef Burger,Fast Food,450
3700,2025-05-25,F02,French Fries,Fast Food,200
3700,2025-05-25,F03,Soda,Beverages,100
3701,2025-01-16,F07,California Roll Sushi,Japanese,700
3701,2025-01-16,F08,Miso Soup,Japanese,150
3702,2025-05-28,F02,French Fries,Fast Food,200
3702,2025-05-28,F05,Margherita Pizza,Italian,900
3702,2025-05-28,F11,Raita,Indian,100
3703,2025-06-12,F07,California Roll Sushi,Japanese,700
3703,2025-06-12,F08,Miso Soup,Japanese,150
3703,2025-06-12,F09,Green Tea,Beverages,100
3704,2025-05-26,F08,Miso Soup,Japanese,150
3704,2025-05-26,F15,Ice Cream,Dessert,250
3704,2025-05-26,F11,Raita,Indian,100
3704,2025-05-26,F06,Garlic Bread,Italian,250
3705,2025-02-18,F07,California Roll Sushi,Japanese,700
3705,2025-02-18,F06,Garlic Bread,Italian,250
3705,2025-02-18,F12,Naan Bread,Indian,80
3705,2025-02-18,F14,Chocolate Cake,Dessert,300
3706,2025-06-17,F05,Margherita Pizza,Italian,900
3706,2025-06-17,F15,Ice Cream,Dessert,250
3706,2025-06-17,F07,California Roll Sushi,Japanese,700
3707,2025-03-19,F10,Chicken Biryani,Indian,550
3707,2025-03-19,F11,Raita,Indian,100
3707,2025-03-19,F12,Naan Bread,Indian,80
3708,2025-03-08,F01,Beef Burger,Fast Food,450
3708,2025-03-08,F13,Chapati,Local,50
3708,2025-03-08,F02,French Fries,Fast Food,200
3708,2025-03-08,F11,Raita,Indian,100
3709,2025-05-17,F08,Miso Soup,Japanese,150
3709,2025-05-17,F04,Chicken Wings,Fast Food,500
3710,2025-05-24,F06,Garlic Bread,Italian,250
3710,2025-05-24,F03,Soda,Beverages,100
3710,2025-05-24,F14,Chocolate Cake,Dessert,300
3711,2025-04-04,F04,Chicken Wings,Fast Food,500
3711,2025-04-04,F15,Ice Cream,Dessert,250
3711,2025-04-04,F13,Chapati,Local,50
3711,2025-04-04,F05,Margherita Pizza,Italian,900
3712,2025-02-04,F08,Miso Soup,Japanese,150
3713,2025-06-12,F02,French Fries,Fast Food,200
3713,2025-06-12,F15,Ice Cream,Dessert,250
3714,2025-06-08,F07,California Roll Sushi,Japanese,700
3714,2025-06-08,F10,Chicken Biryani,Indian,550
3714,2025-06-08,F06,Garlic Bread,Italian,250
3715,2025-05-19,F07,California Roll Sushi,Japanese,700
3715,2025-05-19,F08,Miso Soup,Japanese,150
3715,2025-05-19,F09,Green Tea,Beverages,100
3716,2025-04-03,F10,Chicken Biryani,Indian,550
3716,2025-04-03,F11,Raita,Indian,100
3716,2025-04-03,F12,Naan Bread,Indian,80
3717,2025-04-23,F10,Chicken Biryani,Indian,550
3717,2025-04-23,F04,Chicken Wings,Fast Food,500
3717,2025-04-23,F05,Margherita Pizza,Italian,900
3717,2025-04-23,F06,Garlic Bread,Italian,250
3718,2025-01-13,F07,California Roll Sushi,Japanese,700
3718,2025-01-13,F08,Miso Soup,Japanese,150
3718,2025-01-13,F09,Green Tea,Beverages,100
3719,2025-04-23,F15,Ice Cream,Dessert,250
3720,2025-04-23,F04,Chicken Wings,Fast Food,500
3720,2025-04-23,F02,French Fries,Fast Food,200
3720,2025-04-23,F03,Soda,Beverages,100
3721,2025-03-21,F13,Chapati,Local,50
3721,2025-03-21,F14,Chocolate Cake,Dessert,300
3721,2025-03-21,F03,Soda,Beverages,100
3721,2025-03-21,F02,French Fries,Fast Food,200
3722,2025-01-14,F07,California Roll Sushi,Japanese,700
3722,2025-01-14,F08,Miso Soup,Japanese,150
3722,2025-01-14,F09,Green Tea,Beverages,100
3723,2025-01-12,F09,Green Tea,Beverages,100
3723,2025-01-12,F05,Margherita Pizza,Italian,900
3724,2025-01-14,F09,Green Tea,Beverages,100
3724,2025-01-14,F05,Margherita Pizza,Italian,900
3725,2025-04-21,F12,Naan Bread,Indian,80
3726,2025-02-07,F01,Beef Burger,Fast Food,450
3726,2025-02-07,F02,French Fries,Fast Food,200
3726,2025-02-07,F03,Soda,Beverages,100
3726,2025-02-07,F15,Ice Cream,Dessert,250
3727,2025-01-22,F10,Chicken Biryani,Indian,550
3727,2025-01-22,F11,Raita,Indian,100
3727,2025-01-22,F12,Naan Bread,Indian,80
3728,2025-06-18,F07,California Roll Sushi,Japanese,700
3728,2025-06-18,F08,Miso Soup,Japanese,150
3729,2025-02-28,F01,Beef Burger,Fast Food,450
3729,2025-02-28,F02,French Fries,Fast Food,200
3730,2025-01-08,F10,Chicken Biryani,Indian,550
3730,2025-01-08,F11,Raita,Indian,100
3730,2025-01-08,F12,Naan Bread,Indian,80
3730,2025-01-08,F14,Chocolate Cake,Dessert,300
3731,2025-05-14,F05,Margherita Pizza,Italian,900
3732,2025-05-12,F15,Ice Cream,Dessert,250
3732,2025-05-12,F02,French Fries,Fast Food,200
3733,2025-06-10,F07,California Roll Sushi,Japanese,700
3733,2025-06-10,F03,Soda,Beverages,100
3733,2025-06-10,F08,Miso Soup,Japanese,150
3733,2025-06-10,F14,Chocolate Cake,Dessert,300
3734,2025-03-15,F08,Miso Soup,Japanese,150
3734,2025-03-15,F02,French Fries,Fast Food,200
3734,2025-03-15,F04,Chicken Wings,Fast Food,500
3734,2025-03-15,F07,California Roll Sushi,Japanese,700
3734,2025-03-15,F14,Chocolate Cake,Dessert,300
3735,2025-06-30,F11,Raita,Indian,100
3736,2025-04-29,F03,Soda,Beverages,100
3736,2025-04-29,F12,Naan Bread,Indian,80
3736,2025-04-29,F05,Margherita Pizza,Italian,900
3736,2025-04-29,F06,Garlic Bread,Italian,250
3737,2025-02-01,F10,Chicken Biryani,Indian,550
3737,2025-02-01,F11,Raita,Indian,100
3737,2025-02-01,F12,Naan Bread,Indian,80
3738,2025-04-20,F11,Raita,Indian,100
3738,2025-04-20,F14,Chocolate Cake,Dessert,300
3739,2025-06-13,F05,Margherita Pizza,Italian,900
3739,2025-06-13,F06,Garlic Bread,Italian,250
3739,2025-06-13,F03,Soda,Beverages,100
3740,2025-06-13,F10,Chicken Biryani,Indian,550
3741,2025-03-27,F05,Margherita Pizza,Italian,900
3741,2025-03-27,F06,Garlic Bread,Italian,250
3741,2025-03-27,F14,Chocolate Cake,Dessert,300
3742,2025-04-10,F07,California Roll Sushi,Japanese,700
3742,2025-04-10,F09,Green Tea,Beverages,100
3743,2025-04-22,F10,Chicken Biryani,Indian,550
3743,2025-04-22,F11,Raita,Indian,100
3743,2025-04-22,F12,Naan Bread,Indian,80
3744,2025-06-29,F01,Beef Burger,Fast Food,450
3744,2025-06-29,F02,French Fries,Fast Food,200
3745,2025-06-29,F05,Margherita Pizza,Italian,900
3746,2025-02-20,F01,Beef Burger,Fast Food,450
3746,2025-02-20,F02,French Fries,Fast Food,200
3746,2025-02-20,F03,Soda,Beverages,100
3747,2025-03-04,F12,Naan Bread,Indian,80
3747,2025-03-04,F13,Chapati,Local,50
3747,2025-03-04,F05,Margherita Pizza,Italian,900
3747,2025-03-04,F03,Soda,Beverages,100
3748,2025-04-06,F15,Ice Cream,Dessert,250
3749,2025-03-07,F10,Chicken Biryani,Indian,550
3750,2025-01-16,F12,Naan Bread,Indian,80
3750,2025-01-16,F02,French Fries,Fast Food,200
3751,2025-03-06,F05,Margherita Pizza,Italian,900
3751,2025-03-06,F06,Garlic Bread,Italian,250
3752,2025-06-07,F06,Garlic Bread,Italian,250
3753,2025-03-13,F05,Margherita Pizza,Italian,900
3753,2025-03-13,F06,Garlic Bread,Italian,250
3753,2025-03-13,F15,Ice Cream,Dessert,250
3754,2025-01-09,F07,California Roll Sushi,Japanese,700
3754,2025-01-09,F08,Miso Soup,Japanese,150
3755,2025-06-11,F15,Ice Cream,Dessert,250
3756,2025-05-28,F10,Chicken Biryani,Indian,550
3756,2025-05-28,F11,Raita,Indian,100
3756,2025-05-28,F12,Naan Bread,Indian,80
3756,2025-05-28,F14,Chocolate Cake,Dessert,300
3757,2025-03-09,F07,California Roll Sushi,Japanese,700
3757,2025-03-09,F08,Miso Soup,Japanese,150
3757,2025-03-09,F09,Green Tea,Beverages,100
3757,2025-03-09,F06,Garlic Bread,Italian,250
3758,2025-02-05,F09,Green Tea,Beverages,100
3759,2025-05-09,F04,Chicken Wings,Fast Food,500
3759,2025-05-09,F02,French Fries,Fast Food,200
3760,2025-01-12,F07,California Roll Sushi,Japanese,700
3760,2025-01-12,F08,Miso Soup,Japanese,150
3760,2025-01-12,F09,Green Tea,Beverages,100
3760,2025-01-12,F12,Naan Bread,Indian,80
3760,2025-01-12,F14,Chocolate Cake,Dessert,300
3761,2025-05-10,F06,Garlic Bread,Italian,250
3761,2025-05-10,F12,Naan Bread,Indian,80
3761,2025-05-10,F08,Miso Soup,Japanese,150
3762,2025-01-16,F04,Chicken Wings,Fast Food,500
3762,2025-01-16,F02,French Fries,Fast Food,200
3763,2025-04-28,F03,Soda,Beverages,100
3763,2025-04-28,F13,Chapati,Local,50
3763,2025-04-28,F15,Ice Cream,Dessert,250
3764,2025-05-22,F04,Chicken Wings,Fast Food,500
3764,2025-05-22,F02,French Fries,Fast Food,200
3764,2025-05-22,F03,Soda,Beverages,100
3764,2025-05-22,F15,Ice Cream,Dessert,250
3765,2025-06-19,F09,Green Tea,Beverages,100
3765,2025-06-19,F13,Chapati,Local,50
3765,2025-06-19,F08,Miso Soup,Japanese,150
3766,2025-06-27,F07,California Roll Sushi,Japanese,700
3766,2025-06-27,F08,Miso Soup,Japanese,150
3767,2025-06-02,F01,Beef Burger,Fast Food,450
3767,2025-06-02,F02,French Fries,Fast Food,200
3767,2025-06-02,F03,Soda,Beverages,100
3767,2025-06-02,F14,Chocolate Cake,Dessert,300
3768,2025-05-24,F03,Soda,Beverages,100
3768,2025-05-24,F08,Miso Soup,Japanese,150
3768,2025-05-24,F10,Chicken Biryani,Indian,550
3768,2025-05-24,F04,Chicken Wings,Fast Food,500
3769,2025-04-25,F05,Margherita Pizza,Italian,900
3769,2025-04-25,F06,Garlic Bread,Italian,250
3769,2025-04-25,F03,Soda,Beverages,100
3770,2025-02-25,F10,Chicken Biryani,Indian,550
3770,2025-02-25,F11,Raita,Indian,100
3770,2025-02-25,F12,Naan Bread,Indian,80
3771,2025-02-07,F13,Chapati,Local,50
3772,2025-01-20,F01,Beef Burger,Fast Food,450
3772,2025-01-20,F02,French Fries,Fast Food,200
3773,2025-01-18,F04,Chicken Wings,Fast Food,500
3773,2025-01-18,F02,French Fries,Fast Food,200
3773,2025-01-18,F03,Soda,Beverages,100
3774,2025-06-29,F04,Chicken Wings,Fast Food,500
3774,2025-06-29,F02,French Fries,Fast Food,200
3775,2025-02-05,F04,Chicken Wings,Fast Food,500
3775,2025-02-05,F02,French Fries,Fast Food,200
3775,2025-02-05,F03,Soda,Beverages,100
3776,2025-03-20,F07,California Roll Sushi,Japanese,700
3776,2025-03-20,F08,Miso Soup,Japanese,150
3776,2025-03-20,F09,Green Tea,Beverages,100
3777,2025-03-22,F10,Chicken Biryani,Indian,550
3777,2025-03-22,F08,Miso Soup,Japanese,150
3777,2025-03-22,F14,Chocolate Cake,Dessert,300
3777,2025-03-22,F04,Chicken Wings,Fast Food,500
3778,2025-05-25,F08,Miso Soup,Japanese,150
3778,2025-05-25,F02,French Fries,Fast Food,200
3779,2025-05-27,F06,Garlic Bread,Italian,250
3779,2025-05-27,F07,California Roll Sushi,Japanese,700
3779,2025-05-27,F03,Soda,Beverages,100
3780,2025-06-16,F05,Margherita Pizza,Italian,900
3780,2025-06-16,F06,Garlic Bread,Italian,250
3781,2025-03-19,F04,Chicken Wings,Fast Food,500
3781,2025-03-19,F02,French Fries,Fast Food,200
3781,2025-03-19,F03,Soda,Beverages,100
3782,2025-01-31,F10,Chicken Biryani,Indian,550
3782,2025-01-31,F11,Raita,Indian,100
3782,2025-01-31,F12,Naan Bread,Indian,80
3783,2025-02-04,F04,Chicken Wings,Fast Food,500
3783,2025-02-04,F02,French Fries,Fast Food,200
3784,2025-05-22,F08,Miso Soup,Japanese,150
3785,2025-03-20,F10,Chicken Biryani,Indian,550
3786,2025-04-04,F01,Beef Burger,Fast Food,450
3787,2025-06-01,F11,Raita,Indian,100
3787,2025-06-01,F06,Garlic Bread,Italian,250
3788,2025-04-21,F04,Chicken Wings,Fast Food,500
3788,2025-04-21,F02,French Fries,Fast Food,200
3789,2025-06-28,F01,Beef Burger,Fast Food,450
3789,2025-06-28,F02,French Fries,Fast Food,200
3789,2025-06-28,F03,Soda,Beverages,100
3790,2025-04-15,F13,Chapati,Local,50
3790,2025-04-15,F15,Ice Cream,Dessert,250
3791,2025-04-15,F05,Margherita Pizza,Italian,900
3791,2025-04-15,F06,Garlic Bread,Italian,250
3791,2025-04-15,F03,Soda,Beverages,100
3792,2025-03-15,F11,Raita,Indian,100
3792,2025-03-15,F04,Chicken Wings,Fast Food,500
3793,2025-02-23,F10,Chicken Biryani,Indian,550
3793,2025-02-23,F11,Raita,Indian,100
3793,2025-02-23,F12,Naan Bread,Indian,80
3794,2025-02-21,F10,Chicken Biryani,Indian,550
3794,2025-02-21,F02,French Fries,Fast Food,200
3794,2025-02-21,F11,Raita,Indian,100
3794,2025-02-21,F03,Soda,Beverages,100
3795,2025-01-22,F01,Beef Burger,Fast Food,450
3795,2025-01-22,F02,French Fries,Fast Food,200
3795,2025-01-22,F14,Chocolate Cake,Dessert,300
3796,2025-05-03,F01,Beef Burger,Fast Food,450
3796,2025-05-03,F02,French Fries,Fast Food,200
3796,2025-05-03,F15,Ice Cream,Dessert,250
3797,2025-01-06,F13,Chapati,Local,50
3798,2025-05-14,F11,Raita,Indian,100
3799,2025-02-12,F06,Garlic Bread,Italian,250
3799,2025-02-12,F09,Green Tea,Beverages,100
3799,2025-02-12,F10,Chicken Biryani,Indian,550
3799,2025-02-12,F03,Soda,Beverages,100
3800,2025-03-26,F10,Chicken Biryani,Indian,550
3800,2025-03-26,F11,Raita,Indian,100
3800,2025-03-26,F12,Naan Bread,Indian,80
